cookie_id,score
ck_315fb710a0e371e7,0.04668291800833365
ck_a76ee3b3e3e522fd,0.8889786747483829
ck_94c9a4d382689e82,0.7164385472023018
ck_8eaf9509ad9462a0,0.09693071424701091
ck_9a88a5a989cb5bc6,0.3570309535774731
ck_15239ef0689c1a35,0.5612814749724272
ck_8de69cd219d3b87f,0.9130841292728878
ck_f92cd37022b0ce21,0.49786058694323215
ck_1a3ff7620580a514,0.45830742342510855
ck_397c03aa33a57310,0.9149854071924698
ck_a7cf6c3b322f6b7a,0.35278705267167665
ck_c39a9e75760e3201,0.1367215335860108
ck_88ab6d245228c38e,0.013546534359299079
ck_17733f75ebdea93e,0.23589302710090507
ck_58eb871e8d7bed52,0.7419019376852548
ck_e55b7fa67db1ec27,0.06586535358919836
ck_62f5cfe22c952694,0.5428798960576053
ck_7fbb709a0fe95759,0.1010388092789237
ck_87abe9cd066a20fb,0.6794316902069977
ck_d58e058b5c553dd5,0.33604910528954296
ck_d27b872648b71202,0.22051312937101425
ck_4b4a3c5b95c55b43,0.04590204044158124
ck_66dd4f4b4127256d,0.07615257131553438
ck_93cc12703b500613,0.689617051242027
ck_d28806a2179092eb,0.9917837929526147
ck_0595c2a0c7881e05,0.34297515342559665
ck_50087d8666191144,0.8885713211196209
ck_b08b3f089138c901,0.6625239794486424
ck_fe3b67041dad2dd1,0.08060017981833417
ck_8449a28f7d475d93,0.6386562729327022
ck_8642e3b6d84f49d3,0.31737593682403253
ck_e49b5e4f2f2e79db,0.9325044235506725
ck_437afe412ea4259c,0.81496495430681
ck_569b83668d74042d,0.9699190743629988
ck_233a487d31c3e631,0.9959258385969716
ck_1fca72e03143a645,0.9800366144463287
ck_79205e31223df2ad,0.718679290883595
ck_9625a64406ea16e3,0.15104894568699248
ck_079bd18dacb704a8,0.8238601758364256
ck_4db6d4fd2b49aa81,0.6238874946485765
ck_0dbefdac0a1868fb,0.11380446547280015
ck_24ff97ad90bdd69a,0.6686012464139749
ck_77f8c5042065d506,0.39441124050727716
ck_f11be8ce05382cec,0.538262531212618
ck_c9d72140b0389216,0.4927000050330114
ck_69eda24e931fb36a,0.16299977517661243
ck_ed471e496916ee15,0.08885032454719584
ck_ff090498c4b17ac3,0.35081788294136357
ck_c3c19d6a0720915c,0.1368912913886225
ck_af02e1817cfa40b5,0.6612338344645621
ck_2df5a9fc87553eb1,0.4018465571793564
ck_4ac918e884cff336,0.6062668151162186
ck_ca149244b54ef3ad,0.006077267384424506
ck_6babe5b8674ff51f,0.41454431495399263
ck_1573878386886290,0.19769791188459687
ck_3925f8565abb7fe4,0.2570106797341223
ck_c4de808ae69c771f,0.009845852071192398
ck_a777c813551281fe,0.4929376655896009
ck_df4424f6dd85080d,0.8072919771667771
ck_85e5494ec20383ae,0.6490113955908835
ck_f71a4094e889c3af,0.2445845365859911
ck_f2f3cf9cd23b2809,0.5598555036129544
ck_18e2076397bcc211,0.5174164886952245
ck_c9f9fddef39bc664,0.6358383294040224
ck_7e826e233d6ea028,0.06756291375483645
ck_62fd7eb46bee9210,0.4689341538808086
ck_206f8e3cd72768f3,0.797106615134312
ck_aa295a11b0a6ab36,0.34575915028569876
ck_9a56739d81f84a53,0.07931003277355564
ck_aa075c418ed9fe5a,0.5231881941764419
ck_62b9fb3db284941b,0.3615464679396486
ck_f4f83b1403ebea46,0.6687710070604369
ck_16b66bd803288bc3,0.9207571654214558
ck_c4ca1434f3778f1d,0.997148092333695
ck_1b823610371a29c0,0.13970924099309714
ck_c2bd5a722aa637d9,0.4541653762938389
ck_7890208951df34f0,0.32365691197134644
ck_020eb0e454524ecd,0.36504344113063814
ck_3b66196ccf436c35,0.4002169038416289
ck_109fc467ec0a4af5,0.8267799905642809
ck_f3dcd818db92de7b,0.4876752227978907
ck_31e7742f160980ef,0.5030211719832709
ck_77fce5f86f00b8f4,0.914713802164566
ck_46bc797b4d07d607,0.17878708783985917
ck_37899b1b571b1c6b,0.4141368942658516
ck_ef8a6af43fedd464,0.16849987030476732
ck_bcc8519fe8521038,0.7187472181685189
ck_90696b7182dd9129,0.3928155319098849
ck_4a24ad61d017e1ba,0.5956400891875694
ck_0acc3d8c67218b9d,0.128776949511493
ck_05c97fc9de11aba6,0.8752963350883508
ck_f8ac3a0500c0ec62,0.41240538298171237
ck_617b65141f546a1c,0.16914494241288375
ck_9d00823bf60388d7,0.6023624470653255
ck_123c15d93f1840f2,0.807224075000301
ck_573feefba6bf78bb,0.8040326591090889
ck_b25657bd16739036,0.4332514272881734
ck_bd26d2bef14a8597,0.3321107665552631
ck_a553418f2fba1440,0.654036175647629
ck_89f3e380b0686963,0.4485294731062325
ck_b359192aa659bdce,0.5874918046262041
ck_02241f3dc301bebf,0.6605208557453267
ck_5ccc1a1c78cb33ee,0.7978535507974528
ck_349cc5edda1b8853,0.6410668169225721
ck_e9f228845bf6e28b,0.862089284235328
ck_0a45d033d4e280ea,0.7754457293604786
ck_7e63168dda612235,0.37475349096476845
ck_676fa5f6aae5475b,0.3893864607578864
ck_74b502b20690ccfe,0.6250078880270258
ck_073509af21dd7f5f,0.905614823562209
ck_498a0acd450944d8,0.14761987304222837
ck_7f15b50b29dead01,0.613498424500836
ck_8089fe7403c5f537,0.44557571932146567
ck_05b2b04e11d9ae9c,0.4444213772567374
ck_31e70f2f04b48b88,0.008318047456744623
ck_994316fa5a02b319,0.1677189912316902
ck_b76510998b9a2260,0.3597470503477376
ck_4db95c310e105d30,0.048176771457744696
ck_6f730b77dc6cdb84,0.2803691165500721
ck_2493ee8e7b91d304,0.714673046068061
ck_92d679d6ac7dcdcb,0.8447741452274432
ck_3a0e0200cbb185cb,0.5621302357918573
ck_0b2eeb4e00ff7955,0.5315401925058076
ck_9843d0e61c37ebe8,0.9984042886218661
ck_e61c8721e3ef1921,0.13291899825596312
ck_2e0eedaaf2980c2c,0.31167213390021903
ck_9036b2e5e9298a34,0.28722726190495346
ck_3265442528d51728,0.9110470499900889
ck_f2ddae2eb1cb29b4,0.34053066462816445
ck_6cfa71d27fc27f92,0.5853528658233523
ck_f3199fbe84a28b9a,0.7648529516023369
ck_b78d785ca3ef773a,0.6083378388183356
ck_374865697f1480eb,0.754497828865187
ck_06d0e4a9189302a9,0.6621844654566807
ck_9c9884b9bcaa552e,0.8732931853037362
ck_fd4cf578e87703ff,0.7385747037206427
ck_1917ef3e6e345549,0.8208045951337068
ck_e70418b00cbbbac9,0.7892299263440352
ck_a60388296a47062c,0.7207842654623956
ck_d598fe8d2c779ab9,0.46886625028375395
ck_646dc03de4c31803,0.9605484568986642
ck_e4fd8cbd842b6993,0.30678315933836675
ck_2225b555aa2a42ed,0.711345828091067
ck_6be8ae9d78148882,0.36018841762150366
ck_4199342d3aca74e8,0.7964275849026314
ck_779581adb573261f,0.7632232906881783
ck_bb303568b6915205,0.8445025751367644
ck_17c4296276448afe,0.32803661723919436
ck_a60a61ac829252a0,0.32576188798502265
ck_6ea70950c1cae00b,0.9727031074865606
ck_1abb93f6924645e1,0.4400416702652252
ck_faab769cce19879a,0.7948658328922723
ck_d5b8e74e7ca6355a,0.7089013433039874
ck_f11f7691af16ad07,0.020879996316153008
ck_188fdf2be7c92e9d,0.9945677924882792
ck_4a103f8254b366f7,0.4431651816353826
ck_bfa17a0b1760e616,0.09900173589214505
ck_a4d7f6a5869d440a,0.9659807032744803
ck_58e20f5a3e7f11b8,0.9532149290972723
ck_4becdd3d2696c7ba,0.23273556271381002
ck_dad5cf32ab9f243f,0.2495074628081931
ck_7d9f73dc7c4f90c3,0.9116581885569889
ck_c19371047a2d011d,0.15637928542443547
ck_247589ff532f7aa8,0.3620557346056544
ck_7a9f241d5f082567,0.20038005717310112
ck_0a2b7078736b4dda,0.3695250067025927
ck_687b412e2aac7eb6,0.6474496593362307
ck_fce0b6855886a0b8,0.4107417727824317
ck_e291cc60920456d0,0.9439121722895103
ck_04219a7ea798db51,0.8721388452937965
ck_286bfd719836e9f3,0.8813057340740655
ck_55efc92394fee232,0.343518370887188
ck_e36c8da1bd359960,0.6752217339571385
ck_34b0988a97d96902,0.3561142708788487
ck_e0fb11fc9dcb34e6,0.46506371638409455
ck_bcc9cbc9ed8b7c31,0.3032861837490333
ck_3df8da6f60a89a5b,0.8390024307704999
ck_b1495ee5c59a6b28,0.324166179719495
ck_58f4c3ac61fda129,0.840020966140268
ck_735f244b99e3aa8d,0.45402957005827543
ck_6b93bd8abf87b1d6,0.9638078106018537
ck_12107dacc6d05bd1,0.027534433912646594
ck_f96db2a1f3448d1f,0.4317915257101913
ck_8fd91a3c99e19097,0.5965228165816165
ck_910205d25388a0ae,0.17366045561434465
ck_d229dfa0e4442628,0.05021384363025593
ck_7cdec61e1c488798,0.7666863201060667
ck_f66f06e24ff32671,0.6439866139418167
ck_350bf14e90b503f5,0.21956249197470287
ck_61fff5fdaadd394b,0.1917564491715423
ck_e934f984bad2ff91,0.923744899565856
ck_ff6a6d3547dd2d37,0.8735648183844931
ck_65ad9b15979e3247,0.5811768687664554
ck_bbe1a2ea5a403ad8,0.9329118376570645
ck_6f3a28eecd2c4031,0.6189985219117985
ck_a89b66665714058f,0.5862016518047638
ck_918c92182b6817cd,0.618183693120863
ck_64f5eb4be9e7b8fa,0.9587829799197917
ck_d021fd497ea35fb2,0.3378145664754276
ck_004de16f7d8a42ae,0.37774119462579286
ck_a33d2325f86ab12d,0.4390231341132405
ck_89790ff26c844bc6,0.39546373252033357
ck_e6e7257377c37b28,0.5837571589892551
ck_a2cc3910a641a808,0.9692400424395453
ck_646e270e0195bf05,0.40300089926160787
ck_baba5d66def0d770,0.8809661776312857
ck_67cdcdda3033842d,0.8717314270961618
ck_b5c3075c811a2216,0.45341844893164
ck_515379973a8044b8,0.19664542742274424
ck_c0ce85fb4109567d,0.7976498313685787
ck_fef850553862aaca,0.09445227378449214
ck_55d7217b0aff9fa2,0.5340865350691555
ck_8e139f8925ef7968,0.5132744386776067
ck_9e35b908fca1e4d7,0.08195822746674833
ck_59735f4ab2ad3da5,0.42663094052922423
ck_dc569c1167ccec0d,0.9291771672526623
ck_1dade5592f90a15c,0.7597263138617311
ck_793048d11fb8b328,0.9128125631220485
ck_545b71eb4fa594b5,0.20560854575318674
ck_bd30853e9a57b544,0.3779449003484086
ck_59f46321ecf6d306,0.5124596089235791
ck_260cfe9141d249f1,0.9062939111958628
ck_3365a0ad1a8aa83c,0.30739428114402245
ck_b0ef193195a2138b,0.4735515206342514
ck_0f909705e2e60f2f,0.19155274226789937
ck_5a540b75c866166a,0.7883472078740617
ck_87c26b2f41025109,0.9898825207179357
ck_27acc9f320cda104,0.9001147044290178
ck_a27bc31eecd9cb9a,0.46665942403620314
ck_115d86fabde77b65,0.11702983198229856
ck_eeca179341d56f8a,0.9350168424468439
ck_8e5999c436cf037e,0.022407800538735666
ck_510e7c5df1f95d90,0.9919874718411952
ck_f1acf73363925958,0.6424927605305069
ck_3c177f5970b68bd3,0.36677495142960737
ck_9cdfaa1c30cc9d32,0.12633246251150354
ck_c8efa1538b37c359,0.24315858727135364
ck_a8a2e296f9804bd7,0.46180439981707366
ck_91a0ca45f429568d,0.37784304847375333
ck_5fdf8a0bdbd3ed62,0.4852307365852963
ck_0f4e2ec66d50da5f,0.23830356128203536
ck_28c53b214b2ee882,0.9132878420129316
ck_003148504557f720,0.8411753113859319
ck_01d840cffb870615,0.9300598918507538
ck_555848d51f4b5f35,0.6761044640561871
ck_df20cc23b8fb8e22,0.29486628229089823
ck_f9604adde929beff,0.2028245471280922
ck_d66952b03591bdec,0.24370180423310142
ck_ddcac1ab765ff61a,0.4840084911548853
ck_347386629d96c664,0.336015153577893
ck_ab01db9117acfe3d,0.3217216915954836
ck_58e5359efc52e0ad,0.20438630143625108
ck_1a524b5cc8da71b3,0.8112982211168286
ck_e9287b6d909d731f,0.12813187688655694
ck_bb41a66e3d90263b,0.8648733056548811
ck_e95c8cc1864bd584,0.2646497046509229
ck_7a3f2961e9a8b6dc,0.36185202741528905
ck_378a9df82b1e0bee,0.9224547372640538
ck_42633573639a3f02,0.9847898182812055
ck_2a5a4c18c2c7274b,0.3223328145667495
ck_77549c1a41f837c3,0.44051698870322153
ck_a26704b5b26258b7,0.39037104673437917
ck_9874ad160efddf50,0.21990200464282503
ck_9111e3a04b14dfba,0.8293263243803106
ck_651e076ee43aea85,0.25076365897664166
ck_391639c0f13932f3,0.0392815537163345
ck_02dbabda93c8c13d,0.5597197011836157
ck_0adcb1fffcb0a34b,0.6176744224785445
ck_7a43ef9c7b1c67b5,0.5394847812648137
ck_4b9dd69946438d0b,0.40673553122263034
ck_90bf017cdd37b66e,0.7591491484397163
ck_61c74163eb36556e,0.5701766736550326
ck_13376c59b5bd6943,0.07326671740711226
ck_62337eccb1672737,0.3512592493036761
ck_16077934338472bf,0.12901460791419694
ck_0d4dfd93086e7330,0.323792718522481
ck_3865b7525b910893,0.3805591446279024
ck_7e2ae8b69ebd5675,0.42422040778373554
ck_b4384b6c11766ce7,0.40062431140990223
ck_3d7fa32dfb9fc692,0.7466551028394823
ck_f4a6a7cadd6e0603,0.8567928843633184
ck_212525e2828a6c45,0.30023057495798094
ck_33ad8d53394ba77a,0.9347452527304069
ck_a5051eafe8b51224,0.3329255945654694
ck_f65e5ff7da565f91,0.24068014819776137
ck_5c37f7563fa7591d,0.5049224400593456
ck_f1e0a006068aff29,0.7097840739398399
ck_c646cdead6fb79d0,0.38320733854381045
ck_f8b3cdffef535330,0.8069524823994133
ck_e5cdbe3aa12c97f6,0.3739386581882427
ck_986e4e61440506d0,0.824403397028356
ck_6da9c5912e15d9a8,0.15542865215910087
ck_51d842e6dae74c71,0.2042504962057014
ck_5fc65c24e0736d5d,0.939023151283392
ck_babb95a76c69509d,0.6364494483394271
ck_86a2d852a9715432,0.6211034964738407
ck_db4083a0d043def8,0.9170904088689329
ck_96953b8945b7d403,0.39339270260534126
ck_7831ca5c31fb3859,0.8927812204203087
ck_60ac5e5f375daa38,0.6124459352081433
ck_05d44eb1f5f085ce,0.42411855325140657
ck_432cc19c7eeaa46e,0.3840221692741699
ck_7fc513033af061af,0.8356752277084879
ck_ada6ede84c111719,0.5677321864257724
ck_6343e0d3b1c2962b,0.2580971206323176
ck_010264ae04f2e902,0.7900447688734723
ck_e9dcf535f8c289eb,0.7694024145868645
ck_37143d9cc296e6fa,0.3237248133829051
ck_61fa051192f3e810,0.5821954112598084
ck_f9f93d1d41be1468,0.9378008686973814
ck_c4f4f28457be8a74,0.052216965655636396
ck_323a71f9452d21cb,0.9250351152126614
ck_170f4688e0acd875,0.8218910154466627
ck_869b1878d09d230d,0.8933923483037045
ck_2f6b33bf46976229,0.1985466975663723
ck_b11e22e75d9b99de,0.09608193262011512
ck_123d75ffb75b606d,0.29411935619817
ck_94295287a04c85d2,0.9164792909636128
ck_1b0434f096795328,0.12398982956666313
ck_0a4e191cd0a57ce1,0.17182708765295648
ck_d2fbd0df99634676,0.7292720913515556
ck_d51df5e9fbbbcc94,0.820940379274217
ck_2d3d7d64a6f443f8,0.5570715036916664
ck_731943c682c9394e,0.7909614488245518
ck_5ccc0c94e5e1f849,0.4504986434918524
ck_c3476080516db25d,0.46268712900513137
ck_5010ffb1c94187b5,0.2212600531965726
ck_7ef666d67bc70223,0.44571153142648184
ck_c1b493527224a27a,0.09985051674747375
ck_5d1e25d7acc5af9a,0.3866024598615131
ck_ec30b61cbf517db8,0.09693071199403204
ck_79323eb5d2e5efae,0.4848912257203736
ck_4085cd3bf2661518,0.45644010647107247
ck_2ca91214c357c072,0.8952936599491735
ck_7f3132d6be389657,0.7897731586952847
ck_e7a6b925c8f39a85,0.5853868277957153
ck_c886adec7bac250a,0.5406730674595173
ck_c3f360c2d0ea0a37,0.3044405241766063
ck_a7acd5b015823793,0.347592518179745
ck_9d64187c0800f84e,0.5038360000191687
ck_5d4ed73b9efd7d11,0.4322328918217786
ck_874eca6776b34dec,0.12117187826709534
ck_96a9221a87be93c3,0.8220268157663699
ck_68dd79a51eabf5e6,0.5902078894856969
ck_8311cb6755b2016c,0.12643431535432464
ck_16fc77b2bcf5ec03,0.9802403102123389
ck_ad9e2088a33c8c72,0.09937520156692804
ck_7176bbc97b1e42a1,0.19908991062667933
ck_80dfa54b30f65fff,0.9463566883995953
ck_31c54d540b128843,0.11899900061177872
ck_43ea894480567274,0.717728657091224
ck_9c9e8a38bd5a6c88,0.6663944178860075
ck_1c2dcae19539e148,0.7393895328769173
ck_b0fa8b84e94d8ae0,0.4364768021373219
ck_4ceb43ccd0a81c2f,0.27602335927888183
ck_ba845332b730b596,0.10402651564459703
ck_73d3e8c6077f61e6,0.83730488727485
ck_b5d0d223ef56473f,0.4789158093261356
ck_949f08f8e80e93ea,0.20224737431908593
ck_73de0b49709e5f8c,0.28179506533485144
ck_b5935e9722a39819,0.76627893191222
ck_96247fee0eb44420,0.2137228831538908
ck_a6def1e4b2d57e0d,0.5487195076059947
ck_aecdc5a96321a2d8,0.37044168382448805
ck_bc61c59970f8de49,0.5218301445824556
ck_c43b4175fc9ac5bd,0.9468320078718512
ck_8ff7a9b23a55fd62,0.3256600345915594
ck_20c99b645f462449,0.5000334664993827
ck_a5ce2ae36fb410d9,0.054287989323353
ck_96fb9bf556842bbc,0.613770039980769
ck_b5e4c6dbbed1b773,0.4421805968046768
ck_2085433978e72ea9,0.8778426603397826
ck_2c6b174b063ec637,0.43430391495120113
ck_b20b81b88dabe28d,0.07048271725947941
ck_243c18dbf150831c,0.46906996132562984
ck_2bb6a17e8eee35cc,0.7649887691857548
ck_66147fb994495396,0.9268684612904293
ck_73f124f075ede0fc,0.6240233003465293
ck_2e315f1b1e533dab,0.15997811491819114
ck_16c7bf94ed3e7a6f,0.10782905333015615
ck_4a0eae220a762ac5,0.48550234461873093
ck_dc16f939c2f44ad8,0.8792007099233117
ck_817926b449754917,0.3490184737199228
ck_0c0dde42ab64ef87,0.6364154958878062
ck_cb3a40594da6a2ee,0.6513200786438125
ck_d0dc156441fcfdcb,0.6159429136043447
ck_66f0945add423e9e,0.6275202752813431
ck_a74f6a3030f5d495,0.6288104209530239
ck_1ae460f331e49ae2,0.5836892565108077
ck_2d177b2f4f0b40c9,0.9020838869814662
ck_92e474e4368c4791,0.38887719502419654
ck_3dee83fa2d109484,0.014734826607582137
ck_80e5ea27848069fe,0.1998028870658034
ck_ed0c4a83701ca230,0.5121879987234419
ck_0b8b7c5c581fd161,0.08942749528993661
ck_60bf8a2870956fb1,0.3941056779581012
ck_73a54b56a2bf35fe,0.9556594433558266
ck_2296d7a563424883,0.1696542097380908
ck_bc19c383560c7477,0.4537919121253531
ck_861d8e3d88f1079e,0.8522434218061008
ck_3f090fc96c24eb28,0.18571313425489797
ck_9a6a1f8102febfca,0.5898683772056493
ck_541b6ad5d2fa5a39,0.33370646998805803
ck_a760d38d1bc4de97,0.12636641352075664
ck_7dca4d7ee10b4eeb,0.175120356537986
ck_15220e78d1545e40,0.41359367435295
ck_ca24bb0de508efb0,0.2803012121127918
ck_56b389627d8f02c5,0.9938208598262047
ck_48a6754977a44db0,0.3215858876601358
ck_333a43ec339a04cb,0.7043518770586894
ck_f22aacaf86a65d7e,0.8004338433730679
ck_04bd8a1ffaf3ffd8,0.15892562766766155
ck_2737a72de6b700f3,0.873496899430226
ck_c35e03b0dd0c3454,0.25453224121301615
ck_e0571312f395cd94,0.48560419968350527
ck_09fab6b9825001b2,0.061621451172400366
ck_18c3a095606209e8,0.3060701833108878
ck_2a97db9377d01e36,0.36287056256327044
ck_f29dbbfdd2786bd1,0.48950859084675297
ck_35d6c510ad29362e,0.897194913666693
ck_5468fa99c945d785,0.5452564831565964
ck_6f8102f62c876cc9,0.6893454411272788
ck_91955aab3424ad16,0.2766344821758437
ck_9a43c0c73a39d759,0.7515440704733689
ck_60b023af6d1e30bf,0.9350847221333657
ck_9704c5cf8659cedc,0.6963393898410023
ck_7e5f02b51b9f78bf,0.7780939315988812
ck_7d3a88d1aa649708,0.9587150722181315
ck_8250eddc1ecb07a0,0.7637665087211797
ck_d979ef95ee44023d,0.5663062338574941
ck_5e5461dac83531ac,0.6338012524511967
ck_d1bb8890081e0a31,0.4128128012805809
ck_32246c62640648d9,0.08555705658063059
ck_77a40c7d2f862a32,0.6449711991435456
ck_1c8b94efe9238f5b,0.17352464771715884
ck_eaf3b6d11bc3cb11,0.11774280571597616
ck_a4a7ef3ad799c380,0.499286540532738
ck_d5bd8f68da073cd8,0.330243446063002
ck_6e6258227fc8db7f,0.050858916918398236
ck_c35d444e05799db6,0.7286948989212263
ck_74665e1209140ae8,0.6577029145970942
ck_353a272478f7e903,0.3632779765418386
ck_a2c9796ea229a4e2,0.22716756677797306
ck_e0171f91cb3411fe,0.4924283979090711
ck_703499f5410280f7,0.4226926077950827
ck_ae3a763997f8f385,0.7478094378658336
ck_f7ff94c3df5ac874,0.6103749182189382
ck_f3c16d8f747db046,0.7780260221259268
ck_7ef019ed77276496,0.18496620706923872
ck_d6a4faadab58a3de,0.41658138390619276
ck_ba7b78d31d74c794,0.6521009547485374
ck_36287d063350ce9d,0.27259428792638674
ck_5177fc7137ff26ce,0.16612328602008913
ck_dfd4e79aaa967b63,0.37237690213563557
ck_fb44d15fb93a7157,0.7670937335638587
ck_fca478361870a4ca,0.4503288899237736
ck_e57b94fe57341058,0.37875972947073344
ck_5448c946cc4758fe,0.501798930349011
ck_c5ece5ffb8800ad4,0.5603987229626353
ck_11cb98211b2ed134,0.9614312011773856
ck_f655399ac75c4450,0.37556832075120666
ck_c817259019588d30,0.44771465042216246
ck_8740a14d8096c6e1,0.4929716122739136
ck_0c5ba86f4e05b38d,0.628335103768424
ck_ccc917533d4b73d4,0.4044947494968797
ck_9eb80edfa43203de,0.2250286373251269
ck_d1a1cf4cf61d6801,0.5131386378360466
ck_b17c239f160e6017,0.32307974005182805
ck_410c3e13b48e0415,0.12337870804007117
ck_ab553954435e8854,0.9629929757584983
ck_bdbb4230c91e1604,0.8039647811434361
ck_8fd4937eadd64fb6,0.18574708431000955
ck_e0e90b196bef3c11,0.052488574821538916
ck_3dc4d464386f0eb2,0.8415827464086948
ck_51bbbf8f8e8ad005,0.9992191186967656
ck_c05737ab74cf03c6,0.8003319839611739
ck_dceabbe04d99afc2,0.2823043349097292
ck_5b86fd14e85bc9c7,0.940313294301576
ck_d4febf0083800424,0.8129278839171824
ck_77d9f86dcf251739,0.3965841170811863
ck_b4dcebc543deaafb,0.7808100213863718
ck_cb856e75c949b0cc,0.014938534125588416
ck_61b067de8ffc1ca1,0.37237690222600545
ck_c0e8560ccfd9dd9d,0.14823099538059817
ck_173e1198c341087b,0.12633246237235451
ck_b4d55bc809000276,0.4918172702602305
ck_839bf139296b5cea,0.4527054739288223
ck_78cd402a2a4f2e35,0.0471921855406544
ck_c2925c50ebacbdba,0.134684460304121
ck_5e3bc76eddbdb0a6,0.15352738425202772
ck_b7793edca26fc512,0.3011472568213592
ck_d79bdf04d6f31cd5,0.26651702353270224
ck_4b97d19ed946f503,0.41929748223104696
ck_37139b41c5370523,0.7320560734539016
ck_8c346eeefa9ce692,0.36039212406191085
ck_2ab7eddee2d8c49e,0.4847554193646654
ck_29da59ea3bffb9d8,0.8944787843858586
ck_c1d05ef0ec6e4be7,0.2724924334183599
ck_3882423b449f6291,0.9753513031952475
ck_5647030283171ed5,0.9556594223501775
ck_efbdcd9c181e72ca,0.3985193357035979
ck_192fdad892782daf,0.8432123795323411
ck_0bf2e13b9f2601ac,0.7084939261647385
ck_3d6046a533057795,0.5273981470355608
ck_279a1d3a3836e5cc,0.49514450736876703
ck_c375e929becde422,0.5348674107998623
ck_a59e90219939a1f0,0.08881637199548303
ck_4e9fba1ec54c3ff8,0.3845314360612963
ck_bcbd8588a13f5eef,0.16720972588892122
ck_5f9a7ff990341bdd,0.1533236773388784
ck_e0403d507519b7d2,0.2484210240090354
ck_c9490cb61aff5112,0.4685946403314472
ck_41dd44308e6a665a,0.9014727571206063
ck_76c23726cd7ca947,0.571738428702268
ck_9be551300209fa83,0.9381404026190069
ck_a98848eec6c9581e,0.6930121865162889
ck_61176dafb33b2d8a,0.9727709879432529
ck_92de019e05971ce3,0.65373061459927
ck_5d644224135d7c65,0.4199086037278172
ck_c767fc454fa215d0,0.3794048030387799
ck_5df85a8924e11f27,0.722753438231461
ck_da2729307af06ed5,0.7968350038244701
ck_7c6b577174af7a78,0.370781195443475
ck_893b8afbe11301e1,0.2154204448640647
ck_e06f6fed020ae014,0.5518430228394082
ck_386680372fb54857,0.14378338624010262
ck_7a7f3c4fe0c9d2ca,0.2013646440419787
ck_f908b527c4db422d,0.686425635002141
ck_ec2eee6a133e9a6f,0.7430902168729691
ck_d98934f9fe0b02b3,0.1845587933754883
ck_398a1ed77b0130e5,0.5757107260917171
ck_d960af7a55b892b1,0.2329053189788216
ck_4637e54a9f79e2e7,0.15926514183177212
ck_02b9f418524f6650,0.4860455643051048
ck_d4b23804cebb045d,0.5429477993295736
ck_35b1939c48182a9a,0.5785626249257668
ck_2dcbb71e39d64305,0.6871046625635243
ck_47a884dec960ff2d,0.3121474498319822
ck_71fd8c346fde5cca,0.7849181200782105
ck_98e1992ac8e7d2de,0.8098722797917032
ck_ae7780327e210522,0.5994765709759333
ck_e6c584b4b1ad6d9d,0.2726961403568951
ck_344b2e326a6c3dcc,0.13532953312594564
ck_9aa899a5230b0963,0.6227331564116984
ck_e48d14d5b70ef5aa,0.4886258590643352
ck_59d380a0973b3951,0.41087757734208524
ck_11318f7c041a5ba9,0.5711273110222546
ck_7061786fe2f22f5a,0.5053977577783404
ck_e77529651c416cf7,0.6800428115780547
ck_7f79878197340435,0.18112971947924908
ck_b0a0fb0ee9ebf106,0.4461868412150743
ck_70c7679199776a90,0.378386267209273
ck_b9facd2210daca5c,0.8320084719749179
ck_9949f53c155b8dde,0.3782504628826502
ck_1c607e24f2c4397a,0.8267799853084
ck_aefd1ce3ce093cbd,0.07421735175857486
ck_5a29b7018e43280c,0.05520467258243127
ck_69eb0b2ccfbe5f95,0.6222578368672214
ck_fe037765aa465c58,0.5944178586539861
ck_5e512ef5362a3dd6,0.3329255917722854
ck_544a9e80b7fdc279,0.10864388059306565
ck_7825494e654d5695,0.6844564640955972
ck_f1f2c3c623553f0d,0.10365305399389953
ck_52730906e5b461eb,0.9698511745462156
ck_01e0689157fe9617,0.9589187877980161
ck_9da82e567074da9d,0.8475581701613532
ck_6a17384072f904c0,0.8368295673255397
ck_8d84d771a21942a7,0.18622240351615874
ck_39638880292782a7,0.6371284698839056
ck_7d51c86e0eec72ac,0.3127585728500815
ck_45f4c821c70d134f,0.9454060312610147
ck_0af3c13ba56ce57c,0.08250144752866505
ck_0789a05e061b2784,0.9130162324877306
ck_6ba091eb42ffa9fb,0.7583343152045902
ck_265accb3c5c32620,0.8587620557743857
ck_179039559ff7566c,0.5451206780369349
ck_17c0a6a92b5765cf,0.4332853792331495
ck_59371c9140239fd7,0.5214906329768997
ck_f9c4f8b4ce2691f0,0.631288860738088
ck_a2637e4872cf4811,0.9069728856112621
ck_1de43fd6c6c22a5f,0.7338894544058778
ck_6e4f31bd108571f0,0.23626649076873876
ck_da06d97db0b18851,0.20394493490828822
ck_e0346d5081e640e8,0.7517477939870828
ck_c1c7d4e62c9fcded,0.7726617484104862
ck_2595669e421299f6,0.8148970520645523
ck_3b6057d51fd4c7d6,0.3661638360376724
ck_c5f8ab515840a0fe,0.350444420064276
ck_435cb24538c6f77c,0.6934196023655756
ck_d84b5403da4cea7b,0.3891827525549579
ck_c2b61a98d1c8f6dd,0.9490049065685997
ck_c9dcd92b2f836b61,0.8547558010801208
ck_9eb5b3f5f672c2b1,0.11295568682494038
ck_e4cf189a8d31649a,0.08036252028285926
ck_6b114f2a48152b96,0.14249324089305804
ck_3fb95862b70f505c,0.746587194636679
ck_7f780f465c29398e,0.24064619527909564
ck_ee387f9da79e67ea,0.6506410522687895
ck_fa3b1e85d27af2ee,0.8194465267445652
ck_e739eaaa7a1822f2,0.40255953070694717
ck_dfa0ac11fcb1dabd,0.24271722041762916
ck_6e8751b571ea54d1,0.4927000024048012
ck_2d695f8358383092,0.7123643764148184
ck_e7dce27edb700f27,0.38561787690178967
ck_e322da8b213eab52,0.3190055954304278
ck_d0b32e039abb8200,0.3217556453023533
ck_b354003302b272ca,0.2939835511433754
ck_f7485cba392bc294,0.9183805874424803
ck_d6a290ff8362c7b9,0.8013844816618804
ck_c56a44fe315c0389,0.1390981182896916
ck_f77dfe6512eae322,0.5942141331049464
ck_35fe969c58b9e70b,0.7925911137301086
ck_4c518637db2322d5,0.8692190337097703
ck_cb61902798ecc4fd,0.7858348068382055
ck_56e6cfa32156a916,0.10708212426258736
ck_343e6ed2b9d35c01,0.48760732685771635
ck_51440f64f7250ad7,0.7547354844889282
ck_295bca29c34cfe2e,0.6151960151117438
ck_dd30558576b45e7b,0.5896646732657549
ck_3a30132a57181fe3,0.725876947957469
ck_4a733aeb833406f4,0.42669884373780287
ck_1b0b7c3d35ab1259,0.7483526683669441
ck_962c3bbf27cd4b80,0.7796556850294882
ck_9528e1d6b1707870,0.44679796189201043
ck_b3263e7f31aab45f,0.49273395390469565
ck_e69195a3c885053d,0.07228213292843366
ck_a907fa8795cd4baf,0.2282879563074718
ck_205c3405045bd835,0.35248149317694133
ck_e81fc223bed3c46a,0.6129552052779413
ck_363751deae40edfb,0.8547898034172161
ck_6176baea8cbebbb6,0.23850727294407947
ck_633e6579f5c74a5c,0.9615670109909278
ck_ddc11fc481eef58d,0.540707018960637
ck_e975002c979e12c7,0.8543483867598324
ck_8e039b23acaaac00,0.8640584505190239
ck_1d6990d94a4d2ad6,0.42693651073483896
ck_e7b583acaa3171a2,0.8546200050790865
ck_c0133f60d39b2fb5,0.5759483797630989
ck_7d6bff85e7a694bc,0.13641597289515328
ck_d305b4d82f63f647,0.16045343154852232
ck_22bd0fc71f95e048,0.7283553888633356
ck_9a65fcfc7916f93f,0.2454672705889239
ck_d61c837b0106085a,0.7620689611799983
ck_be86a1db08dea456,0.4288038191003504
ck_90489c405e6886d8,0.05021384376503962
ck_0add2c321d579d75,0.5487874078810714
ck_482dea6eed92cbbc,0.548380009735077
ck_c24b47184534cc2c,0.9895430003031578
ck_fa04ac31e596e7d6,0.5656272241842567
ck_084322dc5a3a86f0,0.26016814262866655
ck_ccb72a33cc1877b7,0.4372237199050348
ck_afaf374009d3b248,0.4036120183959805
ck_b53084ffede19a8e,0.07499822941890626
ck_4760216154c8cac2,0.9409243936801335
ck_37ad3a65db673e70,0.36884598069449487
ck_0c2932cc0d553694,0.25470199906643093
ck_86b853c52f20fef5,0.21572600544453238
ck_38703b7546d35a80,0.7989399830967234
ck_218b7e6e6dbd2da0,0.3450461755815122
ck_402db4184982fdf5,0.49982975821966535
ck_f917c82af80e4a79,0.6871046598463961
ck_3c6417a233c68c73,0.5900381341800778
ck_98068c397d70dd3a,0.7732728524631833
ck_b1cbd6679c0f8d95,0.3649415876149233
ck_9e962f9bb0e7bac2,0.49555190556705275
ck_b08247c3ad567d92,0.9483938032779659
ck_3ef7a03ebb81cfe3,0.030793750505067264
ck_5d7ae0e3562e99bf,0.7418000718580736
ck_c91a628236baf91b,0.8548237073580247
ck_7f8e816ca51755e3,0.9705980976155816
ck_5aadd286d188f5c3,0.30376150135395996
ck_a037aff5f8128c73,0.3289872567342485
ck_5df6529ce8290906,0.6335975433213284
ck_5f3609511443e5a8,0.17155547842338922
ck_a6f61864fac3c8fb,0.4279889920681756
ck_2733fc6ba23ae46e,0.7034012530846664
ck_22bfb9246646eb41,0.9381403746321675
ck_bfc2a57d8fd1610c,0.9265289303033525
ck_49839e761d0e74e9,0.2466555606900215
ck_aa4ba931dd37481d,0.17535801710245577
ck_2f9fa0d61829f815,0.7672295353633549
ck_5b82c774df10d49b,0.2729677534876966
ck_411219470d0a195c,0.4939222456724796
ck_d07485ba10514a2d,0.9212324928446154
ck_219bef979ee21bdf,0.22747312688979046
ck_eb1006e7285184a6,0.7754457326358563
ck_fd242b18575e3063,0.5769669176473153
ck_95188150ff059c70,0.7006851463324145
ck_a9ca2f447b984a6a,0.6692463302282436
ck_2dd39723c4088b64,0.33455525484726073
ck_aa2b4c662ff213b6,0.618726910882579
ck_1867b1199c864db5,0.5959116962823326
ck_850ec97a5a0dab9a,0.7463834850063482
ck_562320295fa35875,0.12490651205183158
ck_bab5759b07fe2bea,0.5927202822463216
ck_b9f1465d803e57b2,0.8524471171612604
ck_8f21f2690c32c691,0.8530582837750094
ck_df87d6f61a63eb21,0.4447269425015616
ck_770475876d0e7e6a,0.26936892215906977
ck_b4c014d5c0cc9eb2,0.4256463600904862
ck_3add4d23124c9290,0.16232074811582123
ck_bce5b7fecfb6264d,0.9123372542647743
ck_604c17cb97dc89be,0.7354511927116981
ck_e52cbcd9aafd26b2,0.3619878332373826
ck_0ac9114076f5bf3d,0.4235413803716444
ck_dcc125b178b79566,0.022951020213140858
ck_4e333c09f0c37dee,0.5508923842869368
ck_ff7e31ff8ba731e5,0.43182548299246887
ck_8d0532d24f1070d1,0.09934124887140115
ck_3689fa41748a6f6b,0.8836143720278723
ck_7509eb97c1948b16,0.36460207448912973
ck_a9161cf1ca22a6bf,0.31092520800951784
ck_bed3e3db135b782e,0.5616209800183747
ck_9040edd974ef8e3f,0.9511778288670274
ck_fac32d76ed40f683,0.3908803183642626
ck_3d7b1078e2d57c69,0.3025053058560136
ck_dae09c4e074af5dd,0.4067015809320927
ck_fd84507228467b40,0.8092611745085637
ck_e2a2ce9b8cf44c63,0.3779109513825203
ck_cbe716f351d660d4,0.28060677247154187
ck_cba4162ef29a6d27,0.46648966579293366
ck_4f1e962ff8a29732,0.15216933590919393
ck_39a81899dded61e4,0.43362489553334876
ck_25382331551d22a5,0.7767358777945271
ck_6d64e1c07b19856e,0.28573341205244357
ck_165a868bdef28ad3,0.8162551029745504
ck_88774ae52e30e877,0.6397766650613039
ck_fc7a9d0643570053,0.030046823886523726
ck_c2017120b3b88a46,0.7015678773231393
ck_d115ac6b9fd62a7e,0.2398992689778015
ck_439cf7d51ec7de0f,0.4435386463440151
ck_2468a7e9e68a0927,0.38004987729669143
ck_7c418947124dee8f,0.7780939239418466
ck_fb0cf32c4a56f740,0.5156510245709244
ck_694eb6c43193afd4,0.7480810502048867
ck_993beb188dd4abb6,0.43671445062210873
ck_77fa39d3b733c226,0.8548916239334967
ck_49969a9abc47cb69,0.32857984014355873
ck_d3f44bbe2f7e9b2d,0.5057712206550616
ck_fcf5b8216d0c18ef,0.034019115703939666
ck_daefe1e2d2bc362d,0.23789614907030168
ck_9c9287cb28950eb6,0.3566914432054509
ck_c1d1a625b885a975,0.7068642663105376
ck_71b37fe47490b4ba,0.49996556671021564
ck_5d16e257c0635f7e,0.9239486033150773
ck_15918075563eb074,0.0850817392440266
ck_9a15fdefc47e8d11,0.5730964819800696
ck_6f04d047d1dde75e,0.10375490773669038
ck_1af2c0b3b8d202c1,0.3831054868790379
ck_174be2231c5fd2b6,0.1331566579167623
ck_bb0713a2a1d65982,0.5317778512577013
ck_0daec63bd5b0729d,0.5073669262378877
ck_c0b5cc3e8ad2ff44,0.8147612812802685
ck_35bee1fc12664644,0.9205534502678825
ck_a1c7cf63467df4c2,0.3202957448687784
ck_ecb1e15f0b185ceb,0.6591628081334614
ck_f280d31f54a4710a,0.8002980476205194
ck_30f4b2ee8abe1342,0.7581985086276188
ck_66bed631354de5b7,0.5464447743535918
ck_c2d3ecd7278eba2c,0.2694028754551315
ck_e901dec0e09eccbb,0.3536018816311019
ck_5d038ecb3c8748a3,0.26529477600979967
ck_283c5bea94b21e80,0.10891548971548558
ck_7956c251b85f009e,0.9556594458720871
ck_9f5f81d771146aa1,0.04002848037984121
ck_9323e6fc1e168eda,0.9593261967774999
ck_10495d3a635b8d69,0.8117735443483027
ck_1982d571cd36eb0c,0.4734836154697907
ck_4f5d7985bcc2eda4,0.2983632593799601
ck_7df526b2b4410bb4,0.819514419262525
ck_dbb498b1a346a402,0.2275410301619952
ck_ef059997563e3330,0.39386802302386675
ck_02ec4e06709e6b82,0.17875313606503535
ck_9782c86ba6485f88,0.19440464493884632
ck_d69de468b44143ca,0.2708967265747268
ck_6430a8792f400e0a,0.11869344081140602
ck_8285bd3c90af94f6,0.5244104407927217
ck_985c9ca112000e9a,0.5971678882470046
ck_e679fbf4f4f4aa07,0.2410875613879651
ck_016e8c8eaf9d511b,0.7686554847043968
ck_bc996c523944644b,0.67107969133268
ck_5b8315726f6204e0,0.5106941477038788
ck_78181f8e998e442f,0.15563236183422602
ck_71c68dfd011dbbbe,0.9548445887060854
ck_db32c95ce2b6f502,0.9591224997110879
ck_755010362a9b1bc4,0.10120856531800979
ck_114141d85256c9ff,0.034087018313212904
ck_9d1a5cf5a3b87e48,0.44425162005053376
ck_ab640420858ab5c4,0.8918306080787933
ck_97a8dac48dd62488,0.8954973237406029
ck_879cc3166fe1bada,0.0950633965766573
ck_b0ed11080076e381,0.16724367326983333
ck_7334a9ec656263b2,0.25680697370961075
ck_6494f0ef13ce44d9,0.5578184385608667
ck_724e459b9ece38f4,0.7655319726052318
ck_7fd8b1470401695f,0.9379366872072019
ck_292f81186358b0fa,0.2780604350972888
ck_fa7de64d37287615,0.607523011590389
ck_d00e09e66ed6458b,0.8697622647155413
ck_b8d210e741be186e,0.19549108443048807
ck_3db59982cbae4410,0.794865828390461
ck_69887d0a9aaca6df,0.1083722708394857
ck_4feb21e2fb0b3977,0.2695386782972515
ck_08c6cc1e143475e3,0.15322182284801722
ck_fe6e168cdbb46b9a,0.863447320187291
ck_07f1734be7fac56a,0.7641060301091536
ck_d66d59981307db93,0.6552584176488598
ck_f928dba0d587d7c1,0.13828328972846243
ck_786448fe3004cbd0,0.2927273581469676
ck_29ea329fa40ace62,0.33917261498787965
ck_7ea52b6f27edcb73,0.8132673922668049
ck_18bc51bbf3ef198e,0.777279094938477
ck_44950df09ff14ded,0.14609206837528385
ck_c1466b52c0a10b93,0.596387010589884
ck_6cdac067cc4db5c5,0.7207503175987657
ck_53f55c6e8cf2d432,0.11326124607112635
ck_95945f48453ca532,0.7039784198068357
ck_87cce4126e215153,0.5022063434760465
ck_1ecd5516c92caa4f,0.05815842791534829
ck_819b482bca14c068,0.9322328146568987
ck_a61a879dd46fc9f2,0.4848912230795012
ck_af70aa32c009c3c9,0.5133083910960524
ck_f4fe78e249092ab1,0.6749501237132687
ck_12c46bc52bf45b36,0.4793911264475934
ck_f05f5e4b40afa52f,0.7448217338296095
ck_0f8cb09d3f4fc980,0.8838181052846924
ck_80a64a7f0275a71d,0.36287056397027434
ck_683af7b1540a0b22,0.6707401765376273
ck_51fe0b613c076cbe,0.4255445125104743
ck_da1a2450219dcf19,0.564065460762629
ck_2a7eba01ceba6c2c,0.7764642686893105
ck_4e329e29dfa743ea,0.9277511829451616
ck_0274d881d6db82c8,0.2961903809427247
ck_0af5b7d128035b35,0.5158547427786014
ck_ae0a7be6b0a0ea68,0.40320460391883634
ck_de5bb7a4d091386d,0.8975344264105413
ck_2bb7c17168a9d17d,0.37818255880634505
ck_0ffdff7b2f5fdfe4,0.2414610251655456
ck_718a8390b3d42d7d,0.2855976016383978
ck_7c4f12d70f184533,0.14531119126568415
ck_d3e2c26b8adff099,0.31900559457151273
ck_ac9d3d9754104cf0,0.03334009118544152
ck_3b1766a1d51f8f0e,0.8906083509778289
ck_a9bf75bea912027b,0.7843409487663319
ck_687eab3ffe1f8cfa,0.5493306270314106
ck_25dd0b02af5b2f37,0.8700338731517723
ck_1747fcc466f0ae38,0.050892868483874705
ck_f6e9d14dfb6f3c28,0.7252658302645925
ck_c6a7bbd0adc4d5f3,0.5763557941732381
ck_46656a23f4456d22,0.9405170000129821
ck_7519260415c2998e,0.43243659876128104
ck_754f30ea19df857c,0.773612364481187
ck_ba88a244d5f7380f,0.6849657318135258
ck_f268416945316815,0.2925575992165249
ck_21860dd2159dff28,0.24288697837859313
ck_7a86ef4e2beaec38,0.11825207555222005
ck_0414507baeea936a,0.5303518996182276
ck_60796eb60fc3043e,0.05422008662130235
ck_1e0841ed17fe0562,0.4513134728349738
ck_0d641d32658d6e0f,0.09856037095848377
ck_b36086ae6d87eec1,0.46112537731030184
ck_962e65ab33b5c311,0.9589866823647312
ck_b046a42684468e63,0.2945267698253637
ck_ab3426435b0017d6,0.785970609315997
ck_fcfe06e44d09a344,0.4618383500396058
ck_0f6d916c92189516,0.6033809629662524
ck_d4c8f0d957c3965d,0.5814484766212079
ck_2ca83dbd728af019,0.110918612260457
ck_2857a4ce9f72fbfa,0.053303404446240606
ck_a60e6edc48e3d0ac,0.9177694274994475
ck_0cbd3b27063d4415,0.877027825989621
ck_612089ec90c37219,0.33262003230124276
ck_ec4e597f17f473c6,0.06644252353743514
ck_1c93cc58f314bf71,0.7176607558413278
ck_2b359a979520276e,0.32138218442277294
ck_1496568ddc3b2d56,0.6057914967813433
ck_41d91dc9f5063566,0.4867585403327175
ck_4c5ff58afe3d7a67,0.10986612539997222
ck_81709736281fa3eb,0.15036992098250107
ck_d89abbab3d4957aa,0.3824943649868777
ck_52453401f88935da,0.6883269023793047
ck_a477654d34783e06,0.20846044753224682
ck_72dd0dbdf808cb00,0.5203702447411442
ck_c183dff3781746cb,0.8390024519580822
ck_c8b7f241810b45e5,0.01745092361683235
ck_f88028c3f306bc70,0.5235616557238401
ck_91d48d69e4f5d9c2,0.47232927977208866
ck_b74b9ba6d7c9aab7,0.8361505233423971
ck_03e904682dc73bba,0.24726668277719807
ck_fc6fed6ea96a004a,0.5903436993674087
ck_51efdd240e34c642,0.7175928526918669
ck_e78ab4ff52b5fd2d,0.2621373133129054
ck_4af7b97c24d89a45,0.7365376309431378
ck_295c0072eca7f7a2,0.16072504230056345
ck_8abd1a50a9227463,0.7665505389169814
ck_ecaa6f13304e3dc5,0.13841909491094068
ck_de436e7b319be1fa,0.9981666299738802
ck_c802cf8f61466027,0.13814748450340086
ck_3d83e0a3c1cfbf8b,0.37095095113454624
ck_28d2003c2d16e4b6,0.13838514370355717
ck_8ddaf745bbb9cd62,0.07089013241066697
ck_493b6256091014cd,0.8210082829341445
ck_a2245822cfea997d,0.15620952954206924
ck_f7305b3c64cf8a03,0.8040666129303345
ck_9937dad93a0ed3c1,0.2033677640915104
ck_d654449f9231ad76,0.12303919452627686
ck_850e2b59bc535490,0.707169831078624
ck_e55e5bdfc0242aef,0.697833244824857
ck_d35c51e981b98c5c,0.4852986432854748
ck_27cdf9c5e6f0915b,0.5196912180253377
ck_d328db1e1052d820,0.3776053900543255
ck_0ea30eff5f361cba,0.2442789758983089
ck_9994323f97109f4b,0.9910368681382037
ck_09054e97bdf9624e,0.21637108197739283
ck_723b4afc388113c8,0.19684913070259694
ck_588f6e6a6a6d93e8,0.48930488111650067
ck_e1d563fab4d6116a,0.5853868253413396
ck_53aca610e20598bc,0.49881122032486735
ck_c8131ddc7ed33448,0.25151058265721377
ck_899f88464305824a,0.7100556829393139
ck_1c17c65804f8889e,0.3782844125952713
ck_45a16ce12893cf9b,0.4539277177459001
ck_f9d481aa4f9b2808,0.9538939574537193
ck_1d5d74169cf892ef,0.7123643644035035
ck_aba32acb61c1aaca,0.5870843777686897
ck_ec4dd3675a8d28cc,0.19487996157519252
ck_5dcd443fe0bbdeac,0.2012967422861855
ck_3a47e3f54475e854,0.07907237419427977
ck_a9aa5c344c315532,0.46716868966466685
ck_9652283c9f61fcec,0.10884758816352925
ck_752dd3d2487f78ea,0.2553131216417722
ck_a821980ac4db9943,0.931689652255407
ck_93e0d6befb67f7a1,0.6975276846205746
ck_e7a3881c3e36bd51,0.9007937584328877
ck_12631b78f8a03df2,0.0752019365312605
ck_57b8226610b48854,0.5289599120939382
ck_352657008983fd4b,0.7057778316246254
ck_0841a5c24fd3dd28,0.7070679754726762
ck_db9b9d5d30f74070,0.8607312360246846
ck_a9dded7f6294e44f,0.59302584013483
ck_91a16336ce3217dc,0.6141774473049849
ck_371bd9388b287677,0.08375764256638793
ck_f285e5e1912a7c62,0.19355586431567876
ck_368b65fca69fc415,0.8057981237655655
ck_d27a73596b6500c2,0.4122356273657948
ck_2d963f9b2c4d11e1,0.7607108989756177
ck_7c500e219af39486,0.24349809838632033
ck_7d025dea5951cba7,0.2971749651244738
ck_32f632706608859e,0.6725056386284723
ck_53816231f3ffb48d,0.3020639393393234
ck_9dbe184e81c1ca8d,0.8717314261695753
ck_d74123617f22a21e,0.17936425678767182
ck_275386782b1606f8,0.16863567403915847
ck_0b0e79d33e50cba5,0.22244834743851757
ck_ba93cb604f792915,0.4683909338768418
ck_a86cd653472eccbc,0.43637493933609844
ck_87771861e0447210,0.8358110095548296
ck_212380e0371d8a6d,0.6274863350675208
ck_ef0d702d7b0ed745,0.12857324382114035
ck_2b8f33e22f939372,0.9665239289682629
ck_480347ad92037105,0.5434570693750757
ck_20124c3a16c53ce4,0.5060088812817402
ck_c9e1e3229baae708,0.5503831153637792
ck_b1befe967f7a5ebf,0.6474835913876223
ck_4672167d7c989bbf,0.8603238128260986
ck_f0c44ee5e3a42e3d,0.6665302244343798
ck_c416357d20238a4e,0.48550234476847537
ck_d0f470f8078c91df,0.30664735260077436
ck_3a70b4ee59084715,0.3787936816230917
ck_179ed66cdfc1ce27,0.1384190954879854
ck_387e5a7f163c7837,0.6536287688145072
ck_08fb463e69f647c8,0.9928023336723144
ck_732f725747393ec8,0.4568475224722781
ck_7cc5e0fa3ca5a713,0.22142981239940923
ck_ad4a4daa826ac68b,0.9601410385819209
ck_472e0be7a3b533bb,0.6823514902728082
ck_7190177963eafdd9,0.331160129449619
ck_647ac26c5900f082,0.18727488938645784
ck_272ae2179bbd8e58,0.3645002218223224
ck_09b0d8af304646bd,0.03615804231480618
ck_ca0cc8ea9f344408,0.36151252003456447
ck_332ad134fb909869,0.5860319022494132
ck_fca2798914627dc8,0.8259651631734178
ck_4450b55f462ae134,0.42534079794738916
ck_d67d9dfb60b286b9,0.08484408123193932
ck_a9d2bb4f2bde7052,0.15828055514976402
ck_929bcae878a3ecb3,0.9289734360631657
ck_59a9e000fa275e1f,0.4841782484436834
ck_57f17254e2688637,0.7574515822033457
ck_0508908697f60ce3,0.9085346525221
ck_946afc2943298d26,0.24183449056806555
ck_7176d12b18f2cc0e,0.5821954024504115
ck_5c47b49c26cce286,0.7235343139753947
ck_b6a2bdb2d335e1d0,0.9974876053983182
ck_1d58f6caaa4d012c,0.3890469498681591
ck_71c917295020ccc7,0.2628502938320182
ck_bc89644ae3688995,0.46268713027704617
ck_e7c212f16d6df272,0.28495252808358673
ck_c6d2e11a368184e6,0.2530723421788341
ck_eed7f1f7548df15b,0.33509847205503973
ck_75b69034000ca7bb,0.64615949332542
ck_38da3bf629458682,0.6989875911199178
ck_90114c891239d821,0.27941848611897235
ck_8ee08f6777cc155b,0.3655527075850655
ck_bd86132499defcd0,0.3958032385973515
ck_b95fbf2b5640aa82,0.4508042086765069
ck_c530235393360e3b,0.3352342768723123
ck_be52a7ec43241ba4,0.778161832251435
ck_d96eb3cc55f2772f,0.4964346361456933
ck_dd34f0a844fb115d,0.8387987251313321
ck_17cc7b411f448e66,0.7144014430037097
ck_856ea65fa27d06dd,0.6818422250786893
ck_056d5f0301c30902,0.7966991989488109
ck_e662b14b2bab23a2,0.9161398180649788
ck_209f574c8d92274e,0.3356416913150744
ck_62720b81617896cc,0.6606906144176375
ck_041614694b77e599,0.24740248751413557
ck_461e3f7b97db8d16,0.49779268839714086
ck_1b74b798eebeabdc,0.30776774346684405
ck_0ed2739384f1d644,0.42737786829990465
ck_5a4d19f1b83feeb8,0.1182860267925907
ck_463937167965a1f8,0.47348361491597346
ck_9d7151dbdf100e0e,0.644665640525543
ck_20a7d1ce6cc27312,0.2496093166769194
ck_6031211ff118cf0f,0.18832737882232112
ck_a6fc92aa91e99b77,0.9526038045366563
ck_0aaaa9d2f75a0518,0.574726141633763
ck_ec26e327cc1848b2,0.4605482030734268
ck_0e6bebf8ae9b9b03,0.39515816597142933
ck_e107537a4cb738f4,0.19993869101351702
ck_e8ea56e122a5a487,0.7990078891112455
ck_98149ed45d38c4d3,0.7235003643063929
ck_0e719b3a6906b8f1,0.06396408556569695
ck_0c6e7bd357e4a348,0.13682338810837708
ck_d3b2b250da61db19,0.9690363435405219
ck_8bb6b0a292754576,0.8918984952810157
ck_87d70f5fe48a6128,0.5558153089458063
ck_ea9edf9c107d429f,0.5487195097449377
ck_059806c52cebe4f1,0.8792007280930805
ck_a72d6df666e1c21c,0.21372288443537293
ck_1d2b80ab6c4944b9,0.4944654656767405
ck_60557f077abc42ca,0.8532619468073912
ck_e5f5cb7dd6ce4a37,0.6695179358017417
ck_4c4a939154446053,0.16137011363012285
ck_50ede3eb561a202c,0.41016460212378314
ck_6d03a542922b2ae8,0.49697786007022976
ck_d6fe761ed0db3270,0.46231366559747433
ck_7f0cd6ea3096f985,0.18017908587508852
ck_23edb6d938a3b87b,0.18971937623251983
ck_799aaf9f2b9ef621,0.3495616864804964
ck_f8f6a03613b6dda8,0.7385747206096422
ck_7cffb189f4f514ec,0.9812588713525213
ck_c081e1967dcd811f,0.6274863262335894
ck_583d6ca78c97d91e,0.9337945818375778
ck_9332bbc7125219a7,0.1906700106820664
ck_956b5af6d7d86c65,0.9605484611571727
ck_2d634e3f24681c0f,0.6379772488509936
ck_7b35d218ed0c5a60,0.33407993467884506
ck_ca5b1057f8248f73,0.6325111050138343
ck_ec5ea81cf813597c,0.3536358332824849
ck_eaebaf4d28400fb8,0.3456233458426638
ck_ae2ab6be219219aa,0.158484262779543
ck_d99a8b4c820eb46b,0.1796019151734861
ck_bcfb7ffb7cd428bd,0.3152030590926492
ck_3dd542c2d31be2c0,0.47613181069818056
ck_c7dd84401e29a7fc,0.23144541937672825
ck_c4bcc7cefd40f8e2,0.05815842783682442
ck_c251898b5d51e3b0,0.48597767527707497
ck_36d37be780c1291c,0.33638862080292176
ck_99b4f266b61ae7ee,0.7278461205697148
ck_c37f03995f0f0169,0.01500643622406599
ck_65a23ac8e44eb901,0.19712074060784668
ck_644b1c1149eea9e0,0.6466008596212496
ck_9cf44eb0237c2429,0.31740988875039994
ck_20541686a94fb71c,0.765396167384372
ck_c18245be844680f3,0.4255445094393726
ck_56de216eda6b7fa6,0.13142514541323083
ck_406c4442dee45cd1,0.07228213234181446
ck_df1585c7d72a96e0,0.08365578813053805
ck_b8e8dba20676d87b,0.46903600758030195
ck_0ee6965e68efc177,0.6659191040327163
ck_c2a5c54ad8d0d297,0.3859913383705382
ck_bf6fb7e6470e95cb,0.01633053374852942
ck_27fa694569140345,0.10429812566586456
ck_e04166b0ce66393a,0.09401090803227274
ck_8742114f4f0cb22c,0.782915000542459
ck_6eceeafd56b42576,0.8772315425463083
ck_34f9951b0eca1965,0.7607109008894365
ck_384ccecd342a24ad,0.07880076487647573
ck_49c98bebd1338879,0.059482525015913314
ck_6c26c12071c91ff6,0.23046083243647753
ck_01e5986ebb9a78f1,0.6270110087710122
ck_121db7ba3be29ee8,0.8364221357472575
ck_039e6d5a330cea1a,0.8481692629422946
ck_ae8c9163cf957d7e,0.8103475918593066
ck_3f5e8f3f1df0c8c7,0.8690832347157057
ck_b1c51fdafcd80122,0.5788002835104477
ck_12e2b5ebfe8986b2,0.3786239262016756
ck_d55eb81a4d543c59,0.5797169641128713
ck_f85155ca5c312c7b,0.6195756907189656
ck_133d8a1ac7c0e301,0.9917158837993514
ck_04212a9bb9b28696,0.9975215573610624
ck_4cc11c7d3ca61f73,0.14004875342818757
ck_2df4854186ec515b,0.44673005903140556
ck_aa9b28e7fc43af79,0.9389552283612457
ck_47cad6c3def4c9e4,0.049738526593369185
ck_fbff7b5da8111567,0.5181634144336535
ck_bd25ea782e375b22,0.5650839916730941
ck_7989376f8cf64a9d,0.2537513639872123
ck_675c0ca1ebb1051c,0.06871725512800149
ck_1436f6e11d4008f9,0.534731604814823
ck_812cb3a4482cc618,0.37746958637072775
ck_6e606f73a1094afd,0.3222988629958237
ck_1b708e2a4a0584dd,0.3191074493703835
ck_a60d6b324bae0330,0.6355667140776343
ck_706a4f673a9fda3b,0.926732637544003
ck_a75ece9a9044eed0,0.1602157733861126
ck_9aa45c4e03c8c57a,0.7332104121318699
ck_9fe9bdce982b312c,0.8199897732121034
ck_c6fbdc5ba68a8466,0.7853594953663883
ck_ed0cc1b1c28f9511,0.8234527667056057
ck_a4e2607b4c8021e8,0.061078232517232926
ck_e02f93f51cc8caf3,0.4108096857177398
ck_7084ed3cf20781b7,0.7941189038122594
ck_cd4c63155570d6ea,0.4860795250691776
ck_d1b9e5d32d2d789f,0.1916545954275987
ck_68f56f6560a7a933,0.24499195192787032
ck_8bedacc6233c6269,0.32596559377349155
ck_ab7cb50407d6b13e,0.5841985258420728
ck_f17ed7e0fd687742,0.7977177311066322
ck_b0fe4b92fc70f72c,0.14076172849119944
ck_84d62b8196da2452,0.454674642701125
ck_9e298cae167f4693,0.17478084572497435
ck_405b20ef9ad0ba5f,0.9136952911154436
ck_813e02e1ababd177,0.6529497369571605
ck_f234ab47061ba7c0,0.15753362799947362
ck_22b587c18363899a,0.5400958997773317
ck_4e862c2f48c38aeb,0.25198590007471283
ck_b89cb90a420c9075,0.34222822537390285
ck_be2251640f27a3c9,0.8622251015060816
ck_46bec0bff167ed3f,0.4172604057164029
ck_c0032232c2868328,0.4869961991832287
ck_030cf09525dba4ba,0.13454865794595475
ck_6ecf56236789fc09,0.9807156457052237
ck_38d4ed52cbe6d123,0.7038765599886857
ck_2d923d957ffd4d53,0.4897462520096991
ck_3af1eb88728ed8c7,0.7122964608349835
ck_2f8120ca80a1592c,0.37577202637523077
ck_6cabb1a133f0b151,0.39953787328888274
ck_bb6cf7e7b707731d,0.9581039375895983
ck_c8307fecafa90140,0.4300260639295693
ck_75f968be67f46d24,0.5773403787320543
ck_df6fe4ec5a233213,0.43090879576284935
ck_b53e88c0e927d896,0.023222630111535303
ck_f0093064aa28f4d0,0.6421192974152948
ck_ec9976cabc63ff92,0.37458373478182516
ck_30dac0a58c5590cb,0.831329479085615
ck_348a525791ae6475,0.737827777263795
ck_b898d912d1181ef9,0.36232734292951124
ck_f5b1200dc6f95760,0.6327148115192754
ck_54978a073e7a0b1a,0.5801583382010349
ck_55933936536a4071,0.3560124230076376
ck_d6ba7ffd2ae08863,0.428668017164657
ck_404e2217fd87fdd2,0.14717850674874827
ck_dfaafdaefa5716b6,0.6982746094087208
ck_556c62e92d4e7e5b,0.8323140341485944
ck_7ce44f4e06d58111,0.7892299397094853
ck_465cb8ce232c7670,0.22506258869753867
ck_237508ca4fb37268,0.6495546165868866
ck_ba4a6b9aa63964ef,0.647789150290259
ck_4802a0a7a1882c88,0.8995715562834286
ck_9478dfe4114c30f6,0.3630063744690067
ck_5138f6c575dec64c,0.40805962719093813
ck_aebb42afe430e2e9,0.09482573711718081
ck_004efa95555437e9,0.30454237784664534
ck_11af112667c98394,0.5302839963303274
ck_44e9a18a8645c9d3,0.196543570535036
ck_2605fd571219e28d,0.07981930220828312
ck_dfc933493561d84f,0.34660793759464253
ck_67674348e68d1f25,0.5782570634220248
ck_dd97429277a2fa00,0.7635628110057098
ck_d3eab7a06eb48348,0.7437352918535908
ck_0b9fcff9667ec05a,0.3140147665577362
ck_fc4bfd6e739bddea,0.16198123714723323
ck_43292f70a03ddf2b,0.6640178318409862
ck_5ff6108056a3fef5,0.33913866697395917
ck_767e0be086b5f601,0.6680240754391756
ck_b8465b1a5666155b,0.6003253610646877
ck_ab2e3fc56f5b3aae,0.41773572939273146
ck_1833c81d693c1e07,0.9666597259822295
ck_0308e0602b856445,0.10344934499677665
ck_ccbdfe744acff8bb,0.5167374613628927
ck_b294aa27a0b586d7,0.2441092195928726
ck_a3747201f377626d,0.9738574619251469
ck_edde1d7d1db24725,0.6055538384378305
ck_ae3b47d6e1063704,0.3035238413239408
ck_3aabf5e0f4defb41,0.2638348755731425
ck_f034adb57391f3d7,0.8379839045791464
ck_533672fb40531607,0.7265559721656358
ck_2a244f1ae08ef83c,0.6063007662992494
ck_a35d81bcc54ece2f,0.35506178589214804
ck_78a61215675b38f0,0.4036120192769231
ck_e013d88ea7939616,0.3001287201082756
ck_e5018f9418e0102e,0.6406593964667316
ck_d4e024fcda401a31,0.3756022697541365
ck_f736cffbdb82db34,0.08481013081982489
ck_1507f5aa50cdf3a0,0.3394102743085876
ck_18270fee7c8fcee8,0.1673455286937734
ck_95ffa1a805a1c9d1,0.2892982862851062
ck_11132d245b94d045,0.1651386985507138
ck_7b93a622e40d8b14,0.7241114857631967
ck_3854c08d17704347,0.735145644563133
ck_7717fcb100dc4b5f,0.609899598056949
ck_ba54e0a1c328119b,0.942554119955105
ck_a7afdac4ecbf2de4,0.937665066315375
ck_ecfb771ed2352085,0.5007124903044009
ck_68be4fefc85a6b64,0.9222510292596422
ck_dac7c50bd6d0148f,0.4638414728015749
ck_87cf36a03bd63c24,0.9132879116231186
ck_8adb40b168b59d7c,0.5879671112686644
ck_8d2f62930777416b,0.7208521689568065
ck_9958b58da9e3c21c,0.4909684956350344
ck_9440335375701f44,0.5865411590420194
ck_e2f88e202b6f700a,0.6983085653514325
ck_4c7c50684827a2cf,0.23813380640264412
ck_8a6ea4a79b1c7a8e,0.25826687738750514
ck_186dbff4b24a3bbf,0.8522434117408852
ck_220fda3c11c59b6c,0.8787253908912902
ck_3acccc69f8b1fd14,0.5490590201371999
ck_9de191bf79afd676,0.4745700540575848
ck_6de6b1663f9457f4,0.04742984421089675
ck_062754f8b79b86e5,0.054389843191010805
ck_aa153a89a52f7eb5,0.43505084133564903
ck_34a6bd3be642f15c,0.4275136724087018
ck_9371c700d9830326,0.5269567776149395
ck_a99e0c258ad7576b,0.3968557271653425
ck_0a7ba51d626e932a,0.7391858360407192
ck_852c50bbba1ead13,0.7702172580391927
ck_43dc13b6b6d31297,0.8412432078665819
ck_7d81b59d615a6649,0.6052143278323816
ck_39a3f1da060e88bf,0.3939359220934538
ck_6fb2d142c09ed3ed,0.6039581334600007
ck_6e5752b87324b58c,0.36127486006711435
ck_9441d48a12e8a4bf,0.8963121556845252
ck_09e9c51eb538b255,0.36358353860119713
ck_8d0cd981ed3a183a,0.3980100674228348
ck_57c07c45269ca8c0,0.3930871497907158
ck_ccfc9ab888ba933d,0.5107280987793137
ck_9658a6ef471053f0,0.1983090338700125
ck_dac3852758f4ea89,0.20890181263469945
ck_b1ed2278f5f14d82,0.6831663206089197
ck_333544d173524f70,0.8312615515374021
ck_fd4582e3853ef23f,0.4397361095280718
ck_614d936cef98db04,0.09638749293879899
ck_6bc351a3d57aac54,0.5026477080266222
ck_af5842fa7202ff25,0.5215585343273149
ck_81307759252571be,0.7634269999992466
ck_b4d2f02d2cd45720,0.87458336647545
ck_1bd753a4681946c8,0.9838391917690633
ck_46d8c029d46867b2,0.24159683034917523
ck_b7da6640fa2f49cf,0.9026271320634045
ck_9ea3d5a5a91fef9f,0.7603714087734956
ck_7b922518f667f76a,0.04790516208390933
ck_2a5b31594206eb30,0.9469678431147114
ck_d9506476ad3f9e08,0.6004951156742521
ck_c8791f7ebd4d93c7,0.7387444609402204
ck_b5a3e20fd210017d,0.4968081000298354
ck_8e54386f4fe22cad,0.4197048928530448
ck_75296704f5806f56,0.6264677873751922
ck_0fbbc7a6af300368,0.13682338724263557
ck_d19bf4dc0627113d,0.29870277243914534
ck_7951bd4eb99a0175,0.08603237312063106
ck_059e4fac6b7f704e,0.29788794005233793
ck_2ce8931af02a2ce3,0.41101338359760375
ck_9e665618a4860306,0.3682348565219613
ck_6fce5a893613fd2c,0.08158476562800991
ck_9e3fbd04e3532f32,0.9115223651553425
ck_55f2ef0de3420e3e,0.8150328622022585
ck_8d87658a6f5d204c,0.9431652285079181
ck_6d6ac1f5dd882aa5,0.06746106054987183
ck_55d0c7012d7ef236,0.6505052491882525
ck_7738eb085e5753d6,0.2619336097882049
ck_0e6e05c3cc8c8242,0.5073329755093715
ck_8d27ff8383d48132,0.17946611032475862
ck_9afc3bb849f3a64d,0.27256033632606663
ck_27eb86a9898cdfe3,0.29439096719176505
ck_1d40e4fc541abe93,0.8737006140287553
ck_4fd9dc00e1913587,0.9861478818161563
ck_b26cdb2b7b165d2e,0.7784334505864688
ck_a79a27767a02e31f,0.43440576919355284
ck_f0c18cb9f951a71e,0.44897084048804603
ck_50460e0189de6274,0.971820356929365
ck_5e5280539257c986,0.3828338801721635
ck_eeb854318b3a6f0a,0.28597106543125356
ck_943f66f28dd24750,0.009064974176769115
ck_984dd7452aee372d,0.8529903632250012
ck_ecaa6de0aca5e9a0,0.7759210626227534
ck_8f1cbc432e2774f8,0.5729606727238089
ck_d91d9f8445b9769a,0.918584272526595
ck_73c18e03e3c7612e,0.1097303197701205
ck_aded05ada490da20,0.19732444894260023
ck_f744e208183971f8,0.334894763288024
ck_02d4cef6358ad3b7,0.1505736295462944
ck_08ff5bd467226a5f,0.0161607775853868
ck_f824b326d5089885,0.9180410662679347
ck_3420f2fd520890f3,0.8378480859907179
ck_1838cf8d00f5b1e1,0.43440577175297024
ck_a85182ad90b6f1e1,0.13451470644250704
ck_fecb39c82c43e76d,0.1891082569237821
ck_162513e73782929f,0.7226855339705776
ck_2c27b77c59d8f23b,0.8983492625415407
ck_4221e07b17388fd3,0.6170293503956049
ck_adfb8472d5c3d669,0.490153661526364
ck_0742fe64055d686f,0.10307588210082383
ck_5060aefcc8b6f958,0.39675387304164444
ck_643f549b4ac78a26,0.8971269870923593
ck_dba767885bd6ad69,0.509471904147012
ck_0dda35c0c64c7073,0.9831601538035154
ck_38ea56d43afa5660,0.6139058371284328
ck_d813e15ac91f487c,0.9041209664660306
ck_4c840e5585a7b167,0.8961084666860102
ck_cb8551453a7bb929,0.300977500799219
ck_05a00b1dd5a03359,0.23063058896658784
ck_837cc7fd48453a01,0.5540837972038399
ck_49dd816b31fba6b6,0.9034419649235971
ck_86a61d9a39768e87,0.6283011526832917
ck_cd0e76f0e7bb38cc,0.3974328971561558
ck_dbe58392635133ca,0.7403401765334663
ck_3caec7dd6f8d02c9,0.7033333454793693
ck_bfd9bfc5b6ab4a54,0.8123846676315055
ck_2103399bdb2898a6,0.2643780932390687
ck_329f7de7279e74c5,0.2969033559201359
ck_9bf0d28119fc42c8,0.7446859386702223
ck_f781539b1042dc83,0.1758672821881365
ck_9986c7d781ac6b4e,0.1978676684688236
ck_a627734880aca848,0.10002027325723602
ck_2106e509d77fdb4a,0.9213683710341658
ck_420d1a9c604293ce,0.4726687872485604
ck_fce0610c527e2b56,0.44448927963238205
ck_073da541ec3f9d3d,0.38032148781647745
ck_aa5f3ab48c17fed8,0.8774352374491275
ck_0fc1086e1c9e04b6,0.27082882394529306
ck_5c33bb46c1a5945b,0.575201454231476
ck_500948a8d4bd8e13,0.45518391100471817
ck_19becd44f2c3d2b5,0.5490590193290762
ck_7d0fe77dd5ddb656,0.7349759106971819
ck_f158d9e5f101bb35,0.4311125004868881
ck_cdd7c77823c2257f,0.7882792911382366
ck_6c7b41374f9b2e55,0.3597131041286035
ck_417090dbffb1a63c,0.553880090883839
ck_dd0e17605f970319,0.22849166079471128
ck_3646515079e6be55,0.6408970565403042
ck_89c8b06aa8c84b2d,0.8028104183193566
ck_e4d6dedd97233c07,0.5946215472066305
ck_bc82fb1895fddde5,0.2017381067815973
ck_88a8b1d442ca3686,0.7225497292229366
ck_5791f8f76a629a4f,0.7918102716070283
ck_9cf5e88e97c8c7ea,0.6274184244377463
ck_58fd684aa5a6f289,0.004413657878628177
ck_9800c21dfbd8e811,0.19871644857435564
ck_8ae64df60ab6ccda,0.7087655395393165
ck_e535fb0f0c00418d,0.8149310119956742
ck_48011996d54855ac,0.9287018332992399
ck_ac79c72a8fe3fdef,0.655971395897055
ck_b8cc2df5192bc49b,0.5195214613708179
ck_e96a5e1f08f8a867,0.23636834769814882
ck_84df6770549e43fa,0.5413181488018886
ck_e5f7b99ba6ec5767,0.5216943384325218
ck_8347455ab53ff620,0.21053147049051074
ck_a84f2cdf695a71d6,0.4333532841935411
ck_90456160115f9ef4,0.39121982865983673
ck_ebd178b3f3a9c50c,0.6460236874502346
ck_e1140be6157bacbe,0.11482300129853645
ck_744ffc11d32b96bc,0.18374396317751876
ck_e12a9f7d027e3387,0.23650415091377258
ck_cbe525da0b69f18a,0.3349626649552825
ck_aa59702537557ff1,0.7903163710117417
ck_0348cc6908f7f3af,0.04885579556530141
ck_120e995d50956bee,0.7990078827512096
ck_9fcde1ff46cbbea5,0.17583333248375105
ck_54b0b070689c50d6,0.030352384869729444
ck_966a167758fddfd4,0.7581306066235413
ck_d5194f2e92fd6427,0.5489911161829285
ck_2ee84f3fa27f2cb8,0.24828521905829048
ck_57d0a7eb7eae2eaf,0.6833700266606181
ck_6a2c4edd82e10969,0.11655451356173015
ck_96e4d38ef670eaff,0.347219052787892
ck_52cc2fd5095b169d,0.4192295796608365
ck_4b088920f3a844c1,0.7895694397495021
ck_8f3ccbd20d59f1f4,0.22961205114116254
ck_e5e5dc431bed6f9d,0.2888908689052956
ck_e8b5bfa6838e28d1,0.7453989000183247
ck_4bfeb78b47b7c6a1,0.7071358862268343
ck_a705c61bd679496f,0.3738368050712034
ck_731869a0c39cb2fe,0.6664623183652314
ck_259eb102342057ea,0.4299921134030607
ck_47a6005fabc33551,0.10660680745232641
ck_682262b455a9edd4,0.097168372048594
ck_e839d104854945f0,0.3582192472796259
ck_761989aa4c47d746,0.7336178268543064
ck_44211dc210139ed3,0.3696947565351147
ck_9915ceedf63a5289,0.8808982724630028
ck_da59ab47cb6284ad,0.04403472364474457
ck_e5cdbfcca2456652,0.6115292555738611
ck_13f2560c6a1ec62f,0.43053533061490484
ck_a0543e9b3abe1001,0.7188150992451494
ck_11c7a58e09e6547b,0.8134031994517597
ck_69587a134d43a4ad,0.7488958747898655
ck_28dc0de0ae291f37,0.7960201702432632
ck_298922703c5bbe05,0.6250757892070028
ck_fa5ba9ed9ed6a343,0.5163300474270881
ck_c08e64d424e56c05,0.6642215404492753
ck_598e036a28262aeb,0.772729635269483
ck_3f7c870510083a51,0.3682348534533697
ck_364f8203a3e98d36,0.9441158697774953
ck_7333cedb61506ead,0.5081817579622683
ck_1d96d7fd65f208b2,0.6953208585609756
ck_63133a79f23e2627,0.6364494447371591
ck_901d820e0b72abae,0.2529025838175131
ck_5dd80b3c01457bd8,0.7173891460307481
ck_c0b8067c144ed6c1,0.7007530494862119
ck_cebb8aa8c8f62c60,0.2291027831177379
ck_79749eca42ff1f5f,0.5891214503244014
ck_2cc1d9b587f6da31,0.9193991328273635
ck_ccc7916b56d42195,0.1750864035971991
ck_e43e53cc7b8b8e41,0.518333169416068
ck_4ab74a6e7450416c,0.14554884946960223
ck_6e44024e9de301c6,0.052828087476990346
ck_dd78cb6ae2866cc6,0.3819171923036643
ck_c363d3b050baf3b8,0.7279819235332359
ck_2d46291975f0dd08,0.10850807570667692
ck_76ebeb5aee42f041,0.7068642670409593
ck_8395f004cf4d4c08,0.19956523017931085
ck_de7259c3741db179,0.2436339023598226
ck_3938e92585df2b34,0.4256463554558422
ck_af69bfcf4f07d932,0.5790718909778677
ck_1723900ab9afe374,0.7991436954808077
ck_3d58628d1c853c8a,0.3374071533921065
ck_12a074db100481cf,0.8010449510199878
ck_8716cbf892c50e29,0.5229844870223839
ck_fbf7351958ad9615,0.4715823474404998
ck_a50370907e6b397c,0.761525731357262
ck_937402a60df0821c,0.10188759011289303
ck_8ce9c5807acbef48,0.5088607884665016
ck_acf7d65eaaa4c31c,0.18089206243107522
ck_ec3eb6dd0967cac5,0.7677048507891662
ck_fc832b0c90c9bdb9,0.95864716746623
ck_8129e81cde280131,0.26359721826319815
ck_52c0ef68aa2fb8cf,0.3635835391322301
ck_06f042e9b1b662fd,0.6804502196840683
ck_0bf35dcf7b38f650,0.05126633143913947
ck_615763afc2e17a7f,0.14429265478447
ck_e72db9d4b2fc9997,0.9902220209355602
ck_13757bf0eeb353e2,0.22472307727928637
ck_abaf371ec8249c4a,0.8740401225565897
ck_9b7167da0920c37b,0.728593052952434
ck_2e824b0b27494a17,0.8279343306486022
ck_9a0b605e9c3220c4,0.4701224452662403
ck_a5276af466b681de,0.09272076239217088
ck_9e0383e1fb6e214d,0.8409036952102752
ck_6a27c44b691dbfac,0.25531312167814185
ck_af39767cf583905b,0.5810410640441837
ck_243b1b9fdd3f9a74,0.06443940188544918
ck_c0422e638a9c6046,0.6664283687035285
ck_e0f3ea3373dfc4aa,0.8335702308127764
ck_d56ee1654378ffc7,0.3968217749084125
ck_20cd2f5666719baa,0.10355119852693374
ck_4dfa1c1e9b69fcc8,0.4348810863722531
ck_5d22e9ca1d15180b,0.9297203735554104
ck_f4a7ac178fd55f0e,0.16873752746126883
ck_fd5609bd23a1eaf8,0.34002139877098286
ck_49c3bf13dc9471ce,0.5656951126228805
ck_724085c3452d4693,0.9293129766848848
ck_e5d1462846154a75,0.7884150957278486
ck_c69ef0f3e7d6acf9,0.7905200721431995
ck_a2d0417791d4132d,0.35153085921556443
ck_00a07fc2a9183c3a,0.11339705156869072
ck_781b8288e54ba8f8,0.8510211664509745
ck_d74a62ab3804a81b,0.4336927952338154
ck_abcbde211b6267f8,0.6469064202753163
ck_16dbafc035574654,0.08942749500727898
ck_018f780215ecaf38,0.32576188651898697
ck_0b259620eac51618,0.21857790823068093
ck_4f875342394c110f,0.7640381231260097
ck_399e45e5fe9beaee,0.28515623538208074
ck_36224a2d394ebfe4,0.7721185109223876
ck_c189b551bd111332,0.14965694606377872
ck_125c5a720ecb177a,0.7937114879630065
ck_76d010aa02eb477a,0.09492759204477545
ck_1071d14c46c92379,0.9227263738846239
ck_61d244b2cde483af,0.3482036375701146
ck_2ff1860da2004c84,0.24604443916584248
ck_c5b583490198672d,0.29734472296183356
ck_1294f7af22fade11,0.8253540422482444
ck_e3a22799716df39d,0.3906087066531544
ck_c77e22834ef97005,0.9407886133088706
ck_73d3689728270a2b,0.11278592914467458
ck_295565fbf77ef885,0.09037812884078349
ck_80c0a7f54ff4895d,0.1314590956214246
ck_f1ef5cf7f10b16c8,0.6396408711443498
ck_a958b2461ffc21a2,0.8934602589237672
ck_0e7899a57cd617d6,0.08083783774359507
ck_9d4fed252718f58a,0.6285727735773813
ck_83c2c34add971d76,0.2014664989019676
ck_9ccc030ba2de9fb2,0.6122082765784166
ck_cd691e3466fb3742,0.29788794098014526
ck_49df70f908dfd069,0.8175452632595013
ck_362ce13eec1e33a0,0.2695726292820459
ck_2452a30397dfc54c,0.41189611386728864
ck_a443d49c2b4863b0,0.3289533004948446
ck_c8b2e2cb349dd0ff,0.3883339742573731
ck_354909fecf5da8cf,0.5215245823676262
ck_841f598bbd54c83f,0.8163230047664178
ck_cd6fbd4e8724f994,0.645310711542739
ck_e0b3158111370118,0.5811768685669143
ck_4c2f2eb657c2c60e,0.21769517579081307
ck_ef346071f0b7654b,0.3716299793531073
ck_f3bc10e3decefce4,0.17138572122429357
ck_189b6fbe9b9192e7,0.5536084798554329
ck_5245cbc5ff4d4fa6,0.44601708359708103
ck_cb42e3be6fe87f60,0.25918355842836976
ck_966d4d713cbc7792,0.2225841520864716
ck_1c8c969667cbaab2,0.9619065115406568
ck_d35e3aa9ef5d405e,0.8129957877474505
ck_a1c39df50a5873b3,0.5610777473599151
ck_a152165caf295b51,0.34317886069819986
ck_891eaedae139828e,0.411217089696933
ck_1a46b56f4734d52e,0.549262730578718
ck_5e36042cfad96c99,0.9037135512599932
ck_02a8582c2603e675,0.5612814569911682
ck_6def9d0429e4ed4b,0.4122016764655935
ck_e137400825a1e3e6,0.19596639907600505
ck_d91ab840848a54fc,0.04518906483396117
ck_becb6e1c608e0078,0.1454130435800514
ck_6fd8c86ac719d7eb,0.9007937306682047
ck_3ed4d13f12fd9d0e,0.5153115104879783
ck_007337aa99a4891e,0.10287217593315792
ck_60c3d8306527a08d,0.13037265788690647
ck_95458880a54df0b1,0.9132199349247513
ck_b48cd8593533fc1d,0.9346773166918315
ck_021c6a4a7e3f1f0e,0.07408154713882327
ck_764d40f865e710af,0.24030668393217144
ck_4b84357ae8ec7777,0.3141845248798664
ck_3397c7856b4669a5,0.15206748213746418
ck_920bb003b42e6310,0.20995429997152076
ck_8f59f11b512d5b7c,0.8276627146253503
ck_a3acf4b986afa98b,0.8991641135982467
ck_e89d25ed7bdeeaea,0.25534707032632015
ck_70e6bca473bf6902,0.20985244680591889
ck_186161ce152836f5,0.1842871818383544
ck_9191579254663f5d,0.13869070388610694
ck_1e6628879e9d653c,0.6734562715933305
ck_b498fa91a0776ff6,0.7636307085155773
ck_cfc2384f22954830,0.8113661243762298
ck_17673a1c2867888a,0.09075159197609754
ck_523dce06515b072d,0.6113934471905226
ck_c20638a325ead2e4,0.3748213898842139
ck_d3877e1f907cc148,0.7477754887993681
ck_e9a2495dea8675e2,0.6217825204173799
ck_7e561caa5fa1f3f1,0.5503491701323697
ck_455672e652fe1abc,0.9594620120417809
ck_7f8f864fcc90ca82,0.7443464141247382
ck_1ad36046aaeb816c,0.4965025440956463
ck_de056e37c82e8e00,0.6849996825748539
ck_7484c214c889fe7f,0.6814008548461018
ck_32430e678c4f9f53,0.2270317600276245
ck_6276ece8f80ea799,0.4812244925179288
ck_ae8e5dc4b725bc25,0.6577029207318201
ck_f01be92dc78a2dc7,0.2738165332777961
ck_233397a8bd40d38d,0.2671281416154351
ck_f8124911450fdf31,0.9646905432487789
ck_aa0a3179f1111674,0.4556931837603143
ck_2366b29ed9887a5e,0.1475519724739243
ck_1f22f04dfc08cf27,0.2195964452920297
ck_b62276c3426d680c,0.587220185073182
ck_d099fca88691f66f,0.7406796799529975
ck_166bd1dcbaf4d6fa,0.05269228298419375
ck_7b1660e942436e12,0.4886937611415749
ck_4a9a791a1d409a3d,0.8170699304140125
ck_b003e5b54df65db4,0.4877770761552947
ck_64b4dcbf436f0b75,0.26831643525583476
ck_26e9a7bb2061a58e,0.7643097327531824
ck_08b77ad5f8f73007,0.5105583417277119
ck_366616a725afc6bd,0.7834582267454538
ck_934fb5064b6eefe2,0.12422748745618716
ck_c6abd5d57b1009d2,0.08613422698674643
ck_edcfa9e1cf29d813,0.7514422170532016
ck_c30201ebd003fdc7,0.5842324786349851
ck_c54643d94d3ce355,0.6490113956433526
ck_02adda6e91e49650,0.4018126036378876
ck_5b73d7c5255e58a3,0.9084667824985736
ck_129ffae92dc01408,0.045121162307572536
ck_fa321945ebedb916,0.7250960707906329
ck_8da980cb2e1e2bfb,0.524036975164095
ck_0576b00d728bdf19,0.793643584294063
ck_c543d82e22b3c8a5,0.14724640931471464
ck_0027ba644f9ae2cd,0.9067012874184025
ck_8dbf61df902a6bbc,0.03211784721837594
ck_90eeca1cda79fd41,0.07027901112128622
ck_86d7127391d4e01f,0.07822359473815932
ck_73762038c7ff2f6f,0.09737207910699433
ck_a1484e6215fac651,0.9479863892835826
ck_cb83b9f806e90dc6,0.8929170373105046
ck_8c6f059c95872126,0.05034964893901039
ck_3174419a81e7caf2,0.1166903179037301
ck_6a0f8f8fa4a3c2bc,0.53058956110736
ck_b5777605668bfca1,0.041420479918323296
ck_27e4de495abb4d15,0.7076112013896925
ck_7f6fa79c7a107161,0.38704382641845536
ck_c36ed9f8e6792ea4,0.5694976597710231
ck_67a1aa88d2ea554a,0.7966313045007478
ck_09748dfe4df3d540,0.1088815394554322
ck_27fd85b1e38b675a,0.07021110754333273
ck_2369689bd795ee10,0.1474161655274456
ck_4eb1c12f7d092bac,0.349901202590211
ck_01fbafc42c8e33f5,0.2616619958764739
ck_93c4e05699b3b7d0,0.5812447747277796
ck_afc484d1b6907983,0.11349890402465453
ck_1b2d9cae92a1aab1,0.7984646575310618
ck_73b729cb161487f2,0.4914777621032459
ck_fe3c1d0ac090d960,0.8387308275604527
ck_408efac1d3885ff8,0.8737685078490054
ck_ccb4dd9d0a48a76e,0.3626668557214641
ck_2987eab34ca7805d,0.7233645606485379
ck_1dbf1f15193197db,0.8182921825222079
ck_4ed711fe4053e74d,0.9180410566617633
ck_6c54adce174f45f4,0.0874243728768092
ck_a6c740041faf0bd5,0.19895410629786858
ck_b05c4d33c4f43639,0.8789291054927324
ck_032880f1114dd51c,0.4250691846859364
ck_22311b037456a76e,0.09971471172600672
ck_5866b413549765bf,0.21443585991981173
ck_0e808afe2570ecac,0.6049427172945228
ck_634276b05f4381f8,0.3987230446795583
ck_5d8773badd0d4740,0.5064841958736603
ck_82b5b79ce3517102,0.9597336277160464
ck_b378b8d8100ee4b1,0.45521786422386507
ck_54e581f71be5430d,0.03795745608770924
ck_798ba4b8aa544fea,0.09845851753467799
ck_3fe86b6331ff95e3,0.893324452182018
ck_81275d9d4c559e6f,0.12813187759917521
ck_99a4e5ef02d89493,0.6236837901807092
ck_54e2eb018d947790,0.3233853025629177
ck_966901ea9c77cc02,0.1301010467894569
ck_27d69ff4e0cb428c,0.8461321881643855
ck_2cee2dd7bbfc09a0,0.965030064994859
ck_4136b00924695ab4,0.04868604004079577
ck_59a164c40c03a45f,0.40238977776550794
ck_3e24b026bc66789b,0.06820798711468004
ck_8105bcf69a75ee47,0.3540432467057431
ck_7a1782cefe26a456,0.8614102523970172
ck_970c7dc195161272,0.14307041235607032
ck_a48ec0c00ae20e82,0.6398106158303483
ck_54b374ade34e1dc1,0.4862492732975839
ck_74e5dec189761d14,0.21718590814141633
ck_4717f24f2c6f40e1,0.7657017309965884
ck_fc8cd8a8209e802d,0.6623881843933646
ck_71db4131d7efe218,0.17804015955538666
ck_45424ea6f0bc4650,0.8818489062261533
ck_3716c6181a5035bc,0.5874917958650827
ck_26de14b96bdad4f6,0.7359265121243773
ck_99c0a41ac9c73857,0.4683230322486319
ck_645f15bbbcff3b4f,0.98954299269421
ck_b7e25ddd41514d4c,0.030012872528433224
ck_d5c14e877ca7b755,0.2704214089962884
ck_05ea4440dac6cfad,0.6849317801741629
ck_c58bafff7b1955cc,0.5705161847158586
ck_f0cf85b67a9b840f,0.3661638293353454
ck_ce1500a7f0d03fba,0.250322293430935
ck_d4972a775aadbbc8,0.5683433080984682
ck_3eb6146c262e0fc3,0.02705911686702227
ck_afb23858a4ef42ed,0.9828206423520921
ck_2c1def5c91c52a5b,0.8973986341311614
ck_72e550559487b919,0.21939273719505764
ck_0284dc2b4f856b3a,0.916886688478253
ck_03be334935e999a2,0.2034356659643574
ck_e35a4b4a3cb4cedf,0.6306777389252174
ck_5abe57dfff4b735c,0.4928018617052092
ck_f5f87f772388efa0,0.4866906368923241
ck_5a22cb36d612236e,0.3775035395046503
ck_8ff1e6028e764472,0.97799952244506
ck_2ab28149b0986642,0.8345208866757653
ck_c88fc1bac79fa6d3,0.7682480694466546
ck_5b137d74bba6b1b4,0.22808424813566264
ck_11f362dca2dfaf5a,0.5326945334763329
ck_7f960541e5174565,0.23035897852601647
ck_d5458ba39ae94498,0.3966859704159404
ck_0a921a73a90c2e39,0.7818285602689737
ck_6ad56ef40086dbe4,0.1975281552709762
ck_b68199ecccf2350c,0.2591156580462455
ck_6dac66c8198c07d8,0.4490726932247823
ck_9b9ce7bebc235fe8,0.1466013367722569
ck_6b817117d87063a8,0.7098519832977749
ck_900d62b3184378c7,0.024614629543689558
ck_eafe9b89857149b5,0.38670431755520734
ck_e74716a525ee5b24,0.10148017569583134
ck_4e9a6f06ab134102,0.5906832066026728
ck_b0d33b5a3716661d,0.20122883787771254
ck_8703543bf3134306,0.5857263311602063
ck_923d6a0f83accef1,0.3311940819824552
ck_52e37e2170532e2a,0.9041890105834218
ck_c1c5ea839c58958a,0.613905841653302
ck_660f0006780e87e7,0.38616109452688563
ck_830b2c5d1818ac07,0.7001419487941246
ck_b080ff636932d1f1,0.06970184053548005
ck_38730aace405f2ae,0.9967406779653801
ck_9790138467a06223,0.06403198838199345
ck_10de0b0d86b17839,0.21331546964530787
ck_c3e37a4d3382c32e,0.31618764570316826
ck_dd8edfefa1eba531,0.15311996935027986
ck_8153cdadd300d234,0.019352191793224192
ck_74d0e7c2c6b63d36,0.9659807017348345
ck_c478aae3031bb328,0.21290805561461632
ck_cf301f2194975866,0.47891581346323286
ck_f4de03f44e3a5bd5,0.362632903557945
ck_b06ce826e593b210,0.6596041799995995
ck_2fc70b6baf6a0e26,0.1139063186299221
ck_d208494cf5c90047,0.7416982243648828
ck_086d29ccae565e5d,0.12178299941028799
ck_d5ef6dc116dee408,0.356216124973938
ck_fdf0c5b722d83464,0.650369446053483
ck_de8494b13adeffb5,0.27028560513859257
ck_556786868599143b,0.38527836250878916
ck_4940e78cbdcfecf3,0.47198976272890103
ck_d32fbbfe32c00416,0.3950563123551847
ck_bc7710f7e9fae649,0.5383304385952917
ck_416f7ac57da081a3,0.3312959347356787
ck_6fb39b60c67d5475,0.17600308784982988
ck_e40a156511345d6a,0.06766476780275514
ck_49ab879b5aa7fccd,0.8451815679870659
ck_bb643194d1cbc47c,0.9887960824461204
ck_b3ce8f1bcedfa043,0.5117126825583498
ck_558ebde8c29132a4,0.3660619767781329
ck_e6222925762273b8,0.8758734849278677
ck_bd80546b4807dd59,0.5609419428047496
ck_bd21164bd2bbb635,0.47287249863202396
ck_ea835557d7043667,0.2677392637236062
ck_1411a80a157ff39c,0.5496361886085336
ck_ab973888c20c9120,0.8326195945253588
ck_95b48972061abe82,0.40666762710406346
ck_fc4a43f8876bf10f,0.9513136247239341
ck_f34fb7ccf82f41e5,0.15950279723533278
ck_5af9934a56801ac0,0.42686860261011594
ck_fc7445ec76389a58,0.9170904643507037
ck_1eeacc26f02fbba4,0.8191749113578217
ck_4f325dd15c9bd45c,0.6706722726060537
ck_5009a6c8bbaf15ba,0.8258972594110537
ck_0f3de7f074bb33af,0.22557185663528262
ck_2cbc2f93a32eede8,0.711074217855768
ck_4bb90a61c21a303b,0.46173649657961824
ck_3ade9eac7d7b0dbf,0.8656202265423643
ck_4859a58629622915,0.6890738307785074
ck_5fed957287ebca03,0.036429651405514435
ck_ec01ae5351500355,0.0733685705231615
ck_703b41624ae6a5b6,0.21087098393343448
ck_97c38e7f61c27e47,0.5685809659011025
ck_db2c0908150cb2cc,0.6464311024216205
ck_64ac5e6fed86ab60,0.9762340371919354
ck_da1c853b0a061e83,0.7520872893577205
ck_9a36916b60178ded,0.957764430510059
ck_3715bfa7fed2c675,0.130915875893485
ck_dd3feb77d7d4f6d3,0.46312850134217937
ck_982ebb24174a4ade,0.31123076720055853
ck_f6b7a10d47dd9a1f,0.18717303535412608
ck_1f56fe99f250cdf4,0.6505731706195749
ck_deb3ac0606d6f6db,0.4891690772391328
ck_e666629e5a41b39b,0.2139944931813685
ck_756d2c13d02b3e09,0.4695792257903134
ck_7bc752ae7cf5d55f,0.7746988047954102
ck_fc0cc4b25e6a8194,0.15525889635106374
ck_9b2b0e286de78a1b,0.4223191395509782
ck_24b0803447211bf3,0.6736260255912927
ck_82eed68d05a42128,0.8267120786867895
ck_c8a03c516ed5b05c,0.739253729366047
ck_e914974cee1bccb1,0.3115363279194083
ck_0c533ff2d0f9962a,0.619609641487054
ck_c12805fa5d970a83,0.7469267035006023
ck_fc2cb29918631f10,0.9035098429666351
ck_c20e89afe575549b,0.2082567415705167
ck_e1ff9e31becc27ae,0.8418543661142288
ck_18116d0ac08f1996,0.9703944047541178
ck_885a83975cea5e64,0.16887333202393986
ck_a0c3059a959ba5d1,0.8758734885552529
ck_75257ca7d7da2861,0.7582664260821665
ck_2210f7a0d13bdbef,0.6767834883279629
ck_9cbd9ecf8374f65f,0.2291367362283723
ck_18f67c00ba21fbde,0.4843480049268057
ck_2d28f14d3973d8fb,0.08311256919296865
ck_8b3401b44aaae728,0.1370270946927613
ck_9d8e9ef37797d3af,0.9386157114636934
ck_9f50920c894f64e1,0.22238044388331507
ck_4737e0d56c6fa0a1,0.563997552170546
ck_52c311f29ca3aca9,0.020879996467583584
ck_6a4981bc721df37a,0.6784131528758917
ck_823539d936c55fc6,0.05079101408202568
ck_df5aedb4118020bf,0.9708697277225702
ck_a911a066ff0f7b56,0.6376716937251474
ck_684609767df4a14b,0.6603850508252253
ck_f2350bf355dc919e,0.5516053598372986
ck_8452b6cf97c65a5e,0.21341732271504094
ck_084cd84501012218,0.9498876705712684
ck_ace6b72e5bf3e93b,0.873021598675181
ck_2afdd69094c955c5,0.6966789028792957
ck_fa7d5be26bf7b31c,0.874990756736645
ck_4b041217690fca2f,0.4098590442302099
ck_9fb8e3d38cdf276d,0.9682894081546276
ck_c1ee56d65a42f59f,0.550009655239162
ck_fdeaa1cd085691f0,0.8229095496383351
ck_5de33a7a87e9aa62,0.8314652512885933
ck_7476e7fe1ff45545,0.5176201938192321
ck_b0a947b498e47018,0.7624763722729495
ck_e3894ed88a7977e4,0.15040387353508683
ck_c7e07ebfb0bc15f6,0.714061932540342
ck_3a3daa8b376f2a18,0.16170962746362874
ck_87809324c2675b0a,0.4626871290097715
ck_7eb4f33260f1dcd4,0.4199086030709608
ck_ab9f0e08af030060,0.4990828304124949
ck_5b8fc4a76f340797,0.6201868136409568
ck_0e7bf10ef49aa818,0.7227534407413737
ck_a44462a3853ac67e,0.9879133350722762
ck_2d14bcd2e0fc043d,0.32151798405655735
ck_df1f2dba802296be,0.9645547363003044
ck_466a7316eaf149b1,0.6976295376472712
ck_50df50af592b0c06,0.225605810169144
ck_5f9e34c849704b95,0.10565617463620827
ck_7836bf6def26aa87,0.8519039007057603
ck_ba175b1bd8efaabf,0.3800498829555521
ck_1a0aac7f7b94b1be,0.848339025132865
ck_6768c4b2aa8ce586,0.6535608574273234
ck_eefcf0ed15897898,0.43460947568487496
ck_7a6cb27e390b6ceb,0.4146122112972601
ck_5275be4e1577c1c7,0.20207761777578923
ck_6bc0e5b8c0b7d2bd,0.7211916861640697
ck_4874bdec79f9106c,0.42690254988107695
ck_a678731156ad7bd2,0.9007937428407993
ck_db906debc36a5d1e,0.6035167677259432
ck_e87897767c612942,0.49806429375113925
ck_45ed5ee496ef8a67,0.16374669834164243
ck_ae20e28f9854f3ee,0.7311733392574672
ck_9ee044b73943a90b,0.5576826259761524
ck_dab34cf6f0626c9b,0.5388736558154923
ck_64a02b7b96149810,0.032525261969184587
ck_c417d06f3e94685d,0.21338337288743237
ck_3e0149cdee4cb294,0.7275745194906702
ck_0e6046fc30f81705,0.5885103337966084
ck_c383aeabd53e9c89,0.6003253565951725
ck_2ef76f1f36e8b869,0.8908799579516959
ck_43948784650bb9ac,0.5791397939358299
ck_bdb966f43ac350ee,0.5730964792823381
ck_5bea0e0ee0b094cd,0.594825261504595
ck_dff090f03ca5529e,0.1197459271779661
ck_a4691b57f837d88e,0.41668323472716784
ck_99ee90946395d74d,0.9431652618279754
ck_cc81dbc83a8879fd,0.19555898614809641
ck_f3dc0725621b3a35,0.20408073963427928
ck_1bb212d1288b9689,0.6771230010591721
ck_9e7278fc7679f002,0.6153317899985395
ck_3ded7a8720d7e311,0.2645139013390023
ck_798157bcdb9453e1,0.03045423838784501
ck_9fba80f56f357fe1,0.2538532177441617
ck_f1e1c8491f16f912,0.29245574915062844
ck_7b1319a5ca2f63c6,0.9841107843779641
ck_124432fd5c92af7e,0.9568137940332635
ck_148cb0c723284dc0,0.4207234322371616
ck_b56c62c950eda009,0.09051393302460647
ck_a0498755cd8d7188,0.04566438173713801
ck_5379452a9d74efae,0.12470280448496114
ck_6c2453229d608183,0.7246547062897116
ck_f9d8b4813a88c1e6,0.457662350170921
ck_c2c7d1e45a521857,0.5644049662641847
ck_4364a83a11743888,0.3426695912904989
ck_2cdf5fd97ba75e06,0.8136408559481982
ck_71bc01291e0533a0,0.4574246918722691
ck_a725d7aed2a0bdc2,0.11845578139197256
ck_a9b0c4dbd7db6a91,0.5618246783527273
ck_a4258806a533efa9,0.6250078853831706
ck_905e460591d9a278,0.8084463281511389
ck_20de8abfd8960ee3,0.6272826175339006
ck_252b0a0f1119b220,0.04905950277668826
ck_95e4bef65c36af1a,0.2650231681339668
ck_5ab68b434ad53fea,0.43831015806033363
ck_13677a1957078827,0.09166827542141526
ck_d251e9fa09e542dd,0.9968764826486273
ck_700cb620f300dd47,0.08637188556773352
ck_39a68c55a1bd3ace,0.9014727750799304
ck_61a59a7944d6c53e,0.8528545389084209
ck_db6d1c6d31da967a,0.19678122845151833
ck_650020c500b1b50d,0.2728998471306812
ck_d812eb6930192793,0.12365031744425961
ck_92f6ebc11ebca89b,0.7282535375784706
ck_d87e26eb5bc84b01,0.2164729320823195
ck_66439e697695224c,0.12959177940494582
ck_f21efd504faa654c,0.17467899037985313
ck_15eed0f5652f0352,0.4321649913752418
ck_bcdbf57d98dc0d27,0.6425606668448006
ck_873ceb8004d3a9f7,0.8209403701102527
ck_70bef9ddd4bab005,0.07703530206588449
ck_7560f1891d66f294,0.07615257058983028
ck_f439f16f8693883f,0.5732322841018394
ck_14f9535e53f9c7a6,0.4903573701320208
ck_5984be472d2bc267,0.9134236756245119
ck_ed01be7504dc4187,0.7375561709252622
ck_dc3d8b5c17b67ae9,0.31269067407038453
ck_9dc23031b6b494af,0.7449575421938085
ck_fbdac0221bc03f66,0.5491948334881382
ck_863708a99b92ef0d,0.6876139266350634
ck_22b52654776a1ea8,0.9476468710924579
ck_a0714f98001efa0c,0.4461868415725527
ck_9c56114f84e9a541,0.276193114916983
ck_e155cf506b2fb699,0.3125548713338502
ck_65ed7e72f24731e7,0.37084909776868297
ck_822d6e8e43befc72,0.976098246305999
ck_b1182471d9ac6b26,0.13604251043868193
ck_821446adc95e6da5,0.27412209339228266
ck_ff182f033134dbb8,0.5546270170901252
ck_9c5feef7647b0588,0.25585634124083084
ck_df935d8bdd44883e,0.3333669575218163
ck_01eb24c18ad11fca,0.8406999965110535
ck_00d6730134a1eb51,0.5982882814907189
ck_79ba8e85678d0224,0.43505084376441044
ck_97e3b04a1350f6e4,0.4642488857535049
ck_74e9747954a46eaa,0.6149922809308794
ck_397d5fcc9972f909,0.718068168159433
ck_9ede89e8a43c3f53,0.7686555035250743
ck_303b33910d67f306,0.11034144196907356
ck_3c17841636f6f7dc,0.19678122904867942
ck_78730527f8ba1438,0.7390500240220458
ck_5ee32bc6bb5d1d4c,0.8304467169169656
ck_a13fee8cd925d0dc,0.3570309545300978
ck_6f847263379f2e43,0.6516595896398643
ck_9b9d9e579e7b55b2,0.838866634053947
ck_87c1d0a79e79c84b,0.6096619390867167
ck_bfc453eabb472f91,0.37991407412874567
ck_978c21bb5fe3171e,0.7019752929650169
ck_dd882323474431d4,0.7414945153870236
ck_533c4f7400d5ab22,0.9006579291104981
ck_5f217bfe28954e75,0.9781353302553283
ck_ae96d35465b3b4bd,0.35227778523771225
ck_512ebe97c0af94dd,0.8471507413371216
ck_f558fe02bb0219b8,0.42710625830002535
ck_84092e23d5ef4d51,0.7189169481096456
ck_17d3022ca12eacd7,0.35540129510283364
ck_8a8f81bf3558fd9c,0.15376504227290563
ck_0ada6fed1864e7c4,0.6574312965434819
ck_21fe7bc59dcd78fb,0.37461768632341086
ck_e136e20c1c74fe38,0.4442176725059588
ck_e7a530e09d113dd7,0.930535243035456
ck_7cb0c9ded4d63027,0.6189306181012642
ck_102db9615e722c9e,0.7239756914593004
ck_129e39ddfde92eeb,0.11957617243769839
ck_d730ff21bfd7769d,0.48862586638941263
ck_54459b45d2be8459,0.3182247172795257
ck_7f1c20319eb60aa6,0.9947715062789952
ck_939fede90473e412,0.1272151937777362
ck_e0f9506a6d5f4a1a,0.180145136011769
ck_9a4967cdf49265cd,0.9120655995967957
ck_b9eaf03453ac7d5f,0.14096543544839604
ck_522477be6376b450,0.24200424407031293
ck_9b6282e3bad50710,0.5617567734650166
ck_a0e3a2facd508e49,0.6926047552346739
ck_97ffae702f7c3d08,0.08514964240710692
ck_344a95cb7115ec67,0.2832210171536292
ck_1f2760764afa45e8,0.3374750546985047
ck_720cd658d11ea428,0.7791464137691303
ck_04e32ee9834c088d,0.9562705719318507
ck_2bb1389e5e72c8f4,0.6634746120992427
ck_961e7dbc217cfbbc,0.1706387954800778
ck_f3bce4eccfa6d6bb,0.1287429985846045
ck_e0ccfa0d689339be,0.42826060285313955
ck_98217aeafa0bfefd,0.44747698715031237
ck_a02aeec1914c158a,0.5214906323985958
ck_20a17e8f206a14c8,0.7872947158992956
ck_114c32aad4b6183f,0.8375085721170229
ck_79f5198f0decef20,0.10032583447096495
ck_2209de229b4c71c5,0.4029329948251081
ck_6ee939b7f396975f,0.3211784726518432
ck_202f0c14b07ace01,0.5678340399423819
ck_fa24db9d416ab904,0.10918710067343566
ck_cf6aa24b92c4d33c,0.926393162902639
ck_45f57fb8194cefc8,0.5724514049193798
ck_d5eb179dc45394c6,0.6695179284548549
ck_efb24be983342f75,0.4025934814548922
ck_245f5d62ead5ef28,0.7355190955705494
ck_15fe2a47fa7e92ea,0.07971744745024693
ck_b6527a85fd682554,0.6866972439725022
ck_11f9390a11ce9ff5,0.5746921866275405
ck_ffb4d892c5158201,0.1515582134780362
ck_d4c1da5a1427fd6a,0.7956806618855161
ck_2c041b1efb1c5063,0.4019144580221833
ck_ecc18f40b33be769,0.8126562705910279
ck_0525349f3945375b,0.828613348702004
ck_0bfe62e0c7eab9c9,0.6644252461739087
ck_b7c37d410b1646c2,0.448868987770696
ck_4b15b0746318cf42,0.8546200055343905
ck_e5ee006ecd8ff661,0.7219046576588188
ck_ccc83cf66365357b,0.6899226101368516
ck_34a33ffe8339f66d,0.9784069596142015
ck_4e39e3b165edab58,0.9536902390291007
ck_1a71f8081ae00190,0.9757587164305014
ck_ed8f1200fc049c40,0.9754192242350547
ck_8a5a57858e8c77f3,0.7127717812393919
ck_fff9fdc2adf5100b,0.9670671467627643
ck_c76f1bf40f3b787b,0.030114726397434642
ck_1a6ddfeef82b1b1a,0.3941056813623862
ck_478d2667aa9896d9,0.6342086734220259
ck_641c8e7694b21f3b,0.5204381440753266
ck_293581d879f6663b,0.9378008703847013
ck_1bfa8abdb22be8f0,0.7847483680570543
ck_05ab5b03d0bf9ce4,0.9143063955834478
ck_35694db37f0cde7a,0.02936779957942747
ck_fe33eb743d714c03,0.32280813227676436
ck_abd10fbcbaf2b038,0.32155193741742155
ck_46d51648c1bf80e5,0.9265968653215293
ck_5c8390017fabfaef,0.7482847532037752
ck_87d55ca333f22072,0.0925170556887675
ck_c39c6a1453e2b92c,0.08885032331470008
ck_69ff1b0aa143a168,0.06005969587752944
ck_e57c79eaab35ded7,0.2649552654656538
ck_463ae759e2b6ad1d,0.28019935887545094
ck_0dae4a7eb587f3ba,0.5191819542602513
ck_9b12fb56529ebc4e,0.3297002267495461
ck_1af547077ba2dd03,0.8571323891340645
ck_de13de941bebc7cf,0.014938534133660045
ck_83dde7da2bf647ac,0.036158041911157755
ck_c80a94d4660041fe,0.8836143911498556
ck_f39cfeb277ef6528,0.013852095249247427
ck_1cec1ed1512a2d3d,0.013105168332333827
ck_7955a359b6448799,0.08372369049386406
ck_8c0955dad13c3ca1,0.19396327850329456
ck_6d4cd2de601a2308,0.36775953705108866
ck_f4536ba8dd2d551d,0.4607179586969971
ck_b379c198d6db2d62,0.31798705871570176
ck_76ea90ebc74bcdc7,0.6355667123646002
ck_734f06bd4aa92781,0.5324229229556504
ck_677e1d0c14cbf569,0.11740329392839474
ck_259271c70f3fbcbe,0.6880552921602195
ck_c0b744eb9e7d4eb7,0.5411823370379685
ck_3d41faeb96802f68,0.2026547900778347
ck_8f604fa70fc3c8e3,0.5202004878784116
ck_0b3c3bea0e0ed339,0.35237963729728183
ck_be5df076b8a86409,0.13356407032765674
ck_6a475fe324d7d790,0.767297435696572
ck_3ba3fa5387bacee8,0.01704350899152163
ck_324b9939d9c1c31e,0.44340284326208484
ck_a7fcf7b592f68ca1,0.535274826888468
ck_5b2728f7cca414ae,0.05292994173711209
ck_5f4a25ffd0b85a47,0.5547628218863232
ck_63d4f5076fe4406e,0.18618845085533794
ck_af528d66c86f0cb8,0.9299241445553261
ck_ac7cdb9b8da7b5dd,0.485094930808764
ck_3bece63711407e25,0.5193856565308589
ck_d4e0b2a12fcfc35e,0.22645458858782658
ck_ee3e7c9d3a9c74b4,0.7691308022663428
ck_50d7c4dab837bf66,0.2958169156569715
ck_ebcb93a2990fc914,0.7744951109321949
ck_2329cc9702cdf7a0,0.6991912947897537
ck_db1fa53d588bf99e,0.22058103022698491
ck_44e57a0bad5a0745,0.6739315860911437
ck_472c81a144f4631b,0.11492485519964481
ck_1658429acd5306ba,0.5262438022007153
ck_466103ec5bd9444b,0.813946416909383
ck_9757163e25262b74,0.5920412549400376
ck_34ed59bc2c9b0186,0.5269228283323277
ck_b7bd3a7f263f4f29,0.8643979602817544
ck_149662b09d632e41,0.3641946601013816
ck_a9ffd6b3957bd41e,0.12667197411394762
ck_ab80466ef615e85c,0.20180600922572603
ck_f2c824d3473db24c,0.7274047597677183
ck_a4a01fd45936b078,0.6183534463730743
ck_8f6ce158c2902877,0.0624023297243498
ck_5189a302cfa7cefd,0.030793750679595
ck_430a3d03be588201,0.2168124453213464
ck_b5f9dd00914b4db4,0.38497280157490305
ck_52dec82e9cf6135a,0.31618764415143497
ck_95e444a01e2ab4a5,0.4843819548112094
ck_e37cee7b123692af,0.5884084752883828
ck_d68d42858a55adff,0.7717110941500184
ck_3abfc010091d679d,0.46733845130134766
ck_cee4e4e1b62bf82f,0.6626597834533392
ck_9ccb17c35e636c5e,0.2942212098491274
ck_f72a5a3b0d6c1177,0.024105361608626863
ck_7508aa554fae6afb,0.8963121692676342
ck_003aa842b7ca1d77,0.928362310495533
ck_83b2b192f41ee2bc,0.9079235274945489
ck_64796b6b2c3c7f06,0.6691784167445765
ck_6438ae81d43cb196,0.3305490112357896
ck_2bd73d9098504760,0.6887343176028471
ck_aa8b9b36a099e4c8,0.5802262354782024
ck_e5ece47d0dd10526,0.363142172652693
ck_16077ac345472e6a,0.38684012590850614
ck_a4d6e152b0076964,0.26600775195680604
ck_d90b1d03ae151f62,0.6505052613834219
ck_18b36d342b530af4,0.25171429107903553
ck_2a01e610348b84f8,0.8258293496869407
ck_0a93ed76bf36c8b6,0.565830925028807
ck_3d56b477fe2370b6,0.7742913894237707
ck_17ab3068fa303682,0.20479371542656022
ck_592a3520d841d11b,0.610205156163
ck_84d07028b5fca2f6,0.6557337353888759
ck_f4a2bb10afa85743,0.1379098260905206
ck_4fe4b072f03f2c1e,0.11037539365912395
ck_9ad08fcc183ea1e7,0.08389344631551983
ck_130d3848b9dcdb05,0.3566914412659623
ck_bb399ed6bf28c230,0.5080799028157659
ck_a31a64a39a2c4941,0.28009750567959674
ck_c49f25dfb39909cf,0.6879874133864685
ck_55f50a9ae2db8ff7,0.3446727145863805
ck_09faa4e771cf876b,0.2695726282491632
ck_df520a7a6e405889,0.9017443934287613
ck_8c8c98cc694ac900,0.8052549142143078
ck_7f0c4f609673ef62,0.33951212706591316
ck_f51fe59cd445d2cb,0.20455605630517834
ck_b3fb83f0d772a831,0.5511640012756378
ck_d6e7e257751c299b,0.21012405639865514
ck_0d362ddb4a1cb6d4,0.30623993934007177
ck_a574a08edaf81781,0.24017087905861448
ck_a823f5bcb0e4b9df,0.2021794745627888
ck_f792586ad0381eac,0.6103749112927805
ck_54bfd70022c66983,0.2669583877249736
ck_fe0a9372c9372de9,0.3810684168686803
ck_5691cd6fdb6d8147,0.6077946197039595
ck_a95f212a02433d23,0.5692939469216528
ck_f5adad75e1c06731,0.68391324490208
ck_e09c97520eb0533c,0.6157392049680189
ck_a1e13c0d58560340,0.1776666982668543
ck_cacc2ca410cbe80b,0.6262980307123525
ck_c0dde2a6ef1e08c5,0.06586535281148712
ck_a04403073c90ce38,0.041284675100686515
ck_03d3026107175dae,0.6451409551750721
ck_50176dae5b1b716d,0.16700601537472667
ck_6c084bfcb38e96c3,0.8100080833617296
ck_36d2be9012f7909e,0.5735717963563912
ck_958acf84c6137a22,0.6100693518049619
ck_114722e12db90a73,0.47511328685537724
ck_203c2a22c0c165ac,0.4537919158557508
ck_2c44ca550e5cfa82,0.6078625220801783
ck_df0a8f20ab8f14f4,0.6801107092735513
ck_826a27ff7555192e,0.529231508826125
ck_09a988ebcf062297,0.8494594219276121
ck_5c82444b3b9160ae,0.37322568298405984
ck_f6a4a7ed27fe76fc,0.8337060331793612
ck_17de46314b5c6a92,0.6857466136548049
ck_335e63101b1e6c4c,0.9152570351600502
ck_c5eefc0697451de9,0.47063171403417653
ck_49a0efb5d4067b6f,0.9045962819774235
ck_c1f4509c8f5dac5c,0.26380092310117903
ck_57658eda1c59bc52,0.05045150212019068
ck_0d5c0736ec76385a,0.07282535163225648
ck_e0239e6ae30795a7,0.8609349412466065
ck_e4459115cd8e5e4f,0.6868330526143026
ck_bb4aec09d4968dda,0.8368295694852481
ck_a1b4c96faed3e0db,0.5470219450174305
ck_8247b79ac67aae7d,0.4458812848685129
ck_fe2fc7d6e5d83f09,0.0889521780529177
ck_f6aea576cde8d592,0.09431647048865895
ck_b7e7f7d0cd886412,0.7943565751887627
ck_ca7b993e8286af7f,0.9246955927300433
ck_47de038381a9cd65,0.531540192019074
ck_d38f941d09eec820,0.8721388467954203
ck_d9ba2a6c0d926b4d,0.17512035427254163
ck_cda72f597330d0f3,0.22200698084095885
ck_16d2d27fadeeacf7,0.28804208965271005
ck_be05447853d423a9,0.19983684287410253
ck_cd92852d7376a4a8,0.058667695948452774
ck_2faf7ecccc9fec58,0.05079101472107915
ck_db8733fd92f20cd7,0.533441461802771
ck_a9989a3a94c26634,0.617199104976991
ck_957fb25437c75e41,0.6757649566235653
ck_e6a6caf6e7de17c2,0.2839679468550507
ck_f7bc569b37e8bdda,0.39186489972063526
ck_703b375dd86a6124,0.564880284101907
ck_d3cfb3603f2c6ca3,0.7450933381814284
ck_07cb2b6f2a4303e1,0.5936030106180092
ck_31631e2028d4f855,0.4284643083200915
ck_1631bab0ba1256db,0.6092545262521932
ck_5fdafeaec036f016,0.5788002810200369
ck_6eda4c36aecad602,0.12348056062163967
ck_bd1bf9e3e29de281,0.6546472957159956
ck_bf378ea558a4125f,0.9367823451665034
ck_7aa2deeda0e57412,0.9966727705447834
ck_d229cf7f5a3f38ca,0.41576655384459504
ck_9e109edd124492a5,0.1425950938079726
ck_779491819995625d,0.9425541060796205
ck_b89c6fa2ad0a12f5,0.39003153433051674
ck_1d01b4a609918c4e,0.9658448952556808
ck_714c5d7cb17bc9f2,0.4158344584304145
ck_269f1746f2609ed4,0.3354040323570226
ck_4be03a2aa62b93c7,0.12215646359198672
ck_cf920313f6dd28fa,0.3079035480022389
ck_fb00aae4e17740c5,0.255177313976399
ck_085d8c42739e2b10,0.9944998931846347
ck_c72a7d0d03cf3e17,0.8919663933495685
ck_8f6ca5d3b17eac6e,0.09031022650792489
ck_d9573100bbff4014,0.9174299221641006
ck_79d6793d1d0cf43c,0.08650769031659704
ck_91fa5032f7aff0f1,0.8747870715627192
ck_87110d84872c0fed,0.6205602780259408
ck_8220da627e9992a5,0.08260330118524546
ck_2ae44938847f3852,0.5299784435750501
ck_b0f191e44f9b6f35,0.7110063165609596
ck_3049d744b527f4d0,0.24084990251899227
ck_47d3e8d1dd3fbcef,0.6655116853311736
ck_ddf787359d2b5deb,0.010830437275272694
ck_b27a9e39726b26d9,0.15668484699363086
ck_80c4e9274cf976b6,0.9873022277783372
ck_c6afa913168ce8fa,0.2270657114347024
ck_52427b3f8478db19,0.6074551113241073
ck_3b810f15ca0eaa55,0.08260330023698013
ck_0c9e420f97baaa06,0.9603447508490576
ck_f8540cf3a8b2f8c9,0.6684314896107919
ck_1402d24dd623df72,0.5252931677824941
ck_eb4f4267e24d042c,0.16266025961130176
ck_6f661b428d6fb8e4,0.6734562713835213
ck_519a26ecf3d29c90,0.10521480812212021
ck_e886ba71d4a6fd73,0.5844361853199439
ck_437f9ecd2016a1a8,0.23653810016043672
ck_f01af1b0c977cc06,0.3489845191673929
ck_614f777c2eb5d537,0.3130641330971607
ck_b804e784cde9af8b,0.39430938517488934
ck_c2dccbc1b24b137b,0.5179597104268026
ck_1df4a1781a0f6999,0.5607382353519743
ck_bd2cdd53fca26171,0.34626841902943606
ck_424c254249a109f0,0.7937793926279989
ck_cf2ca4f286e289ba,0.8182921757471106
ck_6c33cb15b0d8af54,0.4757243981541726
ck_311d395fa9b8550a,0.5682075168480212
ck_9f792e7e721ff7f1,0.2963940917442005
ck_4c37586080edb7fd,0.08256934969779853
ck_7c4f42c5397113b0,0.4008619734101737
ck_fc418f53ce4aa579,0.9722956774556927
ck_1ba28fb7ef726ce2,0.24298882944649686
ck_d932f98bf6b83956,0.8636510410998282
ck_248b3659a9239240,0.3583550513056073
ck_6a92cf5f4cf5de38,0.5785286716432776
ck_65519d0fb137e0c5,0.26315585182596873
ck_ddc3fc99eaba2064,0.7451612528929871
ck_7310cda3bc65a73f,0.35316051612480237
ck_c01c85bd631d4054,0.22740522294894577
ck_b4954d16b9749829,0.3252865686440218
ck_f301f6758e170d66,0.7148767552434482
ck_9bf95f8c47e7c7b4,0.29024891797112035
ck_c91b7fccf6aeb4a5,0.7479112943046243
ck_785fa45e86bc5e95,0.1484686528960139
ck_2a65f1cc23f1180e,0.24163078240664895
ck_a49a2c1f881a3560,0.20010844696423505
ck_def344d68f06d749,0.6329185291826239
ck_abbd1465fc730d78,0.33553983605741317
ck_07a5610ed28162fb,0.33394412866699086
ck_7ecdee2d7127be8b,0.5414539476708694
ck_67858bc00e81490d,0.021898532783242417
ck_b4ad165ace910222,0.4247975777674956
ck_30753ffe481a1b8c,0.9352884561561219
ck_c401a26725b17177,0.06148564616422425
ck_819988d8a7f26415,0.1346165584230299
ck_3364a1d9261b3638,0.4682551332090054
ck_c484c5bda389bf20,0.019250338112619468
ck_ae416325fef92c9d,0.976777258614423
ck_5517b9a865960542,0.21178766765217139
ck_a0e96fed380440b2,0.28135369961920215
ck_e83409471d2b0b44,0.5288919960672547
ck_127273af97d7827d,0.32263837639201315
ck_aaa9861c91bd14dd,0.3314317397162459
ck_a378c58294001a36,0.9640794206667821
ck_abb9d65ff1f95b64,0.5515035095189109
ck_a5ecbefa849ae569,0.732123972918507
ck_aa9953c0ca2bed7b,0.010321169107369335
ck_40bc6de252865f32,0.1045697360870331
ck_9fb11688dcfe1513,0.2764307775728311
ck_ba68841ca2ba073d,0.6550207595994801
ck_1d3e561a7d20be0a,0.9916479913613568
ck_99a92d710a29c1d0,0.31601789149651394
ck_ede2e887697ffac0,0.1424932412378471
ck_e6de67c0d82a7b83,0.48950858940898817
ck_6b38763bf5ddbcef,0.33818803179085016
ck_8dd44eead7d765a5,0.3521080278010732
ck_30bf5b0056eea9e9,0.9268684686897818
ck_2981d16f8a51a8ed,0.7120248548137954
ck_fc60f42c68c7024f,0.7335499237653587
ck_8e2b2251ee224aa4,0.4513474247574293
ck_1906f0dfaf6e9bad,0.9355600433458044
ck_dcbe6814fc4ca0b4,0.6404556899822509
ck_f7e958a286ae3b57,0.21087098211574795
ck_713649668a7ca824,0.31832657166492817
ck_6f73cdbf9305e2ea,0.7114816378313918
ck_dd1c490050cd9051,0.48730176225850236
ck_e30db36e376606f7,0.876145099131928
ck_740d8fe8028b5a2e,0.5259382414603674
ck_ebbc9418cd41f692,0.1365178272543681
ck_7b3cc6cc3f250f39,0.5210832239563434
ck_1d30eef7110809e5,0.919670732382655
ck_77e0589ab339ca66,0.18791996145614026
ck_15ccbf8ff7d14086,0.402389774099567
ck_246989b0c288664f,0.5264475088535249
ck_fc2a6e27b10b10e9,0.22750707781317944
ck_8afc1112c12f5402,0.18000932945319786
ck_a76e8d83b9141364,0.6077946185327825
ck_51d3e8dd7465c015,0.23443312596598884
ck_e7b4016909405981,0.1871390849879669
ck_e7a3cfb9bf908e80,0.6285727620955962
ck_2bb49dc2388cdc1e,0.16731157780226116
ck_94f4266ee7871345,0.3311940814058956
ck_b2c896beec146477,0.6799749084161638
ck_fcf5d4a4748cdd53,0.2475382936723735
ck_fd0483639811f62e,0.8552311199138993
ck_9a21d183524734aa,0.7774149007621212
ck_1df4b46c0a4c317d,0.6915183172654341
ck_638df9e8a22dfe0b,0.330888522528901
ck_65acc43a6dc3e65d,0.35329632140914824
ck_7c67b73196e3d0d9,0.6320357988759336
ck_b0ee3a98175b462d,0.08671139829180627
ck_20fad010969f1abf,0.19291079055632615
ck_54b087bd873af8b8,0.3721392440921534
ck_8007824431fa803b,0.14595626407873863
ck_23aab322810b9fec,0.4917493697228496
ck_c8001bdb9aafc8a6,0.2749369199255148
ck_3a34c3ac83cf84b3,0.19885225379651725
ck_60187ac2c473a662,0.9875738365710659
ck_6a0ccd7357979f0f,0.8127241758711167
ck_27f20337bef5ffe0,0.6158410573676312
ck_f9fc468915afe49c,0.6081341335157364
ck_1eabc15a94bd9009,0.5345958041226738
ck_26896c494b2768ef,0.15413850614821534
ck_348c874eaf0354f4,0.6762402785214078
ck_be9c46acd216b45d,0.4698847886718816
ck_a3cce46d15cc20a2,0.6052822287573612
ck_70804f60d9704128,0.7228213389031619
ck_a019151ca8e7527a,0.57411501580573
ck_571133b2aa8ead51,0.8112303197639522
ck_0afa4449f20d5196,0.2781962378721715
ck_4d503c41cf4e5034,0.4668291773941303
ck_d6fb9cc5171e3e9b,0.9549125005928627
ck_05ed92a7c3e10e5d,0.6689747085514133
ck_bfb067986660afe3,0.8007733416168805
ck_c1a31690c8573226,0.215793910873571
ck_cb88ef3dc1f42225,0.15115080174182594
ck_21e3b3bd998745e5,0.7480810783741532
ck_cf52e46fa54e4540,0.05978808551708891
ck_b72c7ac4208052ab,0.5102188298824469
ck_e6465c56b337e6c2,0.44869923260738087
ck_5f87eb05d18186c0,0.3529228600150812
ck_263f6c5ff26b5e98,0.3605618949199324
ck_e0b7e2c0bbe228d9,0.3795066609485606
ck_b657ae3c146cb7bd,0.21545439650547854
ck_abac514d8167ea58,0.5838929668471389
ck_024dcab126876002,0.5578863424119929
ck_5d8481e2b38bd99d,0.38850372808860567
ck_edf229c17d25dac1,0.744346413985547
ck_6cb7c97b72d6b5d3,0.3554013008906594
ck_c96ae2c28086a059,0.6826231020630206
ck_2f241b97c0f8389e,0.3147277415913082
ck_9158bdbb63ee8987,0.19504971764843343
ck_e7b40b60786c1530,0.3789294858551617
ck_66d38518f68e6194,0.10976427192885797
ck_8c9b57ad2a991416,0.3651452965687003
ck_cc91bd7152d3e9ba,0.663576466443936
ck_0d846660c7957a88,0.45110976996131524
ck_60896cdac2212bea,0.788890415626765
ck_dc4db8b932df49de,0.771812947973857
ck_2dc31db181150e20,0.30257320757899636
ck_2f138fce1171e277,0.8060697319286345
ck_68b8b859a6ef505b,0.7553466073490467
ck_c3fe0c6c5e1f40f6,0.30837886551212285
ck_15886fe84866de92,0.648468175092831
ck_ea269b35406473e8,0.047327990896589574
ck_3ce7cad1f69b71d6,0.42388089198106943
ck_054ed4288ee58d6e,0.6437150071228925
ck_3d4913a86f207fee,0.793439901524248
ck_23ff85f9d2355e8d,0.3678613901902543
ck_d87ab3261322216a,0.05608740429508137
ck_fac046ce336fe39d,0.2447542940358124
ck_beb97e498e6cf8e8,0.5101169756861719
ck_1f517e0ebf397b51,0.3127246213582473
ck_0af57ebaa45877a1,0.5572752138524981
ck_f99bc1732ce5e999,0.7428525586234616
ck_abb056a9deab275a,0.6679561723476964
ck_0bfc394c5faa65cb,0.3764170974317284
ck_ddc865af1dd5670e,0.7725259250319623
ck_68b5542459638b56,0.662795589438304
ck_0b1d84252c0b46c2,0.24818336667473911
ck_520ec32c4f253604,0.6940307155419966
ck_79ffcfee599d77c7,0.44265591547493843
ck_eb224c0fd146253f,0.8548916102129039
ck_0e477084434da450,0.5085891705535064
ck_07840bba5570785b,0.8026746138631626
ck_6b67fe8e310ab865,0.5380588255188555
ck_e2a1068c2fa22525,0.5830781357398486
ck_b9c6b32f6bd92a3c,0.4028650934837125
ck_c1e7d1021ae58f00,0.05058730735371225
ck_5d7801201749ffde,0.374006559703906
ck_c8806749e263f70b,0.1162150022860575
ck_c9eeab826781dc91,0.3888771919681846
ck_309a432c160a17b3,0.26892755577322464
ck_b22e3337b8e3dbb2,0.3867722179086744
ck_79c30169c71b8033,0.9741969586693263
ck_5a6593d954085775,0.05493306225694746
ck_70b9b79ea1aacba8,0.5727909170653267
ck_63743141ffa11f45,0.6263319916899549
ck_dfd3dbd0d97a642b,0.5750656504930113
ck_635646a661f05b4a,0.603211204357767
ck_4b123d6931b6d0d7,0.8207366686685938
ck_f2b0e7a47f442557,0.9637399035792036
ck_1b1df006b81d38ba,0.2263866865181232
ck_360237c1bd30f4bd,0.24254746620418544
ck_5e84bca0e362da20,0.4700545441634371
ck_142dba210ed2f3b5,0.7614578302020718
ck_a3564236069e3524,0.8390703279723256
ck_cf36d8b070ded782,0.4305013801531242
ck_ddd6625c5eddad70,0.22516444342366282
ck_ad54292a0b2f44ef,0.8683363127663623
ck_45cd5ef6b359e9b4,0.24767409702783402
ck_982c2392238b7be3,0.9297882761279403
ck_083e4ac78685c3bb,0.697018416090787
ck_729cc0b46cc2e546,0.9246276486248788
ck_f2b8995fe5402759,0.13084797370031495
ck_73e24f5a8da289b3,0.7793840701863116
ck_bd85f30c36f5998d,0.8061376345323313
ck_ee4ff3aeadf912c1,0.2480136083829066
ck_63d2978706e193d2,0.6794656361216815
ck_6a0684436a1e66c3,0.9507704006095171
ck_182dc4a2f5a366da,0.03425677422850654
ck_e6fecb82fc2a82de,0.25589028921157475
ck_cfb06f07394dfe64,0.027364678151856406
ck_7bbe1dc8add17ef0,0.5446793117204037
ck_5cacad76e02c8e3d,0.9839749465457895
ck_ca68dec0c7df5a12,0.15756757734327656
ck_e4c0fc52c82065d3,0.2800975048151028
ck_f9197b070416f443,0.09849246885101688
ck_2a07c7021b71cf65,0.599476570965833
ck_4fa85cebf707de2c,0.039858724175340324
ck_0063d2a9507467e5,0.44798625449600676
ck_ec986285fff05b7d,0.2028924475140743
ck_279d43303708109b,0.5627074110520114
ck_a406bf11e48cf8c5,0.8444346237017938
ck_064b2aa3f0bfdb6e,0.4684588371146331
ck_95790440bc4bd2d0,0.19810532687890406
ck_70066eea13b4c34f,0.4089084078546818
ck_19468fe07e26f992,0.9811230668464591
ck_86bfe328e0a533b9,0.9593262067610083
ck_ace3b96c977a7560,0.8025388224406915
ck_642344e5c652d8df,0.6106465207845877
ck_074be35c951ae10a,0.6297950075518299
ck_f14dce41036486a3,0.9952468236689226
ck_5cf67a3a747e684d,0.8148291634399992
ck_f7285b92648c1c81,0.0995110045437577
ck_bef3193f124fca5c,0.8815094070165498
ck_05c4dcbb45de1f8d,0.2667886311007702
ck_d7c28eaa05bb7144,0.3816116320513181
ck_320df984791a1b99,0.4286001147233984
ck_f45bad1606fa00a7,0.44693377169869386
ck_6f81c199e986d9fc,0.39284948423871774
ck_d0c9633fed57c344,0.7123643764855513
ck_a3c25d6cc7478068,0.37529671239316525
ck_4185506d12cf9fa0,0.0258368730992045
ck_7a02ee1bfba7353b,0.3899636302763839
ck_1b52590757c0fbeb,0.738846313262172
ck_a0e5656e1cf9cbf5,0.2807086293381105
ck_ace21f6daef94f6e,0.12494046279267094
ck_646d8d0834782d6a,0.8958368698401689
ck_1f136a4476b5e775,0.35085183280682797
ck_325c7643cce02da3,0.7018394863949011
ck_9b5e7fe28208f5d1,0.2937798440124134
ck_05d81b1a150f31c5,0.2713720511029618
ck_0e9ec486bff403c5,0.5876276002555841
ck_ee13c091bc379188,0.4259519160501269
ck_f7a7f8f5903617c5,0.41953513789826274
ck_96c3a3517153390e,0.4886258568848884
ck_538dad7f096458ad,0.6169614483645183
ck_8758fc6622bbb7df,0.5274660473054125
ck_f7e53af3c91fec64,0.44428557511238953
ck_80b50fad7f255e1d,0.1982750824044242
ck_9645e7adc08631b5,0.46757610817063533
ck_e007aedbf37d6ec7,0.20248503246333144
ck_2951d76c41de2569,0.7287967555753723
ck_9439bff87e616d4a,0.3291570083892351
ck_a73045e96af0e4fe,0.45769630067331574
ck_7b382e533e2e925a,0.4979963917514399
ck_730226c2d216cacc,0.41614001551489493
ck_bdf837d761a7cec2,0.9361032961713731
ck_0b34197335ba3341,0.4606161058490011
ck_49170c4b31a20f5c,0.09234729928186597
ck_cd553ba6589d8bfd,0.5860318942969543
ck_56b992c6f136fa5e,0.6526781289110074
ck_8beae3d7328fa41a,0.8123167594588961
ck_1a065ea906ae3d6a,0.16065713861102332
ck_e9e3381d5e0e5051,0.23120776400334317
ck_a6d4f998dadc90c2,0.9608200726813064
ck_d36733da917115a6,0.7089692415658065
ck_e738e920bbd74a7d,0.5893251584620405
ck_af65eb885a51048d,0.06841169430602827
ck_73f4eb09af29b1c0,0.7449914999743932
ck_8fc641b1750a2542,0.7533774385466698
ck_41b954c7a948c060,0.21531859288805627
ck_25fc3010e8a0f6d7,0.2621712644395618
ck_a2624e0387974e0e,0.6460236944201538
ck_5cb9d7b2329d5ab6,0.6522707108398955
ck_6c83aa1d100a7cd8,0.819039102201489
ck_67025c64588abd1e,0.1863242550383084
ck_f5dde68f6f0468e1,0.13970924060383402
ck_46bfb2cfc29a6d2e,0.5328982391746697
ck_49dddb894d33f6db,0.6956603651057992
ck_f738b633b8862d18,0.05048545425102871
ck_3d6c3c00d854f5a4,0.8688116902325524
ck_cdb8061d8d1a6c5f,0.24268326807191057
ck_5e1b81848718bdc3,0.40357806687479464
ck_8def763034187436,0.7084260301910065
ck_8f8e4fb9c6190272,0.24027273452284162
ck_368b968b5f33431e,0.11719958658956359
ck_ba7e347251ea399b,0.558904871138394
ck_9075432001a64e75,0.6238874969515095
ck_73c5371635aca173,0.954708771768311
ck_81793387b38047cc,0.29296501478795184
ck_0cf220816e320ac5,0.2749708717643988
ck_820219bb9c761b52,0.8895898931945292
ck_70a932ab39d86a24,0.020846045207244254
ck_2c4be237a7ed79c7,0.1129896354733437
ck_acc764b49ef02826,0.9631966597204807
ck_74c3c3452e4e7cce,0.1391660230006129
ck_34dfb57e5bf31d2f,0.7939831130627509
ck_6ec39903f765956d,0.7228213382894554
ck_5986119e7d81e831,0.44618684083553073
ck_2ddfc948b8eac752,0.9268005898100113
ck_921ff5ceaf40a968,0.7188150951808937
ck_fb3b68b4424b5f92,0.7759210472114731
ck_c3db1b3ad4f16679,0.7488279754795253
ck_124a197be41687f5,0.6660888553497528
ck_c58d9151834f5bad,0.45800186201244714
ck_389607982eb6b701,0.9563384741758334
ck_fb0c138c003e933a,0.19746025336654668
ck_50d0bb7edd8c69c0,0.7471304121027549
ck_c6cb651149dc9a8a,0.1319683635381889
ck_81e21354e477eceb,0.8108908095911905
ck_7696e38b3e4197b0,0.620152865371892
ck_586001d3ed9e7fbc,0.0856928619082867
ck_bba413492dc46f2a,0.47198976371531426
ck_95b894380ad2702a,0.8369653777978043
ck_277621473369614f,0.9978950205833973
ck_a50621b5eeca84b4,0.10443393088144087
ck_bfa7ba218b988cde,0.6106465226779464
ck_5ea89567dfe78e4b,0.44700166897047106
ck_6c679602a6476ab2,0.4713786396826659
ck_d3885e286b3b11d2,0.7882792901511065
ck_cdcf6671b37c9c92,0.430433479726902
ck_b5c93e6d34f8d366,0.09533500549423075
ck_c24f61925dc158d5,0.8557743611351205
ck_cd09375e6c81d2c4,0.5359538497452994
ck_a95afc7a00303a26,0.4994902491413279
ck_8e89ca8b39f3f8ad,0.25921750845262
ck_9a84b396aada3fa8,0.7147409658752323
ck_5124a2e415384945,0.8758734807227433
ck_d66bb1f063357f99,0.318326571819969
ck_0fd9312411b0ac55,0.49028946713895394
ck_ad8cbe6e27e47ede,0.517755998016178
ck_8398adeaf41f9cae,0.5163300470833881
ck_dcf851e7bb5855d0,0.21582785867284676
ck_9affb0f26776b642,0.2895359448438787
ck_f0424b3b36bdbef0,0.788958315361676
ck_66746d1090d6d9e9,0.035241359432197535
ck_e5f8c8a5824db594,0.7812853386504987
ck_3e91dcc209431984,0.5821954160129167
ck_126a82e8d42e5ce6,0.24577283196217317
ck_38e4a74ab256e2eb,0.7617973375605606
ck_1225a97fc413a419,0.6924689527499891
ck_9b5ec0f78e160e65,0.1017517840742526
ck_7c5529bcc079600b,0.346302369788193
ck_29640fc2fe81c251,0.940245400348826
ck_160e9ba0a3f7c1fd,0.29174277405998156
ck_bff090cb4ab76b9f,0.43314957345199906
ck_aa06ed358e43db69,0.8406999872151297
ck_7264486eb512d84a,0.29452677052657456
ck_f5a32e6160b28379,0.37373495308824306
ck_4ba8bec14c2217e1,0.42068948145348806
ck_610815786d729d2f,0.44815601372284364
ck_e267999226b6321b,0.11889714731664162
ck_f3996a3c8eea1ea0,0.5356143367537501
ck_e9b75ed7567a3f23,0.5762199965108572
ck_d21612d48bb4f7b8,0.6018871220059903
ck_1f871df76c6a995b,0.8192428132760644
ck_953bd5de48ccd70f,0.9480542364401011
ck_02a9104419a6dbaf,0.29636013889711116
ck_1eeeee651e05d535,0.7923534402195512
ck_e2ab04136a442a98,0.15882377235663137
ck_f0d806624ef3d359,0.41345787141912466
ck_4b68b38c1b3326a3,0.3136413089548408
ck_74e60495f8861156,0.5705501377235579
ck_398f3f4cf05c721b,0.270217702563408
ck_f761b7650a0c1a85,0.6957282711454197
ck_7dadef33f5e2d94f,0.990629439488973
ck_6ff6883633b8c7ba,0.09139666471274775
ck_4d2159603045109e,0.47036010753580076
ck_a38bd07a5fac5c9a,0.2726961410634243
ck_f517f06551e69507,0.25402297625392983
ck_a7ea00a1760ad561,0.9889318883480581
ck_31fc51d5a3dfe16a,0.3269841298560745
ck_bac5233623b25ca4,0.37033982907236346
ck_385188ab27784fe3,0.8505458526958407
ck_9947a323bab5cacd,0.9029666282109795
ck_7973edc9f22ee7b6,0.7375561769458415
ck_f97c477986043755,0.18357420813585773
ck_1a3fd2cc4b4de196,0.5647444791984684
ck_e18ac29ea62cb435,0.7469946064167716
ck_9720a472a3e0140c,0.21294200681353911
ck_668c7fc7d7e47c0e,0.7766679772191013
ck_214af0806470ef48,0.35142900485909767
ck_a46c1773f01f0be7,0.6976295382413913
ck_f2bdcfb4203ffdee,0.5281790203617542
ck_40e84e6ffe788a4c,0.4102664577155856
ck_dfc6f5712d8d6678,0.8478297529917004
ck_01ef1036b2e66a4b,0.23725107360061892
ck_3acfec10eec32f9c,0.4420787443012343
ck_084a85145c15ed77,0.46845884689503814
ck_fcdb4fe2f095fba1,0.7210558920464136
ck_023908db0a193076,0.8852440457273237
ck_fec0ff92fd622253,0.4629587393950963
ck_c009c97d5fafbced,0.8709845480167683
ck_eb9f0c06ee017ee5,0.33825593280422744
ck_d7792b429620fc24,0.40432499448895587
ck_5e9e149a3b69c726,0.6850675916541474
ck_ce927322ef8f651c,0.5699390168749551
ck_b8fd61a8e82bce32,0.9841107879653685
ck_9aafc33fba1474cb,0.06206281767320513
ck_ce81ff9b8b35562f,0.4107417754423303
ck_25bfca1d8eaa152d,0.395124215540314
ck_170c65860e2a7e23,0.3127246227054658
ck_952da7ca9f33decb,0.39464889794897706
ck_1ebd574406235957,0.4793232326248898
ck_589109a188adc2c1,0.1791265990912149
ck_f0cbd5383bb07778,0.7527663209075397
ck_242521e261148fba,0.2803012120460311
ck_509cece86a558de4,0.16058923616275994
ck_0dd7c5925d28755c,0.10321168658845115
ck_a7e669cf1c3985aa,0.6748143192024041
ck_acb84dc2351eeb76,0.22126005367176257
ck_b837c7dac2a9b931,0.5463429212343482
ck_18eb1f9181f95df4,0.10976427017967555
ck_b0b9047dddb1ec84,0.9674745708504303
ck_43aa136bdb0a2832,0.8962442650996174
ck_3e47f8c56c811700,0.4664217632714123
ck_77c587d24695ea15,0.6683635865319258
ck_20578ac693ea4e93,0.5040397106229031
ck_b9f6040eebd1605f,0.8275948115997303
ck_ca9d86f65cfdf018,0.44041513955169587
ck_a4fa8833995c716a,0.36653729303888627
ck_f589f1e29301b5fd,0.4291433386387273
ck_961ddb8ff55d868e,0.14188212146381407
ck_5662492a54e6688b,0.6570238876196507
ck_ad48826c1c26eb78,0.9432331294665173
ck_621c9ddde6bf2eca,0.6196096436849872
ck_417a3500b2c717b3,0.6604869050303024
ck_c7e129058beb3ac1,0.5281450693596829
ck_ec1c902b9b9b9c5f,0.8624287923698231
ck_317360ec0a67d27e,0.9014727770111457
ck_3e3ea5d8c4a229dc,0.8311936420828921
ck_d11d27de7bf0b973,0.8292245516286921
ck_d37d56e931105db0,0.24227585576298147
ck_4863077723cd6ce1,0.0885787139636725
ck_479a065d5903e9c3,0.22726941892342603
ck_e66ae4fd586fedea,0.1745092347591898
ck_192bbfd0d5720134,0.3368639334615648
ck_3b436cb29af99f3d,0.47979854079464457
ck_7c7ca54969eed187,0.6184892515616416
ck_826ee896c9f1144d,0.8870774043498599
ck_ba1f6dd43fc8a0b1,0.40035270337592965
ck_49685deb63e4e8f8,0.4717860556243984
ck_687ab5d5554bfa79,0.4089084095984919
ck_41346ccd9242cc8f,0.058158428185909467
ck_8f8e5e2b9dfec3d1,0.5807355002756962
ck_94d5ce61a0c50465,0.5329322066019386
ck_6b954c75aad8c012,0.8066129544537738
ck_748af92828c9d288,0.48428012087444205
ck_dddd14091ce812c2,0.2780943850703763
ck_723323f6870fab59,0.388741390829862
ck_dbdf8d0708cc6718,0.18415137678746082
ck_f04938570a154de3,0.15121870118769198
ck_58afa1550b3b5294,0.6581782282800458
ck_3b150afde386ecff,0.7193243636717872
ck_666b95e75d99ec4e,0.9547087971110676
ck_e00332597cf1eb24,0.7067284725983078
ck_9a9e3dac79280d7f,0.7614578257997971
ck_e8d37262e859d9a1,0.3946488973701145
ck_895bb39d24bc1c4c,0.16520660515579494
ck_b367449195e36499,0.2755140907113882
ck_d23f9a50d1135ce1,0.8675214755087033
ck_670dc4910cf476c2,0.20900366748831578
ck_3ecd8a5ce65e21ca,0.5026477115855663
ck_8584fea2df4c6317,0.4394645005180515
ck_0789ff4562202b20,0.3921365075016742
ck_749e0e50c3907be8,0.07628837491816247
ck_c3ff6790cc6d7e34,0.10633519824476116
ck_75fb7e56432ee4b2,0.5003729929242282
ck_529fc3170fd11abd,0.5806336480671304
ck_34a69b3b4a681796,0.8990961729582424
ck_255f0e5888ae9e23,0.7433957818740091
ck_65be698386474170,0.07167101044350684
ck_5eec9ed855c26000,0.13274924175287356
ck_5ab39bdc9610f6f3,0.9468320143092906
ck_1b5b75762f033462,0.3817474373335841
ck_d3e208671cf37f91,0.9814625802882666
ck_5068ee554ceff971,0.7751741230669056
ck_d7d50fb57fcb2d0e,0.01928428900938694
ck_ba6e1115fceaa067,0.8189711983888156
ck_d07bfb16a4a7dac0,0.9692400488829528
ck_ead68310311690c8,0.9582397547116741
ck_ee53ce862bc9c111,0.43410020757002366
ck_97e56e6037024dff,0.06382828096330648
ck_80b04344c98ec072,0.42082528484740567
ck_5954f45a2ab45f43,0.5266851673496475
ck_18ddf7e836256e3b,0.3831054852298566
ck_89a1a780144d808b,0.3335367137159311
ck_a7331e8b808c39aa,0.694845535786635
ck_a1fd0ad03ff9b776,0.7137903148015243
ck_c0cf50eef030b401,0.04013033402043255
ck_074f20921189e7d6,0.1764784037829059
ck_e2aa7be60794593d,0.8882317496474627
ck_72771757dfb7f7a8,0.6242949097270839
ck_a9cd84a6dddfe584,0.5625376498991648
ck_142c00f9f8557504,0.6845922697967143
ck_221b5d40358230f4,0.7004814394897726
ck_a2d7a563f520b7ea,0.4445571835417951
ck_66cd34bc568d95e0,0.6307456430164906
ck_a17128972d3e507d,0.21341732322292675
ck_bda299466bb2136e,0.5723495550862001
ck_2b699066665abe8a,0.5286882898222418
ck_0ac9848bd4ba0c14,0.030454238175001442
ck_98d2f9a6ba3a3077,0.9362391117025993
ck_a872df31b28a5f7f,0.8422277960776758
ck_7e73e1d44ce82ed9,0.2878723333907135
ck_1a415416f620d49d,0.37713007197214954
ck_c95c786d2f8b8edc,0.38833397506722594
ck_e45012f22b7f91d5,0.10619939310570375
ck_aa0b083e2a6813eb,0.538737848474291
ck_4666232ddbf77756,0.342669589969781
ck_e08e9c8ec5f23d8b,0.34884871084655467
ck_31d4c0518e5f52c6,0.1987504009753916
ck_c1ab40638f04cb02,0.34796598447325167
ck_4c1fdd1669c7cf51,0.23650414985844997
ck_11662cc7940ffc82,0.7921497350682387
ck_2e679af24adedac8,0.15671880011306916
ck_454b9e21b7f25a4c,0.07900447260656794
ck_355c4f29089731e8,0.9525358942167026
ck_507e40760a24d2d5,0.6259245703349569
ck_0943e0f305078e34,0.9893392707043872
ck_abc54ed7111e9ed1,0.12945597385178392
ck_a60fe02fc04407a9,0.6157392030348333
ck_244b897bb4d57c1f,0.20452210572853563
ck_8c84fcde93a04334,0.8951578214705914
ck_9eea37d2de633b27,0.31676481535434753
ck_b2cb9e6610eca967,0.20421654394915764
ck_09aadb4c41b166f1,0.893731855999198
ck_8d94fbb4828ef326,0.29829535538793894
ck_089e3a07abbe3b8f,0.41491777648872424
ck_dfee9de05e3971cf,0.26560033699904484
ck_6abf8302ce052451,0.7442106080958101
ck_6ffa90143838a4a2,0.23001946534176668
ck_325caeab5c7a9c3a,0.2914372103621142
ck_1964ee9db929a173,0.9606163651994948
ck_942b95988a6245a6,0.8316689610011847
ck_913ecdeeb8e21a9c,0.244788243051066
ck_ecf9794349eb4b3b,0.780606317562117
ck_b6cb8d6ae828eed1,0.5853528672351601
ck_2f82ea66c4f53b33,0.852311322390634
ck_6e676daa4855b58f,0.7844088565522099
ck_2a37fef48b44e9c8,0.6488416407397127
ck_3bd12d468fdc2450,0.24991487625183925
ck_1a28b6a40a6bd3b4,0.8232490538229126
ck_61b79dec96d15713,0.09390905559879763
ck_31d5e3daced93d3c,0.392849484955041
ck_e6c8611c0cf233d7,0.05034964847799657
ck_f04761b4a937ac3b,0.5147682956172169
ck_38c1c75cf055031b,0.6092545207750288
ck_59a561f3df01441a,0.3085486217942332
ck_04e40f556a5062ef,0.36001866243777814
ck_8409716d174635b6,0.3489505649784229
ck_3019afee83342701,0.564472868457585
ck_b51a58e7f032c9a8,0.7639702217159625
ck_5043e474f848346d,0.6035846691721716
ck_4388abce33ecd01b,0.9456776552978354
ck_c93def7392f0aff5,0.7375561714930265
ck_72e7b1acc19df820,0.3468116385259784
ck_f253130dc3ca5b3c,0.10636914893537064
ck_eb264d1b180d4b4c,0.8719351420751034
ck_c2504f5a113433ee,0.36962685625591724
ck_c16ab1e4dafb4910,0.9073123958100462
ck_4bc42878fa180991,0.5917696466006419
ck_1c771a7c78f6622c,0.6588572472292593
ck_d523f0e50a2747ad,0.26485341136533325
ck_9060f4e7ab7a1b0c,0.5341544357809362
ck_6b55ec4e87a5e22c,0.8045079778023039
ck_55fc62a5f89a7251,0.5253610705009691
ck_bd2545c62f258231,0.7979553898179166
ck_1ccdc69d0bb712b4,0.519046145584915
ck_710f867a3bd5898c,0.16731157533576999
ck_f91d48c40337d375,0.46689708797260976
ck_f76d929541ed41dd,0.8096685620734698
ck_e26a6659c237b650,0.3843956309058959
ck_184983177b73dea5,0.45959756950649566
ck_6d0d081bfa8a0022,0.6577708073642584
ck_2f6e64f638da0f97,0.07411549714026978
ck_15b93103ccd38609,0.5568677966434251
ck_094d10439b7b4eac,0.26617750922398503
ck_d2ca47180a926ba2,0.29361009118792036
ck_a69ca7b9d70972bb,0.42527289432098875
ck_68914e67343a7d32,0.4897802005918545
ck_8176616132458c0f,0.41237144101972956
ck_eee99af3598311b8,0.7975819297906064
ck_94410eedfca91304,0.7087655384308242
ck_cfb11a0a2325bff5,0.2720850223622004
ck_75217ee144b715f8,0.8138785144793245
ck_d56fc799542299b8,0.10524876002359855
ck_4c352dd3e7c81269,0.6747464304112004
ck_e23e50e02cb3904d,0.7203429013879789
ck_b921af37d500e139,0.376009695336738
ck_82181b935360dcbc,0.9889318468389962
ck_22a7cf3b99c5e5fd,0.3595433443021037
ck_f67ee7910d532216,0.5072990242916577
ck_5f48762a14a0326f,0.25721439081892933
ck_1757fcb0e6e3f88e,0.7915386196827809
ck_2c2f080ba185016e,0.5812108179581453
ck_4c25570eb72711b8,0.22166747041651322
ck_a3be871ca22ac416,0.2883137028271092
ck_ab70961e7c6695b2,0.41196401918728487
ck_a1cdebfc42a52448,0.07021110798436325
ck_f1b80b821a20186d,0.5905134501141851
ck_ae668e4564cd2aa1,0.1502680671047239
ck_0e2bc3a5afa439d8,0.8400888666166269
ck_3dc378f37d0b74b8,0.7211237851533017
ck_9f9555197480d1cd,0.30362569604023465
ck_bf4e7d48770a4a8b,0.8359468177500127
ck_614ef655f0685060,0.9077878775140507
ck_04d2ea38ee27770f,0.39020129200580317
ck_e03a9d8ac94161d5,0.33604910857865244
ck_d4007b5b26d9d854,0.05646086716599262
ck_2dd147ce6d61749f,0.5231202912399966
ck_ff45764ea7d6619f,0.6424248598939818
ck_dbc487cb0a6c18da,0.9754871018134142
ck_791d5392bbd80447,0.7068642707213967
ck_b4068439c413b150,0.3936982664672962
ck_85df7b7de9700aba,0.08161871565225075
ck_001e42551cd06e40,0.2250965430924868
ck_a6c02ae50932cd9d,0.2986009182808252
ck_9fd0be2c018ff5e4,0.3368639324732868
ck_32a495128395fde5,0.1944385950409899
ck_b6f2a2fd232c141b,0.5991370607993382
ck_28dde633692904b0,0.7950695362660586
ck_a1a93c5f375f6021,0.10555432137835062
ck_e3982142336782df,0.6290480818582334
ck_a9812ff3c111ea94,0.6120724715765785
ck_f04062216f95fa00,0.6477212498229123
ck_7c560467daca735f,0.007401364718775071
ck_76ee10d6e2dba70f,0.7716431937550985
ck_3521243bdac61178,0.5771027334568242
ck_28588fb03b320520,0.7650566763229313
ck_580dcec33ec232b8,0.5171448925511013
ck_7109923fd7dab20a,0.49799639786995037
ck_7c872c99481c1e9e,0.3111289137049139
ck_46f4e1f5026f4d1b,0.02831531211004999
ck_00d1ebc31ec4653c,0.8967874877972601
ck_aac70764dde15168,0.627452375560294
ck_648c03f9aa4e45f1,0.6552584335345605
ck_5478eb69ef912785,0.8930528556775673
ck_79b8523137bb2603,0.705811778945701
ck_795c49f312640019,0.015311997319550406
ck_89184bf7b7fe41cd,0.915392824436818
ck_97d4bd922996fa10,0.43084089087922806
ck_1cef30d08f3a598d,0.057038037830756234
ck_2f9fd36a4a40a6a8,0.14093148476582557
ck_40780fc0f8d6f309,0.7665505125897581
ck_9083ca9fec2a7f4c,0.3026411103091406
ck_62081bc35aa59931,0.1400827034883638
ck_2e1b46c5fc56b863,0.8698301571422586
ck_3d139692c51b604a,0.733210412805699
ck_b5e54e22e3d6960a,0.25826687444084095
ck_c0c4be3f44311b04,0.1344807540648531
ck_82a8bdd2692c2a5e,0.10986612492187833
ck_bdd2da300b530c5a,0.3194809123995469
ck_ee40498cd97183d3,0.16608933157213834
ck_70b9274473bd6dfe,0.2895019907944444
ck_473d6314ea614b29,0.25701067976852476
ck_7443d6dca8cd1352,0.27035350695429033
ck_3b49768b448b071e,0.7678406600144657
ck_b43f04431c267dea,0.11689402597285767
ck_4424a5223ba2fe00,0.5349353181456065
ck_819bf3e8231f4081,0.766346810347172
ck_91d417507a8c58cb,0.8545520998806955
ck_e88e86b19cada4aa,0.7100556831344317
ck_59684167f9c6bf4c,0.8922380359704573
ck_d5f5b0dc97b9dc27,0.40344226233742486
ck_13d1b192bbff8f32,0.4708014717892573
ck_b21d8630387cabce,0.057683110330850086
ck_e4ac22046699b99f,0.3052893046761217
ck_74b848064f2ff45d,0.17484874587938296
ck_166aa980cc87fa77,0.7341270960424796
ck_98e337806104dd88,0.12704543947162503
ck_66eb09be007f0755,0.4924623451111446
ck_3ec9b9d8dd7be11c,0.5448151165008158
ck_8b8b9de339d75d0b,0.5023081988750305
ck_6715139e240007d9,0.20924132438163884
ck_a0255ab46e122d2f,0.1187613427033155
ck_66e81a4190c33510,0.36904968742441224
ck_5d75ea4f5c9080bc,0.8997073110592735
ck_df69858b8a8b3165,0.3132338879967863
ck_e15252ebd7553422,0.15454592027121897
ck_34d6d74bb3ed11e5,0.155055189723778
ck_c2608f78f6851d10,0.9483258767166463
ck_bb99071e8f58c8a4,0.9335908632170516
ck_06010f0df5b7cef8,0.6010043776229653
ck_8c582eb0f6c0148c,0.17848152508458584
ck_0034d010d28aea78,0.5201325838867231
ck_01c1f06692566ca1,0.28695565077122553
ck_4807726e797fb893,0.6270789091676889
ck_edc9668282e3c8cb,0.44163737687236065
ck_5486768475af7bb5,0.9680177955246115
ck_3fb9813849e51837,0.6334956886641203
ck_861af5a9a9a6d619,0.2451617070552713
ck_da39653add0f1109,0.15766943374359205
ck_74a4244eb1f162e4,0.057411500864729396
ck_9a930faade55b8ea,0.16928074733174178
ck_fb6e06ca88519dcd,0.4274457714752858
ck_9776cd8263a9f415,0.35787973530961437
ck_b3dd1198ac5aea73,0.3399195452430146
ck_b6675a04df1a4276,0.5157189461901834
ck_5c7ad6e731b69333,0.9037135741143919
ck_28dc0fdbaec00580,0.8446383336061913
ck_8e7a32f7e3905f4e,0.4956198069273741
ck_8563fed6674afc77,0.47844049232602215
ck_9a2fcccb82da663e,0.41074177556076336
ck_6a519bdac0d94527,0.08284095935880632
ck_a0dab7aa9c4a39a9,0.20924132363486422
ck_a3ce05e9e5e32142,0.21769517529552698
ck_7a7e40ee3f97c035,0.9177015504175243
ck_9e9a830785112a73,0.74556865481653
ck_ab1bb02f6b189304,0.9302635962171565
ck_7b8cb0f90fbdc8c6,0.35058022539185824
ck_b138fc249e659e60,0.4590203993843271
ck_e73caa3771ec5e0f,0.17029928328222907
ck_18a55b06ccccd88b,0.5933993037827896
ck_fdcb1d9265d8fec1,0.5914980360965082
ck_e21a900556b382ad,0.4315878183308904
ck_c6bf67470f526771,0.4166492866515647
ck_b568ba3837afb39a,0.009098925189676088
ck_a2858979dd5645ef,0.06566164604572644
ck_1da9d40837ebaa57,0.576287894206513
ck_9341c7959543c542,0.06508447509707227
ck_c8ad86806b9a2369,0.825931210091838
ck_5c85d93ecfed4b0e,0.15780523705523286
ck_f07b09879d697b82,0.14605811770069216
ck_fe43da07608b1749,0.3115363274990697
ck_4bca22b5926b9c28,0.20289244809493126
ck_aba573aa942b1d41,0.46231366617975483
ck_57c14e32fa4683bf,0.16917889368963912
ck_891530b489ce402b,0.207340055153387
ck_5e74fdadb93ff293,0.8669782672846569
ck_14436a409ebcc90f,0.4009638290364574
ck_00013fdfa0bd37dd,0.30393125713862723
ck_7dbe24ba01316775,0.7848162954564508
ck_0e3f80c1553c591b,0.47270273746363783
ck_3edc45db58760d76,0.18167293942405385
ck_29076a13f539187a,0.9282265031487742
ck_b1e81b58b9a545ce,0.8288849781335218
ck_3f8571d4f7420b2a,0.7856310971377838
ck_7dff6abe4bd644dd,0.9354242656484754
ck_2884bab237af16b7,0.4660143534843858
ck_231e6dd1fe708000,0.33309534859637546
ck_33ecaa7b892e73df,0.4363409885014246
ck_b109ec4c63503030,0.3470832492058847
ck_a7f522382509cef1,0.10168388203097294
ck_748b3ea941d8b3b9,0.4775577605547078
ck_29f3a1737a2d9634,0.38089865594710076
ck_cee8d42475a0f020,0.9297203705800553
ck_c6b6ebe145a8ffab,0.5013915173803624
ck_21c99e1d6b881894,0.054118233006715595
ck_5ad798286384484e,0.5314722933545535
ck_b621b6ffcc7f4848,0.17817596460905555
ck_ea819e337233475c,0.8558422714218129
ck_9e3896c2668ce06b,0.7838656319523156
ck_501dcf1ead036d2b,0.4453041096340265
ck_8d5eda29a2cffa3c,0.3572007102524844
ck_4d3aa36ff83f1132,0.8041005723205904
ck_8e9faf94e3e6c757,0.14863840982289586
ck_ce0ec41f96951048,0.7666863147902775
ck_f09165d73ee903b1,0.2618996555637692
ck_a432b1bf1d3b3d5e,0.8782501111253164
ck_ea618f720ff0b4b0,0.34467271588040554
ck_7584e7bd755cb28a,0.2877365281945917
ck_e14681aad43e1a72,0.7501181196692415
ck_5e18870d8e30e379,0.7401364661502019
ck_ff7c26a62bda8089,0.13838514317789613
ck_cc5a35175d381d5a,0.32498100875373953
ck_3c25029e40aa8a84,0.23080034698866206
ck_771247b5bc16c12a,0.28875506431256215
ck_664b5e02759f985a,0.1670399672746688
ck_692a9e8f504b9762,0.06858145103553903
ck_df8ad2deb0a4ffed,0.5763218443450582
ck_eb48c0bcd12ea654,0.7421395832402609
ck_7c77e597c951cdad,0.5040736589005739
ck_4f75144c6f3b13ad,0.5359538492949323
ck_1bcff399166d7c43,0.33581144562087095
ck_975c2aa3d4a8c51a,0.3723089994664862
ck_bc6f07b06aaa4ce3,0.9189917183512389
ck_80b072b7f3c7e8e5,0.3706114408508418
ck_471e4018a23b4e56,0.4483257689279502
ck_53cddfba570b4a3b,0.2405103906520363
ck_630530e50764f229,0.6296252519491345
ck_dcef7887a4f1e435,0.6165540322704642
ck_2795921a055643f6,0.26532873027743903
ck_7456df89f3792235,0.25979467977061516
ck_5014a3b07e1f049f,0.9306710579783245
ck_d4ec44760cbe03f4,0.33455525015189946
ck_96810ad39d4cb7b0,0.5527936558609684
ck_3222ea25aa29bfa6,0.18632425532628177
ck_f6c42001b84a10cb,0.8256935476808807
ck_5ac86682385c86b8,0.4829899595459061
ck_4280c33af57eb4f4,0.02152506899241115
ck_05f79ddd8eefaa56,0.5921091619295643
ck_3a57a13ce032a6fe,0.12806397498800626
ck_a721f0d635fad68a,0.18136737850229787
ck_a3f821bdf408c326,0.32769710684871256
ck_0ada63008be5685a,0.7009567548484883
ck_8c949bdc6e8720fa,0.8607312280932617
ck_c0d2c56f9c722e99,0.9876417391604786
ck_5d2b9e6e087b8dfc,0.996129555981308
ck_5217b55593a332ca,0.8833427631389391
ck_7a7bb9be5a7e48ad,0.5792756033019544
ck_24cd0d779e866287,0.2857673612794864
ck_7367917891a63771,0.7232287556810184
ck_4b31a8862a857e6e,0.9756908184389448
ck_81429c4910ca46cd,0.08834105509398459
ck_b35d803568f82d9a,0.6822156828057874
ck_4b00e75c2d2d0522,0.20082142366737518
ck_77fced07f6dff42b,0.5172467295309641
ck_3c9a06eb07c300e4,0.19885225646502627
ck_b3867f7f494db64c,0.02193248390126029
ck_0c45e54897ab34e2,0.6874441703541095
ck_507a6a580ab55c76,0.6218164756364118
ck_291bffc7809f896a,0.009336583817268842
ck_3753cc5b9d02e2fd,0.18751254716868712
ck_4f63d5245b3ac1dd,0.5445774567502152
ck_9dfb2ae78659240a,0.7391858254634405
ck_90f6f5ced708aa75,0.013342827064511953
ck_8b5b5a6b5539e39b,0.9700548716560109
ck_4719112b55d20161,0.7158273878354457
ck_fec888a7108ca52d,0.9879812426819855
ck_4f5d022c99f118b7,0.4771503526968809
ck_e967ff05514b697b,0.5504510176135183
ck_839ce35819bfa4fc,0.06511842618189571
ck_bdee1221b9addff8,0.27660052975210603
ck_9cde4036d0914427,0.5335772671844956
ck_5ac959cbcc5e98f3,0.16048738375319885
ck_619842688294dabc,0.23972951240085782
ck_7373d7b04c7799bd,0.6490453456620953
ck_c1dd3feb9a0b6471,0.340055347787395
ck_0324a4812ec319c6,0.26777321695625345
ck_7f3685aa2933b251,0.8287491576494592
ck_06aee5a62a67a84c,0.7841372537795009
ck_3428910b44b9d08f,0.6162824252787199
ck_c3ba7534cefc1de8,0.4556931920165066
ck_1f1273a67cbad5e5,0.9353563492524692
ck_124565a11b2f8bb8,0.5324229281648677
ck_38e46bc861e0165b,0.5304877064491076
ck_c8ad3f01319c065e,0.6807897407805499
ck_3f94a34f5038f7c1,0.9517889563153368
ck_cee56be5a502fbd1,0.884361301374723
ck_2b90b76cf4d162f9,0.301452817010134
ck_884b2e463ff1d54f,0.18812367000906088
ck_fab4f2f8531b4827,0.5977790116745801
ck_4fc6256e0e60a926,0.5147004002871134
ck_0a2f8b2f8a5b6f02,0.4268346588574581
ck_9c0deab8a8367c5e,0.04325384560213436
ck_d3a2a4c011fa2554,0.6616412635237693
ck_4108b4038f762817,0.9455418501137459
ck_4df036e2aa7e1056,0.4341002088068463
ck_ec094eb1cbb3efc5,0.22760892970275104
ck_09f8f51bfd2492c6,0.240849902987939
ck_b60fb9a10d6f4489,0.7144014374011782
ck_3638bc3388dbc1bc,0.8997072996223255
ck_7a58e0cc9943c39a,0.25860638771847055
ck_37dab6a0a536ed49,0.86915113309902
ck_adc576690df5b33b,0.5653895516738352
ck_1383b2b1875000f2,0.29985711372192764
ck_43c1248db37a2eb0,0.10429812595020022
ck_29c11bd68858e923,0.07336857066475534
ck_9401f9e11f65337d,0.6134305249125039
ck_ce5ed372b1a2ed6b,0.6410668128217383
ck_08b4619490e751a8,0.9746043772373053
ck_44b9125526acb05d,0.6363815430565204
ck_ef1a1de20d2124cb,0.6295233970963062
ck_e5e2624b7fc89774,0.5265154114824054
ck_f5100511609b92c0,0.031540677350700694
ck_64f3bb17101b7c42,0.2737825794054161
ck_ea1e5b5128ecba2c,0.07201052215586265
ck_516163fcf04d5e77,0.441433670187761
ck_7f9a748110d70005,0.2920483335604338
ck_d263b55f0a681cce,0.6162145224814756
ck_0e962eacf98a813e,0.134548656463942
ck_0406931800e0e2e6,0.327731058987093
ck_0e9b982afc88a3a9,0.9868268613407584
ck_8bbb625384edebd7,0.10694632003914493
ck_5eaeb87bf6207406,0.9733821374585236
ck_cc3318839c4b0745,0.194879962249614
ck_08a0355d1f1890ef,0.4327082083945155
ck_af7ffd1a822460d3,0.9035777476871082
ck_2a09c7aa870edb6b,0.09323003013718935
ck_bc04f51c23290bcc,0.5011878063147462
ck_d3a8333cb389f4c6,0.23823565995538476
ck_88e3dd3039508332,0.6739315912319814
ck_b8c7771de9b57705,0.3651792461868957
ck_585ababa02383b50,0.38208695869159753
ck_e988c108754cee9c,0.26458179992069863
ck_4a691892d9d6cf89,0.42041786899939665
ck_7cdce37d895eefb8,0.16347509047135106
ck_483fb981a1fb4317,0.19175644929388072
ck_c1e5182bd99e0e35,0.8003659315886233
ck_9a1e3ec9a1839939,0.4992865395618718
ck_5c3f13de0dbd5086,0.37241085367560073
ck_f4f6f0caaab70040,0.2679429728026712
ck_791be3378dd7d64c,0.5986956960811141
ck_956dd784525f5886,0.6115292544021038
ck_098167eaf124c279,0.5075027377900538
ck_33ecff7914349ebc,0.4726008880317622
ck_e05d44e46c7174e6,0.35845690716479234
ck_1b2ce474fa6582b4,0.7171854388684621
ck_ab581082e8f72e3d,0.3430091060745338
ck_e63256667aa19070,0.79459421903796
ck_f568772b6cb3febe,0.6303042763539011
ck_dd89a282375bbab6,0.8401567770819292
ck_a39d0bca345b492d,0.20907156733635573
ck_d12d2924d0f7a64a,0.37794490032823064
ck_6a548da1728b5823,0.9872343228338846
ck_6d64193681d2a94f,0.7329388069733487
ck_ced6b6dcdc7c201a,0.38901299738125955
ck_d1b0699d26282871,0.7503897280710605
ck_58f757e40a9b8877,0.7002098297505691
ck_3272c2c4a37d5220,0.9533507261343368
ck_d94dfde9e03c9d1a,0.45341844767406925
ck_08a6d4903a7fbaca,0.4065657747151601
ck_6c72a36b05fa0f4c,0.5222375597364516
ck_dbb4bd4eda97255d,0.28373028448802007
ck_94b59bbc824b307a,0.43342118791573825
ck_0229a07185f15469,0.30600228061448564
ck_11bf1039f8b3025b,0.31207955319507813
ck_36789ca11459131e,0.6700611498140684
ck_8572c5f5c1447c62,0.5301481921046649
ck_9e75c6641939f4fc,0.692808478465562
ck_b45e47c39d4dc7bf,0.6065384237346237
ck_02903c48b6cfd65d,0.40222002242289
ck_b153386f1729de81,0.39658411856244047
ck_36979996f33498f7,0.929924098211305
ck_3c02d4dbbf6716b6,0.25127292502718485
ck_66c9a19963957531,0.7646492508580583
ck_bae8dae7cfd8baba,0.12110397823603643
ck_bba0ccc6cd968680,0.6925368583330102
ck_3267fe3aac05c71e,0.2822364312526338
ck_40052cac10562cde,0.5189442935125911
ck_d973444855403e2a,0.3679632468814209
ck_012519bb095ad36b,0.9918177485165646
ck_ad7c256ea10c4a00,0.8919663909819441
ck_70a60e095e9b706f,0.02271336173262655
ck_f2734417c0db4ee3,0.25358161372189825
ck_9cb89cc3178e0172,0.7500502158750265
ck_779cc0f2de4d5488,0.7706925635815999
ck_35f8656bf93e3b3d,0.46988478862433763
ck_bdd8eba728800e29,0.6475854429708022
ck_002cf760d173f0f8,0.3073263772566947
ck_b046067c6ca3831e,0.33771271363339
ck_a4a42d4bff8af645,0.161370115348711
ck_bce253d2396681a1,0.56430312281579
ck_00dafc060c8de32a,0.6054180370069593
ck_968a99e097ee78c9,0.8707808119816843
ck_66949171b387bb93,0.7776186076931259
ck_ad305286702b1958,0.1111562704870115
ck_4732da7e0d2dfc7c,0.1610985049026668
ck_17a95bba77217d85,0.6213751045767156
ck_3e2516a3e35067e0,0.23416151357663062
ck_0b615ed566da1f58,0.5076045874888946
ck_d2b3ce1ebabe9f93,0.746043976925749
ck_a892252e4e0c2828,0.11254827045902885
ck_cf606fd6ebfdf9bc,0.2889927320430985
ck_718865237134ebe8,0.07408154706500976
ck_878522cb775b904c,0.6752556851906081
ck_9ed53de6ef779ae0,0.16255840714038833
ck_3f16e2cd7e6874cc,0.42812479425675104
ck_3c59df37895ead2d,0.1797377190113654
ck_6821459b626d492c,0.114347685707582
ck_11c7667920541587,0.31968462017781274
ck_23a016cf6b98d89c,0.7630874862986714
ck_7137eeb394d200f1,0.6883269028652704
ck_9c4886c5c90ddbdc,0.21260249340613138
ck_1422a7bf7756294d,0.9819379058643325
ck_7ebc5fa7f0d3b8f2,0.4473751337341491
ck_fcc2059a8d5c41fa,0.8860588668714721
ck_00ff7389d6a83e29,0.6598078935572776
ck_03129b41457795d2,0.4855023459592302
ck_38ba64efa7c38250,0.5203702423382436
ck_57a6b56b09bff24e,0.26638121547657684
ck_e3b3c5a80a567418,0.10249871085598118
ck_fc40a16adfced018,0.48366897971289247
ck_9d4b5e6b43bad4d8,0.2876346748053068
ck_61129937ee466b49,0.4657427387359068
ck_74112e47b8629c2a,0.8691511303202856
ck_b4703ee97f94d7fb,0.11821812338805054
ck_e560f720a988d8a2,0.9503629935226149
ck_708fea345f68037e,0.29320267411280154
ck_25394c1b83e0b803,0.6376037935421124
ck_17ab24fe914ae44b,0.11400817183214568
ck_16c501470d9bb006,0.19705283782891905
ck_628f449e248c19b7,0.6814008543429773
ck_6d64190623dea714,0.22064893209936337
ck_504a45ee08db72b6,0.28692169981499366
ck_6cbb011e0c70bc7c,0.09995237096131095
ck_b3225a98acd04f83,0.1188971470192343
ck_aa37993f1c17cd1e,0.6752217345962738
ck_558cfe5f77a55a9d,0.30016267147518316
ck_0d0a1a021efea5b6,0.5074687805420546
ck_daf7aea023b7a8f6,0.8816452516680482
ck_d75f25184ece2b51,0.14958904303787848
ck_466d4b5366c50b98,0.17831177093622688
ck_88f27ab479063852,0.6327148121459913
ck_66779098e78c1760,0.10409441925969772
ck_b150fe4efb449b05,0.3106196521148827
ck_9c3aa9f23d01fa1c,0.27072697439784227
ck_6a01c375fc26705a,0.13583880206190638
ck_002eb6552b504ea1,0.3687101771931556
ck_affa5aa0bff9bb0c,0.5295031216784098
ck_027614eeba8b1a4b,0.30243740278115905
ck_67e075c982add719,0.2883136996932004
ck_399b0d510be98bd2,0.4620420567151033
ck_e9b0bca7368555ef,0.2765326284418075
ck_59c29d9c57b4f994,0.6957961805943735
ck_37176850ed68831e,0.4346434277321917
ck_a0db4ccca08030c3,0.9616349134036487
ck_aa188e5c25f7f42a,0.6564806666491169
ck_7de6997178207800,0.08664349545392291
ck_c729d19053387be9,0.7495749159118305
ck_f2d3e3d90608596d,0.9183126678053342
ck_2db3fb565e0211ee,0.3638211993532914
ck_bed8a480e27e911e,0.6464311013146663
ck_d7ad9921a4d25926,0.6679561792691514
ck_2a59f23fc5194699,0.8158476870677949
ck_63601a58a6120d8a,0.43987191483348986
ck_efd7b9e22c6317d6,0.3473209069466174
ck_9ab42875a0f95b43,0.6584837848193801
ck_85cb5033fca7c846,0.7522230963722145
ck_5249b223000915ec,0.6775983176209761
ck_3efb0e9bf25612c7,0.2787394576015508
ck_678e74532ac19700,0.6901602674883714
ck_a980b296c95153f9,0.640523598761288
ck_01ac687ce0d696a7,0.6120045691888022
ck_52e1418cf1aa9871,0.6132268134703603
ck_7d28da4f1dab09ee,0.7223120722620505
ck_010d0c2e6c1657fd,0.8111624242773157
ck_b524f7a2e752b9d0,0.4971815669371103
ck_cc447fcc24a0772b,0.9644868391233784
ck_2cb3c99845e572da,0.09645539586317568
ck_604c710141327a81,0.10046163916336098
ck_8d5fa65717d2e0c6,0.633054324109289
ck_31199510b40602a1,0.35397534590323915
ck_49e253ea12f4e922,0.8538051824624987
ck_780738e0d71e7e43,0.2506278534114803
ck_2cd21137a07fdd7d,0.20863020140114888
ck_5e021f2a3b66e256,0.36477182998772967
ck_efbc79246e32c66a,0.6250418407249094
ck_9951bd806c13c7fd,0.8321442800360768
ck_7a52674e2806d8f5,0.7416982195044607
ck_1a319e509f1efa1a,0.039213651331697665
ck_c920901b9a4ba993,0.9600731341814817
ck_b71279e807d0b3a7,0.4593938634849236
ck_47e1032f490bb018,0.2142321520509749
ck_192579ecdca7ff83,0.3411757389454523
ck_b1496c474c4a3239,0.07330066887957008
ck_5e68ea2c5e893cf0,0.5909548299264582
ck_f2ecab85d4693b4e,0.722821347104461
ck_89d7bfc81c3df597,0.48611347376650965
ck_7929284327667791,0.8332307241472448
ck_494ec63c5ce8e150,0.5174843881216825
ck_319b059bb2145586,0.7032654397935768
ck_ccb3767c239018c1,0.1027024186561438
ck_a1c7adfe26e09a8c,0.48261649461160405
ck_0e13c4f73818149b,0.3622594403163251
ck_c285a51ed6214f52,0.7618652642898734
ck_916784595f028226,0.8245392000049554
ck_6cd8e0196365c474,0.42608772642066145
ck_57b657aba4daffde,0.6706722799567643
ck_562c76a3753fc7da,0.945066536040002
ck_66cfc1ebc9a513c8,0.12979548814453112
ck_0f38d4aed68d7d24,0.6435792038724535
ck_d8ddf5e99f7859e4,0.5655932594770107
ck_41bc3efa0fca700e,0.5947913038467352
ck_40799e129fcf42c5,0.8543483962193423
ck_786f079389126e44,0.5334075083895056
ck_bb4c6b713eb0b978,0.8269836966046713
ck_4f01f7eac0efaba5,0.24214005367945338
ck_47d29c01b20cf69f,0.49185122917885327
ck_bf15a1f8d67a30d3,0.48455171225464594
ck_bfecad7586f65e4d,0.484619613920794
ck_fc9f16df35190eb4,0.9286339251749202
ck_c09c914e416edd08,0.5633864308693362
ck_c54c5d8e4433b0f2,0.05785286707280067
ck_1694c28f44480e98,0.5655593083505761
ck_1dcaa3078dbb7571,0.017960192107673627
ck_af559f990c640e41,0.3419566185684759
ck_9b436162039a77d0,0.6468385157731418
ck_79d62ef181bd0cd8,0.5598555073910485
ck_23caafc2cd34242c,0.23694551321761734
ck_ffe2aa26f597e552,0.29554530722526245
ck_e6ffd0754ac08661,0.11523041622745843
ck_beaacb4a783db21f,0.13281714364289493
ck_9863bff41d24ce9b,0.5400959053083368
ck_323b9cc5c49f8ea0,0.9612274871832652
ck_ab3de3d3e41c2082,0.22574161430533393
ck_35c93b2924900376,0.1724042591047847
ck_5a9d5f9901e37e31,0.6016154994015309
ck_782b0be796164335,0.2244514668788913
ck_11960b5f1c7a5e2c,0.17349069737612743
ck_9a66cb13a9884cc2,0.3895901665737312
ck_ba666a425930615a,0.15454592167071424
ck_40140bef4db73741,0.8415148180904726
ck_e05e91cc180063d4,0.8629041018751756
ck_c7f6f45710bc050f,0.140727778242923
ck_055fb9f2e1c8c934,0.7111421228077989
ck_58bb02d98e2b9cd5,0.496876001280414
ck_d9f8efa6a7800f76,0.24641790134866234
ck_69691226c68fd50b,0.9311463500071354
ck_6f2f0396e5b1c538,0.9823453037880614
ck_78bc3f1d0f35ea6c,0.4286340617522352
ck_2d5a6b6636a2596b,0.2571804368738057
ck_7878545739af0a73,0.11787860977412046
ck_03c4fa4f3ed3512e,0.12222436668124885
ck_1a9e51d092d62c84,0.9159360544977004
ck_9f3861940d8d873c,0.6095261314691461
ck_4684fdd61c6a0fac,0.5504170678006723
ck_715966f86d5c913d,0.1587558702822891
ck_77f293d44b4a3d2e,0.6869009534036864
ck_24dae044dc05f849,0.5163639979425465
ck_00b9818e2064405e,0.7110063149192599
ck_c1c2cb49c3c1b0f5,0.8724783713170807
ck_bed50fc64fbbf8ec,0.4085349457936965
ck_4f6ed5ea5ab7c429,0.48231093102456424
ck_458531c22ec2f9b3,0.34260168942171965
ck_51c50c4c443df31a,0.945066513978338
ck_732d45bd578dc39d,0.5313364892120194
ck_783fe5bc20cd02db,0.776735876237743
ck_7f188aaa63d1d442,0.15179587352140053
ck_ef307a6aee38d1fe,0.9614311982884353
ck_e37196b20968b73c,0.4533165948776959
ck_4ef9de711c3d93b1,0.6660549040930012
ck_17946516d5df71d7,0.30888813352178374
ck_3534be0f4efd313c,0.640116179612921
ck_29fbabf855cabdff,0.21453771390490514
ck_191673540d8486af,0.6805181277045098
ck_5f52728d777ff2c5,0.3431109570173618
ck_a045a19369016818,0.9938887710250741
ck_4eadbe7298b15e96,0.3950223611979386
ck_a3a0bd59729fe619,0.45005728441893406
ck_a1e77090b1c6ccf4,0.3236569152023102
ck_69ab9d4784eb77bd,0.41206587103855596
ck_baa47383ffd50f04,0.543558921343306
ck_e35b2ed08b9e55a7,0.4666933796224628
ck_b6e3af0a5119d9a0,0.616825642739421
ck_a7c1dabf3869772f,0.7217688508416887
ck_80b8fca67a14e0be,0.8799476576890924
ck_dd9c5f0c42878e67,0.20791722653427905
ck_41ef7967faf5ce82,0.020540484111041937
ck_a93560aa348d6225,0.8047795904890234
ck_ffe91d6f0bd93fc6,0.8060697343803926
ck_fbf630c960194033,0.41281279964220496
ck_497ed60723283c0b,0.5324229230889467
ck_2a46b7ca55239413,0.3841240233227605
ck_1a4e5ace078dd782,0.4914098575121834
ck_616cc31910f5de50,0.39318900059605477
ck_0d65bc749eb42710,0.5540837974865832
ck_2408db62e4395ccd,0.3760775837996274
ck_5d7721930106dce8,0.6864935433203442
ck_e8a6acea22b20312,0.8908799715504154
ck_e2f792fae128b18e,0.8030141249564231
ck_e6d3ce445b86003f,0.20238317871486947
ck_263334d722ecbc97,0.9493444495836617
ck_8c5b29f6666d4874,0.5310648736945051
ck_7ea0bf310fc20c7b,0.9636040958868338
ck_54d463f7fd89ec3d,0.6023624475320221
ck_79e45040dbdd6447,0.6662925652045391
ck_60b4d59953505682,0.9503629979379647
ck_fb00dd5021642507,0.6116650617589986
ck_f409ff994a210601,0.7641739237342628
ck_2ca0020038bfec58,0.9149854315761813
ck_adf84b9df54c3d80,0.6757649520831841
ck_942dbf632591b65d,0.2868537968987242
ck_454a7e4d859a3409,0.13142514621366264
ck_2139062d4569aa07,0.340428810738117
ck_e949a0f4df0b3902,0.8383913295933612
ck_bb113e3e6716ed65,0.5102527806322453
ck_6a28ea6ce69cb869,0.8297677072666114
ck_7df9910af2bba21b,0.368778075023457
ck_78aa4b731cbfe251,0.14307041138047355
ck_5839f5cbd8165b1e,0.6598078954743807
ck_7158ad9e58769ffa,0.8254898396489047
ck_acee218cbe61df69,0.545392286021202
ck_f8dc8473c2772729,0.8819847249459197
ck_f34c93a8173555b1,0.5169072177414306
ck_7cf301d075e4e709,0.4935827387066279
ck_b87e88ee5512ea17,0.29401750519707126
ck_bed0c020b10afa3b,0.48400849116356726
ck_ca10102961f99eb4,0.19308054662499258
ck_393287947b5c8d79,0.5512997981427372
ck_2fe6cac002142f67,0.5212190237097575
ck_79c7f0d29b1db1cd,0.7054043694642617
ck_c735b643d3cbf67b,0.31540676606132045
ck_ea4332c8fe48e2a3,0.29523974649069545
ck_d39864119cdd460f,0.22227858978946088
ck_3b963d6be2773861,0.2529365345257503
ck_df39e3b8a9fd0bfd,0.951788939593295
ck_6236a461dc0d11a3,0.11930456192023829
ck_475ebccca25e30d1,0.6883948083840629
ck_c10c8bcf5bcd516e,0.8117056411296643
ck_49ccc3716a564256,0.6791600746085403
ck_4e4f99102f6938cf,0.35098763834941205
ck_a97b481ade6f7972,0.4884900623244905
ck_3fa559c679751b3a,0.6179460318470711
ck_3eba1fd2c7acc4c0,0.8658239938663931
ck_18c179b4afc4fccc,0.3927476299484461
ck_cc1c0b93d05b7d20,0.8804908626769701
ck_742f7c28ddd019e8,0.7780939304155836
ck_04470bc93b8a0d71,0.43131620999077763
ck_6e8f8ef7a03cc6bf,0.6174707182061584
ck_eb1ddfc353b4da83,0.10976427140371096
ck_98831b57c7ca2e4f,0.1603855301948106
ck_a6c7b8d6e8596d4f,0.4987433225825796
ck_cd7d24e3b095e96e,0.7448217292222079
ck_3f5ae4673a9f858e,0.2608811189364037
ck_05f375fc8ae0afb0,0.44907269489335816
ck_1fc98436281ee39e,0.13210416919959841
ck_6c48c58678f64bae,0.04950086882058243
ck_8c95aeec6a4c75b0,0.2746313607225546
ck_364cde38958b7af3,0.8959047548990653
ck_85bf21aa1a00452f,0.3247093996649198
ck_796d3eaabc667c23,0.993209746904491
ck_ac449ee0c315edde,0.04956877111277305
ck_6f9fd15ac6b163de,0.18836132802983632
ck_4087065be2a45ad7,0.9055469228658141
ck_ecf006bbc78ee3eb,0.9257820089486802
ck_8ca808cc5a49cb5c,0.6559374482096965
ck_94b90ab8b2dfb50f,0.4713107374098906
ck_59fd11b3232de9dc,0.9681536019631164
ck_67f3794d93e2dd67,0.8743796508507425
ck_b7f5acf5df1bb13e,0.40734665133322145
ck_fb04ecbaebb774bd,0.37821651101683534
ck_68ef3e7301c621b7,0.37903133956573676
ck_41406cfa209b6bda,0.16408621177177618
ck_b0f8f5408662337b,0.30189418333135787
ck_0d2901bfe585c391,0.8774352491613859
ck_3398551e81dbf3db,0.7427167520745068
ck_61c3e3e277629646,0.4229981608818192
ck_2825e34dd3e7ea2a,0.26060951020451867
ck_20d7571ba830009d,0.39064265783254004
ck_c98b16f9a72a6568,0.08172056954263412
ck_e7c8a9e4641eb9ed,0.06681598712080639
ck_254a7c97c36dab8d,0.6479928694618515
ck_e98429675b46272b,0.09506339510192266
ck_c2fc0ac460786d02,0.6901263216292642
ck_fba15647b3a140d9,0.5976771581352701
ck_15ce50f2704227be,0.5775780413014746
ck_8c748aaa4a4554f9,0.6754593912199361
ck_e00e82a9419ff086,0.47575834863540634
ck_832341c98254bd84,0.6825552005365939
ck_27466468d06db4eb,0.764513442248305
ck_9d7b9e3ff1f3e71e,0.24485614641065803
ck_42c6973d3a6fe983,0.024580678260831573
ck_877c85bad118bc62,0.6565146123190354
ck_75d2a2715259c4d7,0.8699659635879549
ck_37d3e5c681a2214d,0.9298561818413179
ck_bf285dd49f372de4,0.5630469232753449
ck_a5bdd026fa9c50fd,0.3944451910348023
ck_88d9244a9cf7a77e,0.9439800941606041
ck_5881b174e49b04ee,0.129863388836762
ck_5b16d67c5ea89930,0.5916338421591877
ck_b75b936aafac56b9,0.11747119631196251
ck_aed2681e1646a0df,0.8890465831813749
ck_f63cb5e8cc702bad,0.4742305423523357
ck_1805fcfc4a9e4ffa,0.9558631522064771
ck_25c355da356c730d,0.4216061632457945
ck_70396398e4a96449,0.1527465063221481
ck_0f743bd13373748e,0.4269704530670465
ck_4b387765f0e916cd,0.05547628200682895
ck_e971faae8a10a260,0.24920190256303001
ck_9eb08369e983abfa,0.24648580438693657
ck_c30c5844512e429f,0.7525626089845876
ck_59e77e3a81f1fa0d,0.5789021402991622
ck_ca4465f2b5c1a52e,0.9903578301796374
ck_c89b9ca398402f1e,0.09350163968943585
ck_36e72ef9273e7a95,0.3169006214309783
ck_2bdd8616870e5e1c,0.2460783984884775
ck_216e87a41de22b5d,0.499150733778787
ck_60f4fb44f5efe3a0,0.044000772021553516
ck_05652e8ace6ce6cb,0.1469068992337436
ck_8c136dc691e65695,0.10280427268158936
ck_a08f8dfadbdca112,0.10721793002979592
ck_bda4041a3e90d860,0.42768342979037943
ck_15dd3ecaa8ce0245,0.9509741315325325
ck_3e3c64b3b7876ce6,0.5424724833338865
ck_46225858a38b2e57,0.32219701023357844
ck_0cb9f54928f4feee,0.6881911004648174
ck_152671fbf8a9a78e,0.7371487559474137
ck_ee7a515e87d17d4e,0.16333928488789085
ck_f7276091bf513d22,0.8214157386739682
ck_4f05daf1cf0d5755,0.16581772421473004
ck_83a69c4a5d55ef19,0.5889856465574083
ck_c50fed2a7c9198c0,0.4608877150131089
ck_70d19d5650ddc8f5,0.48801473662341716
ck_4b4d99e443618904,0.30603623215490544
ck_dca0b6ca93311ca2,0.6636104269542943
ck_b7431d4706461ec6,0.20723820426097334
ck_7b59d22cadef3b05,0.8779784695566615
ck_53428573abcd606f,0.5337130682706891
ck_f538ab6aecf2adfd,0.056562721248368086
ck_d321249fb065d2fa,0.8705770879273036
ck_72fdfc7e6d8e1436,0.0775445701770229
ck_b52b99dad89ecdfb,0.4693415674035546
ck_d2d4282f9d256b3e,0.23433127005439133
ck_c8f2a1dd8a6141a4,0.1999726433954104
ck_8d38747058d0aeea,0.9273437812252843
ck_3ac528caac74f563,0.5015273267192873
ck_8dbaaa00ad829ca9,0.5573091622479973
ck_7c38ec898f0fc21d,0.15502123710534996
ck_8171ef803f5ff604,0.5683093556205129
ck_01a750db6fc1168a,0.8601880420858717
ck_ceb017baa26e98c8,0.7420377290373346
ck_e2c66c72cc0b0f78,0.6735241788306884
ck_8d9518f64b222416,0.262782389682001
ck_804c5a1fa5753617,0.38008383040095045
ck_fca7cc9c42695453,0.3193790604351238
ck_3a632cdf2c19051b,0.4566098618230305
ck_b2b63ea65edf1dde,0.6636783202251371
ck_27b07021500ee841,0.5282469246952196
ck_9724718fe64c6557,0.9810551719215247
ck_2786cbc3e75ec034,0.8922380222713554
ck_d9c2622cb6df380b,0.5006445872778155
ck_ae1da8ee98e402a4,0.4896444013669864
ck_62967b91504149f9,0.25144268070727555
ck_6b255bf68709109a,0.29510394151509295
ck_c55afc68421d85e2,0.34979934607623303
ck_7c7266f6ef2a8466,0.73473821652297
ck_885cf685a9541190,0.9787464575503504
ck_1a4bb7d3d2ee3227,0.3623273428489818
ck_b4911c42f3bff740,0.030725847875509606
ck_66f9f78d4c6a3edb,0.6892775369868349
ck_49bdba9ee1899dfe,0.4592241089998562
ck_79b235d51718435d,0.6369926645763634
ck_d840db8cfe2ef6f1,0.14612602115484366
ck_610c7bcc1cd7ecb0,0.6659191005536615
ck_cf49b6544aff6c50,0.9283623099997824
ck_de05f97c3d40dd1b,0.6824193915296259
ck_0302f67d75973dce,0.49853961099200006
ck_54c2604c9ca6256b,0.5648123859732728
ck_a1c88c0568f142d0,0.8565212674757867
ck_5d72ff6cc2963d1a,0.39492051490889113
ck_0446920a1004c596,0.1270454387214585
ck_71044c29ef071570,0.43525455261423274
ck_2122e9bb1afffef7,0.12989733974023737
ck_d1e3de178601d3c2,0.5322871220595441
ck_bec8324a3587ef04,0.052420672246431
ck_b616b6f45225f319,0.7806742205209258
ck_ce1e695884511479,0.677802029817423
ck_a662b4bf900781e4,0.05642691654551063
ck_b5a84c5547378c10,0.0905478847754465
ck_f80af368cfc6cb7e,0.4088405048429881
ck_da3526ab6c5c884a,0.5925844805590282
ck_bd20be9a3392d79b,0.172540062597687
ck_b8266dcd90cbfa62,0.06532213297534036
ck_ac84b33304362c06,0.5938746229931878
ck_794d8935a895e33f,0.7721185087897439
ck_8fea7d915259f1be,0.16911099071049898
ck_7a1519ad5ff45312,0.02417326393176815
ck_9bf3ce30b65f75c7,0.7608467072721815
ck_5f864d72d1eead99,0.8940713750861522
ck_3c48e0cfc2a58041,0.922590565698719
ck_d902183f80cc81fa,0.665104272630624
ck_539cb0d117db8cd3,0.8957010361133043
ck_28f530aec8e77130,0.42795503774863525
ck_e7d903c50d353361,0.9294487616080997
ck_d288b77d1e227970,0.6501657350101426
ck_017208fcc01b5d40,0.22900092942341935
ck_7e3923d278a5106e,0.5575468232195544
ck_9700a00ff9e66216,0.4967062454080994
ck_5c36c78b7a4d138c,0.7552787193889319
ck_c457e9c9224b773d,0.27738140759408636
ck_1dfa91405d7e66bc,0.3821548574138847
ck_f1d8a2695a575e56,0.16826220956803606
ck_3b92a46daf8d00d2,0.4033743621219233
ck_aab23b5470469649,0.41277884733183345
ck_ecdd01a391610d99,0.29174277038952035
ck_abd3aa292f8edb4d,0.6945739273178813
ck_7fc9a0776e1339e3,0.12480465979139924
ck_c0389ebeb0e65cb8,0.11360075808269675
ck_48d0fc4f6a2109fa,0.9855367213079699
ck_571dee4f3336c7ce,0.35726861273933835
ck_4cedf26628c84f26,0.7912670624896212
ck_63356762d24aab81,0.5006445873479984
ck_2c5bc11bb7ae5d2c,0.9757587278264761
ck_6d26a152f900fee8,0.4788479071647433
ck_c972b0e781efed3b,0.0713654500549525
ck_fa0ecbcf9a33d6ce,0.1218169514403909
ck_fa3a766e49dc77ae,0.12636641358201037
ck_7baf1e55db0dc558,0.45827347179796357
ck_e8bc49e6494c1f37,0.08640583749269624
ck_8ef1d05cc1e53e7e,0.7712357865855021
ck_cef2a485a77e0723,0.15339157925723093
ck_228a583f23abff48,0.5576826263607215
ck_ac32c6e374782b27,0.657974526930922
ck_b9485218cef413f0,0.2959866815228213
ck_7f15503048915d6f,0.07000740029798398
ck_b62f5144db15ad34,0.8447062751338654
ck_917d82c552f95a23,0.5228147333474303
ck_fb4797045077bc6d,0.12894670558135682
ck_2cf8a44e041217de,0.6852712967581324
ck_b7dd681eb3d2ee38,0.13903021783003114
ck_e9e8cacd2fa35e79,0.33757690792029427
ck_342a79f91de5d1fa,0.44632264525075166
ck_2c91f62c05685ed7,0.2192908825227848
ck_e30cb64302939f38,0.6474496465423166
ck_d0e95b90ba86da10,0.2592514622066057
ck_1774faf414a5d49d,0.9695795511803195
ck_2401e8ff89e574fd,0.9498876775925564
ck_0cd8802264e0a1ef,0.4719218600895975
ck_da84a0dfe947fd3c,0.2097505916671818
ck_c8affb27ba7fb5db,0.7052685600049544
ck_bc7ece8787ca7200,0.4090102640970879
ck_469a0578d05990c2,0.12806397452005486
ck_eef67f8dea702338,0.6613696453736555
ck_4f490e379e9ded9a,0.24010297853870324
ck_354379de065a8ff8,0.21239878775182383
ck_5db1cb368bc41ac3,0.33027739728642314
ck_9b1c3742dd6fcb8b,0.3287156448128136
ck_63ce4f44c92d7143,0.8472865375223666
ck_e15e3390f5ed45f3,0.47718429983534205
ck_da645ea91d66aa6f,0.9252387854523108
ck_834ca727df855f07,0.7277103344478222
ck_e1d5ad20c737c745,0.6250418377265754
ck_ff8059ae5fa5f1ee,0.12195275635610904
ck_8bb9e75393954a1f,0.1066747102987173
ck_4e1757d1347ab387,0.9920554070325227
ck_af3f74b1d75a5d95,0.7014999759572381
ck_6b1ab0742ff04c3e,0.6340728601507657
ck_f56073911c9f1ab7,0.1991917663515462
ck_51bd5f69b4fe0b92,0.936578636925033
ck_fc3d95030b81f416,0.06009364704348899
ck_cf78169633a1600f,0.031099311009884466
ck_ad7269eaa65c67f9,0.5712631111851996
ck_cc6d33890d47a6cf,0.6915183206246175
ck_bc8f31f4a2ffa1ae,0.25388716946914935
ck_720776a46e56dfa8,0.3035917444833734
ck_e2d1f212f259539b,0.37522880330433617
ck_eaf6f7082c3db2bf,0.744821728105178
ck_773efe58c6278c3c,0.5296389332879334
ck_c4a72c09f2fdacc4,0.19022864457613067
ck_8982888dd6611143,0.2435999509954836
ck_9d5049e195eda029,0.40626021391850936
ck_de58ef6f9fe2b546,0.31537281546868656
ck_c0b50c11e4f5adf7,0.7384388993229624
ck_ddaf228487858bb8,0.7543959756468644
ck_eb2323215ff70362,0.44381025463928886
ck_168c96a1a636ea15,0.48767522237266087
ck_9c46711b14d9eebc,0.09244915190910889
ck_de8af660806b97b5,0.16374669922800192
ck_6ab83f45bf16eaa6,0.532830339862651
ck_bf2228a052815840,0.25809712011850144
ck_3f943f20a9da9bff,0.6330882743189685
ck_3baae40454c00938,0.6345821287549808
ck_bc2e771a1d8d2dee,0.8130636860945063
ck_e55f5ca37f30ce8c,0.5179597062255178
ck_4ad5937bef176d89,0.11193714842271044
ck_126531a9126c17c4,0.09543685866382025
ck_7ec423cb56257516,0.6439187131705129
ck_54748ae0f2daaf10,0.6360420296030049
ck_ff24776280ceeeed,0.3674879267130132
ck_3c3a1a1365741bba,0.26359721639083994
ck_615277c8a4e2b18b,0.2689954597366016
ck_a96aaef34173aee6,0.7816927562488044
ck_bea56db7f3e930e8,0.30474608786628793
ck_ca491debd3b32a59,0.691518317185841
ck_d9ea77f4114a389c,0.6179120846504261
ck_322ffda3332d08a2,0.5591085789284633
ck_c40ffefe4e30b001,0.7446859300427527
ck_3b1d7648d4580bef,0.10996797823845736
ck_23981a3261674131,0.37906529047420945
ck_11667f5b9fac7bc7,0.057173842984014914
ck_646bb3c7be5f0817,0.637739591473032
ck_ebd0a45712dcf07a,0.6352951042096665
ck_baf43bf1bd963f9f,0.6450730549727122
ck_e0ca2c819658f6b6,0.9860120647724937
ck_f0d6633d0834fff5,0.7052346084425688
ck_91081be0254878a5,0.5951647750197941
ck_1325000bc7f35b5e,0.0594146229046224
ck_c624b9063400fa3a,0.8110266247250993
ck_0ad6fa0e23c3bd0a,0.8567928865897203
ck_6ddb55b1f23c6cb1,0.6951171493912756
ck_dce1fb3acd65562f,0.3661298803129224
ck_a9aa389688ee5aea,0.3376787618162197
ck_5c5284c45d9ad8bf,0.779689633901287
ck_9ce743dd3e92549c,0.5457317986298712
ck_8342e08cc2f9bcb7,0.44510040198982853
ck_25e551a0a8d2fcc2,0.7908595844375621
ck_d4fd0e438c97e0c7,0.741630313478882
ck_ac7fe1c344190c50,0.7579269034188135
ck_ddd65711b5651f89,0.06844564462242525
ck_ec7406cb5cbc8f10,0.5278734622742671
ck_1c65e8d5be3b9c60,0.9143742798243167
ck_38ee42f15a573e81,0.6008685756591629
ck_0e5385c70c6de025,0.43939659945171106
ck_d3137f0f7629040b,0.3460986637985534
ck_9129c92c12e0c8b4,0.12555158433396313
ck_c86520a00e50a926,0.7276424122520013
ck_87f82b2b5fee757a,0.6693821243156829
ck_643abfbd7548d0c9,0.7697419256877515
ck_be51f4e5e6b85768,0.7302227066184616
ck_132c16312f37810f,0.24668951308824508
ck_c78c096ca8cb33ac,0.11326124715224627
ck_2ce5afbc014763b8,0.4748756156081302
ck_50ed8f4e7ae6710f,0.5758465252488524
ck_5a4eb535c9a11993,0.22917068654444334
ck_9b665ef46d785324,0.14001480098176242
ck_e066f71f8b296b7a,0.28454511531406407
ck_560bc6017870ab06,0.3087523303126865
ck_fd78f8a8663646d7,0.39593904498712007
ck_4af5ec61ddbde1a4,0.9001826187461718
ck_c2ed04a9d218410b,0.4317915259148731
ck_2455d43bbdd2bb69,0.41267699374369
ck_56eed7041add49a1,0.9242202433184372
ck_5f0be7b468a72333,0.11977987769045513
ck_19660cec756632ca,0.43270820755738004
ck_fb90408f4892a21f,0.5474633203147267
ck_833a65b86a5d9bda,0.10114066416490398
ck_2ac36e1dff211d38,0.7917423424966162
ck_c00e70606904539a,0.3657564188476448
ck_ba8affe4b9505a95,0.9402454038391506
ck_0c3dd22587b08018,0.8550953156329225
ck_618c4e5cfae99dcd,0.8841576217477112
ck_c9690baddfc4177e,0.10365305399293652
ck_59fae092fb0c4aa3,0.412439333594466
ck_e03b7d0fa0b28f4b,0.13485421647314202
ck_d451d24c780b5884,0.22360268675876252
ck_e980d325b8dbb8dd,0.34494432413777765
ck_cff18e2d8c520272,0.142119776886707
ck_a0e46b67e986ab56,0.44211269448445656
ck_3a469039a5b9d963,0.3631421741451426
ck_12cbb211ebd2b437,0.5869485765425946
ck_b8cdd6d6dccc4554,0.15960465190175382
ck_794ba5921cef50c9,0.7496428016829964
ck_2c7667f64edec2b5,0.3570309535841963
ck_7262b4e0c29c942d,0.5282808770470829
ck_5d818522cbfe2a54,0.8025388071662165
ck_de39c1947fb675ee,0.7232966649346726
ck_c021495606b4735e,0.34548754157424166
ck_1fc03ba33edd9e67,0.6866972434147466
ck_a6fe344bbf67f14b,0.5252592159168825
ck_963762210edc5694,0.7015678773593819
ck_d064428b7e7dc409,0.2934742839303788
ck_59be61b53d971611,0.44992147399955135
ck_ec8738ec663cd2eb,0.4478844020307295
ck_59d086fab5998646,0.37000032021129986
ck_bd32dd3b2cbb7888,0.9921233011468199
ck_ce0166addb93bbad,0.31194374960438565
ck_7c0fdfbb447cdc04,0.5200307293526719
ck_cb1bd7635968ed8c,0.8875527217132396
ck_66f94903177f20eb,0.29102979526171335
ck_1d7cd5dcbcdafd7b,0.9305352086354054
ck_5e418a7c04437b4a,0.6733883806815886
ck_631ea1ae91ab333e,0.8038289735908191
ck_0a8029e79a5ae7ce,0.6729470034566938
ck_c4cca8278bdad9b9,0.05720779422452397
ck_4dec3df58077a257,0.8164588288576695
ck_609c249edd88c565,0.2898754539394348
ck_02e5f9cbbbf2f078,0.5921770665018973
ck_32e486859130458f,0.9572212003020975
ck_21ed2ea6386c5a07,0.02970731129103675
ck_1242aa4496576a99,0.38585553533344874
ck_475ea9aa6d3898b7,0.8144896420661364
ck_fe1b1adae3be70a6,0.9388194021155032
ck_c5414d7a8031d4f5,0.05479725760983211
ck_ca1f6f01868e978f,0.6285727801663699
ck_5eff0208c74ec714,0.4922925879366297
ck_a315c9619a317609,0.6328506152205733
ck_2b87683c90acb852,0.42085923411116666
ck_7cd9f39c50748ed0,0.3578118309316662
ck_16a06d58d71935bc,0.749031691935066
ck_d116e0e7c19b878e,0.9635361952168229
ck_931510e384b1d0cb,0.39709340364691587
ck_e7651fb87bb24132,0.5334414646603222
ck_88ef9f85948e1a01,0.2590817076409779
ck_17bf38d51115a8f3,0.41006275192053404
ck_2659d1d3762a2825,0.4049700698784841
ck_a7285955e2852686,0.3843956309997217
ck_f2c33d5b65b321db,0.6569899295812923
ck_83e5979334345622,0.7374882663278447
ck_629537d8b4d0f395,0.5884424305196567
ck_72022008a92c9386,0.760065833485861
ck_2973b8274f0bf69b,0.6984443693075546
ck_565e3418d2f4061c,0.4568814718438958
ck_54bb53b8f8ea32ae,0.9933455362968413
ck_af0a6540ea7a36b2,0.23752268437583104
ck_888651bfc2c8cf70,0.36039212541747956
ck_1dedcb48ac381a1c,0.864873277305192
ck_f73273e220296be8,0.6496225225353603
ck_8424bf65223a5a9e,0.19515157069578895
ck_337b930fd149a696,0.47131073784033867
ck_8a4952de8a123ef8,0.16405226042255497
ck_884168153c9c0c81,0.13437890180529802
ck_fdda581aec411010,0.07662788679684646
ck_2b7cadbc8b180d32,0.9481221471194369
ck_8aa8b9968233a1ab,0.13597460630790223
ck_0af18b3ce015d294,0.3119776942242018
ck_8dde670a735d1e90,0.8631078079616167
ck_62f46226f244139f,0.6389618352589059
ck_f948e8a8fdd79b4e,0.42547660047694474
ck_fa00aa0f3e859904,0.5500096510255024
ck_fc7935f784a4f249,0.4370200213804719
ck_e7501307c0698e5b,0.42805689379625583
ck_549ed417f2834cee,0.5133423412951703
ck_fb2a35571ec719d4,0.8600522016117512
ck_25822068c86c856f,0.04990828320825876
ck_8f35d229b62c8f23,0.1752222104522928
ck_bdcf049c1e7d0c95,0.2320225885402772
ck_0aa9db36eb16422a,0.07197657180641087
ck_42dcf92e9e016922,0.7936435844889436
ck_42341cf31c08c981,0.5646765805669057
ck_0b20bfc515ba42a2,0.5883066315087083
ck_0ec820b670d48098,0.10860993020981033
ck_1f0bafec397da8e4,0.7141977348242244
ck_82f07504ab59ed33,0.7335499269973176
ck_337b24a474010abb,0.9906973516155486
ck_703703bda38fdcf8,0.5396205854996078
ck_01e7960c63dca3a4,0.9733821238892284
ck_be5bd81e3715cb8f,0.9568817006370399
ck_197f8058cea1fbea,0.043831015675020665
ck_eb3fb1106f2f1b21,0.6998024224605628
ck_658b4b54be09a4bc,0.9854688470170685
ck_266ce7ccf41ccc50,0.5197930709519943
ck_110608c3b03d4038,0.9268685004427029
ck_1be8cb95d6d9bbf8,0.24730063698509264
ck_8e16a64a776afa82,0.9010654940100973
ck_34bd190d37eda534,0.6937591198188191
ck_4f521611ae14ae66,0.13291899848307492
ck_d839798f9520363e,0.8228416491892463
ck_d1bbfd246c0ac9d5,0.6508447608409742
ck_f19030e6e85a6776,0.613498423854941
ck_cdabe60ab59f9d5a,0.5843683042219601
ck_bb84b2b30293f566,0.9367823345272014
ck_427b91925952cb40,0.7398648528736748
ck_1078b1e155b5b640,0.47273668880831565
ck_95fdc264eac72fa0,0.29907623774846864
ck_e35eb857c61548b2,0.9280907338320203
ck_69bd0b1abea7e1f0,0.9151212245277046
ck_59de511b20c842ba,0.7552787057674007
ck_168e7ea341a36b80,0.12548368152032038
ck_4937cfa6526ea138,0.6209676919894197
ck_bb1a981306b750ac,0.7593528541787702
ck_f42a43e4c3f34ccd,0.29540950239677405
ck_c7ae1d4b3ab38185,0.28498648068249843
ck_bd23cf9bba1dd33f,0.6160447655201382
ck_0fd826fad7ec7cd6,0.4825146379101257
ck_f143641bf3dd0414,0.7856311015904114
ck_ad6d48c20a3688a7,0.11686007427951203
ck_7bda5b5b927b2905,0.8697622602706928
ck_a337eb38eefdcc88,0.7923194895848108
ck_403da2a2d800df9f,0.8559101475926055
ck_aa01d5aafde73d0a,0.0787668132224214
ck_494954023f0eb309,0.5690902354704733
ck_1c6820fc38135ad9,0.38239251135979896
ck_0e0bab173622db9b,0.8680646987988371
ck_547090bf35a3b243,0.27412209243837343
ck_d69455220b21dc9b,0.24404131710887278
ck_90b4ac695b9c6bf7,0.15468172576252265
ck_8d2afe17c0082e6a,0.6387581354888952
ck_926b81c0ba528eee,0.2768381890766949
ck_ce36b0c287bd198e,0.7489637780054371
ck_8026e017909aaa6c,0.3464721257824321
ck_dfba788f35d4c372,0.15838240687614966
ck_f09f9d0e0886e0c6,0.3842937776571363
ck_4ffe0366df388604,0.6338012556014788
ck_75bb521de55644c7,0.14225558178291473
ck_81a960fddf79ecf1,0.9701906895871015
ck_8f43459991ea511f,0.3098387686019503
ck_f878b68d66fbfd4b,0.12786026832194597
ck_e84abfc0c747c9dd,0.9678819819964911
ck_3ad3fd3cceb56b66,0.9781353186861084
ck_7cf562578c7f158a,0.24366785324662954
ck_f81a97d350397306,0.5619604793658628
ck_255d87b7fb40caa5,0.44971776659619195
ck_b3905153b9eee924,0.5460713151115655
ck_2c80a592fb4cd6a3,0.290452625719634
ck_57deb202d4188a29,0.2406122451156789
ck_e3cb5f31d8e94448,0.9787464625267388
ck_0db62d5f7f75f80f,0.37383680526802576
ck_ced9163ea85589ea,0.7890262195433863
ck_e16528edc694fb33,0.9724993932395355
ck_78cc5ec4940fec3b,0.18442298825293646
ck_31742076e9a998f8,0.6836416346088968
ck_5ac335f02280271e,0.6396408605177466
ck_7cc2e091806cfa5b,0.7600318739037875
ck_3152c7115257f084,0.2522914617120122
ck_ab1b9d019921bca7,0.2792487242485779
ck_c33a762d98f9b290,0.0782914967635612
ck_b16a7c51b6f7a6b1,0.8157798039523367
ck_97402a153348e68f,0.2894001366186738
ck_95391029a21caa24,0.7783655377683034
ck_c2015a1200971fe9,0.5929239876742017
ck_ed4427962c68918c,0.9835675757819584
ck_c5e4a17d3efb19a4,0.9180410567669546
ck_8aec3d3dd51517c2,0.11305753876958273
ck_f5178a658225d8e4,0.14884211919523904
ck_8594f165e95316d2,0.21986805378131458
ck_f0c4aac04076a6dc,0.3281724242454486
ck_ac2f7397801036ef,0.503496490374401
ck_d1ea4bcc407c7d5e,0.4365446966294411
ck_cce8b6657a538fe0,0.4669310314775826
ck_66d0c6d6b67a8d58,0.2542266836137596
ck_1a6b30320835e57e,0.51144108130233
ck_8cd274cc85aa35d1,0.7011604624272338
ck_ada46085a78280e4,0.5127312186069641
ck_ce1b06623e4a815e,0.03585248109209218
ck_45e70c8a9686580c,0.8318047668621856
ck_0084d8ab6b1044f3,0.4646223588321379
ck_a5f7b6fed6df2aba,0.6687030998643383
ck_94940d783e7988e6,0.3024034514823082
ck_00f9ca84d1d8ae7a,0.3377127172706503
ck_0deb56f3f6452818,0.19990474055965837
ck_a58e900469dfc3f0,0.323555056625827
ck_028c41b195280980,0.13186651027450413
ck_7661d7ceaeb19f97,0.419331430911444
ck_6957905a65c47879,0.4613290819541435
ck_f7c6c26ef3c4ae06,0.3108233532713069
ck_8777beb11aabd66d,0.47436634877753114
ck_7db098a17374bbf8,0.974808074404368
ck_66aeb00e44486cda,0.9679498764195212
ck_838c52cc1d315ec3,0.337542958998602
ck_1745847cd4e5dc83,0.56997296626576
ck_201687857ec8b3cc,0.4607519111151629
ck_81818169208a8cda,0.6608943214367731
ck_3303fd3f64632c7c,0.8552990222216
ck_edf1096809e83ef8,0.15325577372908558
ck_235ce9603c7dccbf,0.6591967641961509
ck_9df7e153868bca13,0.21552229867704067
ck_3cfeade2cf270fee,0.2558902904960868
ck_982b0bf2e2b6c4f7,0.14442845808116764
ck_faeb0da678bb86c0,0.1908397680459218
ck_e86ad2fe815b6ed9,0.36137671050220843
ck_70d69e5d1bb99e85,0.6177083750173794
ck_7e9a8924eab779e6,0.9854009431275481
ck_019d5891103e7da3,0.3550617842320604
ck_14f0484b3817eda5,0.5242067296376568
ck_85de63d278f0fbae,0.08124525313866227
ck_ae91b4cff57fb3bf,0.7970387082607773
ck_2a6d43b9f883b78e,0.9494123354221343
ck_7a4e3d553e8ab5b7,0.8409037046105248
ck_fdf89dc69f700f84,0.8814415271623001
ck_f92e04024bf13558,0.11753909824220311
ck_4a522ca2dc4831a0,0.015108290145081771
ck_68ba25dc3385fea1,0.8076993990245543
ck_22128a4f0d033422,0.7171854372787977
ck_5b52ee0a13c71590,0.18279332890944391
ck_59472d17debedafc,0.2390844402248368
ck_9dde2c63acda3ba3,0.39590509289291836
ck_7510b1023cd08531,0.420927137457935
ck_071ddaaf2e4e3671,0.29625828344150906
ck_1355db6f4010232a,0.5686828199470153
ck_0a7adc2f27f98510,0.8373048685137267
ck_68250033717cd59e,0.25782550928043296
ck_7c12de74de30b788,0.9320969818514313
ck_65491367584c730c,0.6789563731186847
ck_e9047964952bee70,0.4856041987028212
ck_5567779d6ba184eb,0.6295912988814147
ck_d6ea026357ec6477,0.4983698554217505
ck_cd7dcc884e283746,0.8550274171816435
ck_0bd77fea8ed75a15,0.3842258763874101
ck_e80883208e8d0453,0.35220988222937993
ck_2ad0ecbacd5acf8e,0.9814625481583438
ck_6c1dbee7e8fdd5c8,0.4093158311470032
ck_ee4d9a7449515908,0.2770418987560411
ck_636111f7f030496c,0.45433513271273984
ck_2c629c657f73941f,0.584571988926399
ck_c1c9d3842d758420,0.7336178258048449
ck_e4df7faacdfe8c40,0.6168595946833606
ck_94e8142728e44380,0.6290141287056301
ck_765aaf42c5088545,0.528111118606989
ck_e0f845159b6e6a4a,0.5922789135142172
ck_5bc07deb82edbad7,0.06196096304971947
ck_713159c5c6a7a4d0,0.9947715062623605
ck_b08afc91d9ca55db,0.43688420709575065
ck_a7bc323ffed2ea97,0.9075840047747119
ck_85ca825f905a34a1,0.5697013563090583
ck_33160c443d4b3f19,0.5627753098040509
ck_832d39c590a3ca75,0.9651658630385666
ck_7d1661a34164406e,0.9926665244953478
ck_c2466fc40fc9d5ed,0.978882251256592
ck_ed0e776c0926ce67,0.8221626204398633
ck_cdd2ebeec75bfa69,0.8623608925085632
ck_d7877684c7923ec3,0.29442491715331287
ck_7384d4d2406aabf4,0.4717860540824668
ck_b8e5244e650aa81b,0.578868184483217
ck_25a1ea40b2d59254,0.13054241373999953
ck_b9e5b318ee4de68d,0.24451663406725568
ck_620d7ae27af83cea,0.15991021155329216
ck_40b4e264d1a12b83,0.97453645933741
ck_b694c803b62862b3,0.3757041205836232
ck_cbeca201dbade3e5,0.7863101223954232
ck_f9b439c9161c3e52,0.3820190693184666
ck_9880410fcd10a28e,0.06263998838239997
ck_74928f5f91aa12b2,0.7697419237940973
ck_b6673bbe61d2680d,0.54230272853519
ck_53c8315b5c30acb4,0.22102239487855288
ck_78f01d78ea79642f,0.38853767923360777
ck_8582490d6e365a63,0.33591329906481016
ck_af25c72d16299258,0.06800427905543335
ck_7905fe8e257b0449,0.8737685514966751
ck_0d16d9349e4a9e08,0.28165926205048925
ck_31b16b8848584e98,0.7512045590071375
ck_67207e3eecc02d76,0.8481013592673268
ck_e6b95ff91116a592,0.6583140277930047
ck_c08f622bcd6de6e7,0.6134984352111722
ck_f9a68da9e0f0bc85,0.15118475179653534
ck_4072b59388976896,0.3729880242146317
ck_8ec86e853ad52828,0.8690832318522793
ck_4fecb87eaffd5cb5,0.4223530880642805
ck_d6880578428b965e,0.811366132882841
ck_bfc82b3c1c9f2897,0.967542466358868
ck_c340644176ca03e7,0.5380927751826846
ck_321e740066fb05c3,0.9367144426929909
ck_8929d2eb09872052,0.7109384167538781
ck_205c107cec528414,0.9331155836329676
ck_e76db7d2562f9836,0.38561787506072026
ck_9ede51c8434cff6e,0.5024779565312708
ck_492e4b89c61b7b6c,0.2831531144375416
ck_9385f5a1eeebefcd,0.5595159921603295
ck_ee52c7bf88f952ab,0.32946256938342255
ck_d8116c34302021d7,0.11105441753915547
ck_01645ea51972e99a,0.7544299406529309
ck_7b45ed23304a854b,0.3528549552224296
ck_2096d32f3d497ea1,0.7006851447192628
ck_dfbb2056f1ef7d3b,0.32026178969149993
ck_938ce30c864bc7df,0.13122143740563605
ck_ff30dda2c881a4bd,0.949208640083034
ck_f88c79186a082beb,0.6827249523999338
ck_08c7bb0f9851cb76,0.8844292324906596
ck_2675e7a008e584a7,0.788550926708412
ck_cbaf8a954281d4e3,0.9806477600981576
ck_8b24eadf6c72b30c,0.9458134523743068
ck_ffc8e3c1377d0706,0.2100561525084342
ck_5b59e859bed5b40e,0.48635112529490426
ck_7b61717f172f9317,0.9814625614513705
ck_e5c30947b732f661,0.8662313590576213
ck_bc273f3ce79f7e1a,0.3415831520805499
ck_f69e93388b3028cb,0.8983492580009188
ck_3837ad850996ba60,0.45623640145631006
ck_36d78ff3bc033ee5,0.6004611688661399
ck_5e20953547ba4135,0.8021992924275468
ck_258d661e450ac870,0.7651245753089355
ck_1df66f537496ca59,0.7493711974671373
ck_361f535599110201,0.5999179448714532
ck_337e98c69f6e7886,0.4817677140224878
ck_d3d5b2717cfc3913,0.6487397848121089
ck_b1dba768dbe7affe,0.8569286809322432
ck_92d782bd9ce0d1e3,0.4185845037446592
ck_26bd0f8898afc8ba,0.06722340199422802
ck_7916e53daab36745,0.8508174574822616
ck_2caf553b31831a50,0.5832478927122409
ck_c6200734c7f9b2f9,0.9690363323117009
ck_cdc55623cb16e6a9,0.5627753110392609
ck_57849e15b61c43b4,0.2500167315726465
ck_b7af9b2ee0eebbc6,0.46336615581891144
ck_00aa5fc3b3bc66aa,0.6675487576244263
ck_9929723f65636c7f,0.9932776400905527
ck_8f6cce9f69912983,0.6170293515243293
ck_c422ba389ff00781,0.04474769885269134
ck_9ec7f334604a228f,0.8978739300113533
ck_5d01200ba3341462,0.4647921047899072
ck_2bf10be403849c9a,0.44394605944842463
ck_6ca018259f70858f,0.5077403900026806
ck_a54dc042ebb7c766,0.8840217900978964
ck_79da63fc100830b5,0.6330543277486116
ck_67ab6f9e05c85085,0.3490863737480525
ck_fa80da579ea9afc0,0.4405509390434562
ck_4339f86c87289222,0.9465604067080622
ck_a2299b4f530be0d6,0.9164113746876895
ck_19db0bf788697c2b,0.45267152413539713
ck_fa4211c4d826d830,0.0028519020925542814
ck_96100d5e8e051e91,0.21650688344540073
ck_5c3a671883d58b3f,0.026889361154623596
ck_2d9524787cfe1ab3,0.8989604351073909
ck_47ab8e51e5b3a2d8,0.11584153838581204
ck_c924f36bc1bbbaa3,0.6373321823947703
ck_5c58e7f8fd55e26c,0.0701771572603595
ck_a07e7409d6d5aa06,0.6018192047261516
ck_c8413898f5f7cb7d,0.7242812428795452
ck_577c816b41cab002,0.9519247706031613
ck_9f7807ed64cdb728,0.6587893650901684
ck_495d814d6d6d521e,0.01371629043501592
ck_7aa8bc018c2b003b,0.11040934362435322
ck_7c3a6a82f3c3241d,0.49908283323842145
ck_487f7fbc290e4ae2,0.14086358136655291
ck_e556c4d36aadbe03,0.15865401731758721
ck_7e6569a1b2455cb0,0.09217754351798083
ck_de2924955926d046,0.6277579330687236
ck_73d60b4630e3937a,0.13261343653009647
ck_805ee564bd35ef15,0.8409716004612116
ck_0d40961e47797027,0.07374203430401555
ck_f06d00a4f9c87d80,0.2314454193498881
ck_5ef50fb07b6737d5,0.5653555999728687
ck_16541fc15683e21c,0.2501185845269994
ck_09fd43f1b7e2eca2,0.22991761199718605
ck_2a2c336a69b8d68d,0.8267799916986843
ck_2685f38930866af0,0.6751198790783078
ck_298278a9da874437,0.4189919201956346
ck_00bd7803f2530c68,0.46604830002678105
ck_c2b4a1d8c0b6c1cd,0.08114339937991466
ck_2acb54ca20c3af6c,0.5844361847262113
ck_e3d4b6f681c783ab,0.6375358942922353
ck_f90293f1eba5d7b6,0.8039647774153328
ck_e69d27e8965df0be,0.20241713020835522
ck_b7f5d10b427346ad,0.366944713158897
ck_1ce20e4223a936b1,0.5863374510863653
ck_6b97d1ab90f6bdeb,0.6200170672152008
ck_e30e17db5473c7b2,0.22659039622552327
ck_154c8efb19dee665,0.5050582494395356
ck_6f5bb0c930644cae,0.995111018768648
ck_9e17699baa83d173,0.14979275136103856
ck_9693b1eb70880205,0.24135917013393776
ck_1e97899875bb427b,0.478067028995185
ck_558a82590f65df69,0.07992115554425487
ck_18df83242ff3cdbb,0.8616139549396339
ck_80ad4396e1084c68,0.5799546226459805
ck_0a993bc947bab61f,0.7589454687396348
ck_5c2d43ff841632f9,0.2653966304128395
ck_6e4b99fb9725d9fa,0.4004545551781272
ck_e0983999ca26c19e,0.7004135367910675
ck_6573c4947cc8607e,0.7905879774834078
ck_d879d645d6e44207,0.2374887329799674
ck_1375ad9f10688e4a,0.092347298176519
ck_7501ebbf4e21f160,0.4449306470091142
ck_ca60d61cd4dc3bea,0.11913480522766706
ck_ab9ea095a5c58b4b,0.5857942312300337
ck_23756522b58df5d8,0.0535071115053559
ck_90bc176c43d85fd5,0.8990961742283918
ck_908b663b2dda94ad,0.790180583892438
ck_4df2fb8e4b649e27,0.2380998558193455
ck_5615c6bbdef05291,0.7345345134879349
ck_b62f3e3185251f71,0.07445501013549105
ck_38d1a22850178f33,0.12738494982437093
ck_5b3ba20c8bb1383b,0.3728522189973157
ck_5576ffc6aaf6f22c,0.06342086655544493
ck_cf7a022178165e56,0.1905342069906606
ck_f2c7a4c50e2ede96,0.7194941191789223
ck_285719c77eadf915,0.02800975088244131
ck_f2aa1b677619ab19,0.7233645595734499
ck_3830c58d841e9e69,0.9397700824717361
ck_32eba3510c8eac5e,0.5526578554724602
ck_8955d7b9030d5eb5,0.7822359920214218
ck_6775e387dace7525,0.38962411837404953
ck_0a0cd7f4be606a93,0.7756494392313311
ck_a9f700eee5d638df,0.42180987397340974
ck_3d7db96995745472,0.67474641515021
ck_aeed557007d52e9c,0.059652281582102396
ck_79b6a86830156b5a,0.6463632016198121
ck_6a1ff9d69466181c,0.9976234071955283
ck_f11b1565f986f5e3,0.5227807780635073
ck_4819327a78615485,0.11404212455679331
ck_3ed9e081959b2f5c,0.5072990257202687
ck_16af4be191c47d3d,0.06993949857368867
ck_25122cc0e8b1a662,0.8313973538728885
ck_509c22828d467ba3,0.5918375479092092
ck_31109c899336348d,0.8144896457767676
ck_c51131e53baa59c7,0.13855489897822948
ck_cf8ecabbc61d3e11,0.2786376032606432
ck_eb6baff0f85ba936,0.3774016810851257
ck_777669e2243204f2,0.9710734349199778
ck_ac0ea27e692acdc9,0.3471851013909612
ck_4c6ea04ce8ca9e2c,0.20543878898923068
ck_ca54b32fca7e94cd,0.2251983946519071
ck_4dfd8947f540eb24,0.46180439805079804
ck_95aff1fe27fb24bb,0.6363815441465236
ck_c7550723b90e5615,0.262035461592219
ck_57b3fee69bdf85e8,0.04956877041702242
ck_f823407ace7ff064,0.7942547193639948
ck_a69084a068bcc8aa,0.7516119825951603
ck_c7b17f7b24bef5d7,0.5959795968035707
ck_7c4e588f927c27c8,0.5122559037471028
ck_77fdac602d0c6f95,0.801248679042053
ck_e963d8525018d072,0.47810098164520853
ck_6e8ebaea8f7bffaf,0.1396073882572034
ck_aa42976a31cb7770,0.2491340001894704
ck_22c862a496008c96,0.9944319882100475
ck_527550dd15f38782,0.6881910982966192
ck_b3ab3c210e2c7c19,0.5588369668029539
ck_ed9c56fdb9f45ddc,0.9271400541990199
ck_b53281da70defcfa,0.5598215523611554
ck_03009b721568ee98,0.5019686875900476
ck_3d9afd862b3f4053,0.9183805604858362
ck_ad3c4be96599554a,0.15247489623518867
ck_d1c787c27d50af49,0.5714328673548084
ck_c7a9c7b2eef46a99,0.1659195767255306
ck_53036d3c6c74446c,0.8962442775916694
ck_1b1efbd9c0964c8d,0.865416515333924
ck_d66f42a269d5c1ed,0.6816724836797612
ck_fefc49a2b8ad993e,0.4892369788583225
ck_8b3b874249adece9,0.650641054612487
ck_193d9c87ad3f1dad,0.13410729118175466
ck_0c6a50d747593b7b,0.4104362115010881
ck_c830f3830875b47a,0.5520467261439799
ck_79e202f06d8dfe42,0.5703124778210077
ck_5c0fe988b8aa7fcb,0.8900651179226267
ck_a8382d8345f21e1e,0.280199360503406
ck_8cb20053914692d0,0.8379159857879012
ck_1da2f69023ca4c13,0.09173617725332624
ck_38abb60995114f8f,0.6616072946101522
ck_f5791fd8fd8fd191,0.38582158321270416
ck_a4e6fc391b674335,0.9512457451967555
ck_bd771efb4a7e15d0,0.4242543593657643
ck_38ba4a6b6a292054,0.8829353686265901
ck_f7a07283345a0dce,0.27418999828548857
ck_87dc484baaf5a23a,0.107082126352606
ck_c84ef83489badbfd,0.4884221526992359
ck_a397cd64ec5d644b,0.35614822271439384
ck_7977135c2ff61e92,0.41681904100311984
ck_52174855b243a8b0,0.8339097401726154
ck_0f35e930d0614613,0.9872342811958182
ck_b170a7db522a0d6f,0.18754649852458213
ck_7af748a23775bd54,0.7392876858605159
ck_52f641c9ee6fda70,0.2990422829551236
ck_c3719a30414bbb4d,0.386670365116847
ck_2baf214ad6bc0dbf,0.8035913031980183
ck_8b39d8aacfdd72b4,0.5095398112049565
ck_d39b0152116203be,0.4833634181745765
ck_ed33f8a937f9c7c8,0.5208455592369653
ck_8ef97b55a5fd6ec9,0.05350711169753961
ck_8247f008a14bd1a2,0.29160696629917293
ck_f0d349d68249d5db,0.18775020556893043
ck_a544e766540861fc,0.4573907506584451
ck_9dfaca4c7c80b10d,0.8102796849252591
ck_7e5401c362b2216a,0.12823373286226822
ck_64ff60c073fdb6db,0.6771230009491689
ck_fc5ea49518e5d637,0.21538649716247565
ck_580f136ced341298,0.13319060784208248
ck_9cbef9bc95449dca,0.321687744480309
ck_e475a3b8ba870a7e,0.2608811197381331
ck_97e94708bcf43563,0.3824264627609561
ck_13f03ec785cbdae1,0.07628837525089352
ck_152820d8817f478c,0.33968188504980973
ck_d20d4ba60eec9945,0.536055706552825
ck_5c45968a805132e0,0.639029737055729
ck_bebea2cf3063fb24,0.4002169014881194
ck_c3c69aefe7ea1d2f,0.42262469742737524
ck_02028b72f26fe855,0.5473954172005442
ck_dfadff70a58a9133,0.16473128393578437
ck_6482ed4491bedcaf,0.38378451328841656
ck_754cd7b4a5ae3f94,0.7526984152339059
ck_3132857aec8485bc,0.08935959219100152
ck_7ce4ca91b8f9f1c1,0.3618520256910544
ck_41938582f4351772,0.41637767669660997
ck_f87d66946252476c,0.9132199411428359
ck_8053f1879a9b4e43,0.05309969649437662
ck_93892e91387f5103,0.48322761315721474
ck_15254db133b28371,0.8578793278199067
ck_d557b9feb241b3ec,0.061383793314897295
ck_71c3a8e4c12c989f,0.30461028135660284
ck_80e3041811033443,0.501187805701578
ck_3380d60067b4634b,0.26318980269505493
ck_a9c2cdc758df8510,0.5698371608094994
ck_3c0031d7514da17b,0.817545255175506
ck_18d214b1418be39d,0.533814928518759
ck_7ce768407fd48321,0.5731643795364557
ck_7a50abd42298133b,0.27656658010297314
ck_2db10f987d137582,0.6841848568629799
ck_e077d004cd1d80ae,0.44252010878394515
ck_1cb6dc67f9a321b5,0.3781486106678775
ck_b864f64101149c35,0.863922643127711
ck_9bedf54df9418e4a,0.8065110982699366
ck_c47e32c47f0e6578,0.9181089590804764
ck_71f382d5e338daa3,0.20866415285981663
ck_14b4bf7be6ac2b61,0.7600997841959771
ck_5c87eea1cc07cc92,0.8386629449567157
ck_5f445182829ef342,0.5419292629815728
ck_a5d7311291caaa54,0.30284481888761805
ck_b7df99aecef385e6,0.8282738425492804
ck_3327a0582407068b,0.5969981321801918
ck_08dba09fd7dab896,0.5093360990689143
ck_f4ec334be5266378,0.26739975281876915
ck_240f7f894c5a86e7,0.2966657029138466
ck_a9d994554fc14a02,0.018197850616328955
ck_13648cbd306eee6d,0.5100151221230231
ck_601edf9105b3c321,0.9919875031146596
ck_9527adac182abe57,0.90758400425483
ck_4e0e80f5cc271bf7,0.19515157059417224
ck_96a89e720176b389,0.6051464305523008
ck_63560eec94b76d2f,0.38969202015605026
ck_c9c99e5b19aeced8,0.04770145393530012
ck_bc32655ee5ed643e,0.6258227159568761
ck_edccb5a93b741744,0.23382200196218583
ck_f786cbc987b70930,0.17647840329884767
ck_0e8f26536ccc8947,0.59305979120311
ck_b87ef4b98cfcec4c,0.46241552010250736
ck_1a9235812de4b2c1,0.579037942080622
ck_d1ed88ea4211ba4d,0.5141911203975172
ck_a4ddac49657a4450,0.7540564601892935
ck_d9ffca35188e49d8,0.6607245666302629
ck_3db73bbe03c3d240,0.08990281145713566
ck_fffa0622344a36ab,0.1063012480651487
ck_148c28df51bba5e9,0.9628571614123722
ck_076cbc25c8f15fc3,0.9771846986104624
ck_e5ca550b39ed45bf,0.9089420888203308
ck_8dacf3a2061ca17d,0.5032927822124926
ck_2d7394afd61643d0,0.18079020740338514
ck_e42206e91f6a1752,0.011815022392533145
ck_2f4f94827984c426,0.5943499427213371
ck_edfe8e90e8f4366e,0.24509380663017913
ck_646b15f753e5e9c6,0.6849317834558811
ck_66600620149c8799,0.4418410868569262
ck_4ff6fc70bccfba96,0.9236770286136178
ck_41af3729590c2484,0.33968188341762556
ck_920a48ba8c583e96,0.0850817386165356
ck_0253b3e7be021306,0.15512309302164148
ck_2ae6949246ea2648,0.41203191846434456
ck_db23a5100f338d72,0.38327524189144163
ck_fcb2a559474c3493,0.5247499483913197
ck_0a4d7acd2a53cbbd,0.6533571524780785
ck_c5d62b2b7a6f3bac,0.9814625419897302
ck_cf59f4fc0ea690b2,0.3471851079933966
ck_837be8126bb19250,0.1464315813575784
ck_58955542edee1adc,0.13200231596544215
ck_1b93381d8eea58d1,0.4198746515525026
ck_97b8e05d62abdc14,0.41172635832202154
ck_71a0d645744302a3,0.3002984777886751
ck_a7b57882ab66b111,0.08477617798537497
ck_65f76421be648549,0.2585384853747703
ck_b53ea8713d32ca7c,0.4637056711291791
ck_991c4c924a1d85ff,0.9410602561032195
ck_8432ccec1a4ec7fd,0.9943640834119087
ck_64c1633297f43788,0.17980562362606703
ck_4291fd9c1161d8e1,0.6431378340100702
ck_5e98ed6391d9f429,0.7218028027456013
ck_c7baebe4549fdbb4,0.591735696124464
ck_6e67225ba59fa5ae,0.7204447587562088
ck_719602def4d35fe0,0.5256666320376715
ck_bdee7c86f5ebe81f,0.6179799850918151
ck_8de38f8c7f91961f,0.783797738622028
ck_b0b5bf9254700402,0.47721825431572423
ck_7b55d9bb1a250d4f,0.7583343138184665
ck_3954b7b0fd1d6614,0.05381267235019354
ck_f29471fe7c818d6a,0.41196401708145536
ck_9e65a8a2f587691a,0.30576462176593616
ck_eaec5f1a83b66eb0,0.889929385206541
ck_004fe0daecbe2c1a,0.9226245757272159
ck_d17653a4a2d4a79e,0.7195280767424849
ck_0dd417fcbf19e424,0.589596767356981
ck_4c99a6eadea143e2,0.7614578278787587
ck_74d602c907ee9119,0.08803549535373503
ck_1aa87cb62acc0ac6,0.5674266261114478
ck_094974d75e29fb2f,0.7232966609059949
ck_5ef935ac3d4d3332,0.6336654442603337
ck_b26e4ae47c9107ed,0.855299038782444
ck_396cea6f95186ad2,0.6081341312959011
ck_48446a9e8184c7d4,0.3280705717685877
ck_31e1ede23247d56b,0.6875120789767462
ck_7afefa349b960a3e,0.5442379451458063
ck_f5e02a3432571b20,0.5746582360682813
ck_64eefec062592c43,0.2920483333702622
ck_a1201284122c141f,0.7243831061926009
ck_1b34c420a4c85a95,0.26845224011677377
ck_d637a011332ba67a,0.2803012127469274
ck_99c0004d8b7079f8,0.0927207622202492
ck_948517bad569b40f,0.7955448544258532
ck_a28d6b1601b472a6,0.4267327950811948
ck_a0b4209feb31f5c0,0.9965369698502179
ck_d6d2c1f6dfc455b6,0.9482579882052306
ck_3f9e6d356d3dd3cf,0.05863374464148846
ck_d08e00c842b75176,0.3116721333864016
ck_bfdd232a7c5f2660,0.6944381212173857
ck_2cdad03ed069438c,0.38242646053328383
ck_42317c3eabd0a285,0.9559310569144169
ck_3eb73e56751c704d,0.6328506164884973
ck_ef33c04f4c9e3758,0.6100353990814895
ck_1dc23dc870f1773d,0.5273302402469392
ck_76091f357974a152,0.5337130694000344
ck_4d9eb75e8eee90fd,0.8002301235713887
ck_578f67e69e5d2cfd,0.1878181105049109
ck_3a8ce1cc724229b8,0.01962380125386498
ck_a96887f841e80fc1,0.7493711947317561
ck_d2d4a8f4a9f2c33f,0.4213345516383281
ck_11f85bc705dbe036,0.6978671952834592
ck_7429b3f87528e335,0.47592811110272537
ck_26df74feac7ec51d,0.5876275973147139
ck_c78b2638fadd91ab,0.6366531516267748
ck_7eaad325abe3b50c,0.23175097847541135
ck_fd44e34af620e606,0.5919733544644374
ck_f99738dff854e25f,0.060161549000577234
ck_1ffbce3a239bb264,0.17671606260067246
ck_96c7d52ba0a766ef,0.8467433158546641
ck_cb1c00c300af3f9e,0.7642418441939045
ck_ec3d12848ced99f2,0.6604869069758375
ck_26cfd7c3c6c7bf69,0.2965977941105499
ck_7ae86b5a885affc3,0.8554348273186183
ck_3edaa94d28cd48ea,0.45997104219335305
ck_3209c530c9812e39,0.2189174199460064
ck_ea62ebfc1f04b49a,0.2367418077762438
ck_5fc90b4668ea81bf,0.4115566025892232
ck_95654593cdebd141,0.19365771794896533
ck_958c0bd61820147f,0.724383094529442
ck_8440ef1386c07194,0.27164365303535376
ck_8cd1b68dd74b1375,0.8753302635500475
ck_c9eb4df91ff07f2c,0.6400482848859109
ck_c29489366c01fe65,0.9674745769638272
ck_c965fd6bec0f0ecd,0.6927405633900516
ck_84c402b23766e1f2,0.6757649535385145
ck_181f3dae03b87136,0.8521076078479555
ck_022a8ae79eb28cf6,0.9591224902793887
ck_469c17407d17b706,0.5198609738701925
ck_1fcc5843f39148a9,0.10715002803266929
ck_5debd55f361b2ddf,0.36137671290422546
ck_28cb9b03e89263f1,0.11848973343207975
ck_f067470743d3c7a2,0.7772451506472732
ck_d5d225ce41a1a762,0.4469677189260851
ck_15b4840922195ffd,0.36660519598085506
ck_6bcfa37c717f19f1,0.5690223343283143
ck_8d501a0386c66be8,0.9031024238592175
ck_1a9d6190c57ea7e2,0.9322328325220706
ck_c49832eabdac5bb7,0.10626729662411406
ck_b4331140b2e0d4aa,0.22397615006920385
ck_5efbea1befdefe1b,0.8561138795181021
ck_72ff52c4824072ce,0.5696334581237886
ck_ec3715add8bbb6e9,0.14079567923085973
ck_9822f8ed05335741,0.5111694637042202
ck_c3d7d3d12a1981a3,0.3486450039159389
ck_a115a7919ac5875a,0.7939830976093752
ck_4dd4ed23e0b927b7,0.9071086887279752
ck_4c76efcc1ee6762d,0.7180342177002229
ck_3ad6e7bf452c9b21,0.29445886814153915
ck_dcbab304b55a42c7,0.4539956241605541
ck_24b53090faf722cf,0.3972970959472349
ck_187317383400491d,0.14483587324296565
ck_e07fd57565c94c28,0.7222102235912139
ck_740e760fdcd27835,0.25127292554251907
ck_d3796aebda1cfed5,0.9695795627238913
ck_e541967c681cb929,0.8301751203388178
ck_431118050b834dcb,0.15396875087107786
ck_90f3655f0c8a0074,0.076899497712927
ck_13cd943777651aac,0.6828268061302039
ck_66accecabf3901c0,0.5760162886136568
ck_937f0da2306b2eb9,0.08121130035032277
ck_105b0c93573fd5b7,0.9661164996218323
ck_00480407160e0743,0.27727955498916984
ck_e032068be7b77d15,0.6676506258859646
ck_991b7dfd69098320,0.05194535573572639
ck_37d47cf0f34574a2,0.16894123764625554
ck_011551a596544f5d,0.2501525361899341
ck_9acd98f4fe2d474e,0.796835000308602
ck_7c88d3d377bb61bb,0.7167780229452416
ck_e2374c7136c964fd,0.7014999766467115
ck_2fa8f2577116e9ca,0.7905879746918939
ck_d07c5b0321c685ea,0.8685400155194087
ck_bc736114a31088a7,0.41111524132401633
ck_32bb42f9bff197f8,0.3015546715421217
ck_66267bbad1f1415f,0.99008622586981
ck_19988702ccd79201,0.44761279464206133
ck_f473a03fbcdbc4b0,0.19151879029607977
ck_e3f1d85fa5d49396,0.3307527141020613
ck_c4402ea6291df271,0.5328303366827646
ck_243bd5ca8c4ae5d0,0.47209161595383226
ck_f271e855925e8d6b,0.8888428701238127
ck_e424148c6f2223df,0.20214552061566315
ck_e4d0a9e1102a58b5,0.6869009585887427
ck_91c2a5fe69b9b1d1,0.5421329771064113
ck_5fd8924732fe403e,0.8840897075541594
ck_9a881d5433126ada,0.2538192657227638
ck_73cab88b29c7845d,0.5812447707619002
ck_5b5dea6476d4e182,0.4468319121939082
ck_ccccb17d2ca6ce94,0.7823038788959622
ck_cd1dc68e441222b1,0.9737895422899869
ck_8312c49b1431a406,0.5661704344757463
ck_25fea39897f2a559,0.4095874317721364
ck_f56200205280bddf,0.713314997851849
ck_7336611650dcc088,0.4901536620515717
ck_590716322ff147ae,0.7913349016226299
ck_c82364d87875a1a1,0.4591901552756207
ck_fa4b60387d744fc5,0.04220135800132291
ck_d841eba8906e9a15,0.27663448187000395
ck_d6df562a79b9d0d9,0.6448693501675161
ck_59a14d2564193101,0.19810532744495502
ck_8530158e3d7f59e7,0.18608659591770674
ck_ac68d707006c12a8,0.39108402639552947
ck_976fac1bb3dd8c58,0.5274999963619273
ck_f854fba8f4adae3d,0.7530379242607569
ck_b98e9c3ec6e7d1e7,0.40194841117796815
ck_803c0b4cf9d4bc1d,0.5213887776590329
ck_76997a33c3ea5107,0.05924486629286143
ck_f1a9d832b700bda1,0.9867590039376908
ck_2bd96ddb8c323d63,0.9914442825970703
ck_9e5b7acf51b1b743,0.7371487648493772
ck_09169f22194fd6aa,0.46065005847044654
ck_6d69e092f9b0848b,0.624362812331651
ck_9f83fa5a2d3b9049,0.5928560914135099
ck_57bbb19eecb4b87c,0.12327685409140934
ck_e0e9cfabb979f428,0.3929852885214633
ck_b1ff9edc51d42f97,0.3871117302176197
ck_4682fad271d47eb0,0.9746722766453219
ck_ab33fb754c818ae3,0.5405372628766834
ck_b456f62b80e21557,0.08844291068678056
ck_16340be3f2a7fffd,0.06552584067979367
ck_ce66831f6611014c,0.3954637274001354
ck_4610a073bb54d1b1,0.25514336412294664
ck_fd038a7d33a9d6e5,0.10983217375655485
ck_c8198cb4c461304f,0.7490316857057153
ck_1e7de58822000dea,0.2474024875921475
ck_b2a79dd3df560f14,0.58851033221456
ck_74a06f347b32347f,0.2740541890118665
ck_c6fdb2972417c9bd,0.5922449628899958
ck_d7607a213b800bfb,0.6784131471269189
ck_df65967b8b40319c,0.18975333271326686
ck_329a73dbd585ee09,0.47100517907043316
ck_74991a9e85c3b07d,0.35353397883460613
ck_bb76609b79e0bc9f,0.6283690617582645
ck_f7fc1bd0b9ab1fa4,0.6112576431415865
ck_d111c98b36bdb791,0.26597380054426717
ck_f07e27d125497b66,0.47443424929474276
ck_093e3a7134e11d6b,0.33761086035889565
ck_862c7953bdea48b0,0.2777209196744419
ck_392cf2cdd515c34d,0.37600968189794126
ck_80eb91b0b4001084,0.8519718121079363
ck_5923f53b77193a58,0.8428728920749727
ck_8049f5fce32be185,0.9471715295075552
ck_ebc5a2c6cf88e252,0.6283011542977234
ck_9ea5872f14cce338,0.3510894909639426
ck_f7fbc95ebf584379,0.2614922404996491
ck_bafe82c870356706,0.986079968031125
ck_278b36c5932d9bff,0.13091587617944542
ck_6a892dd5d05c1649,0.35044442018878547
ck_0734fd90b2cabd43,0.5437626338554536
ck_9b552204498b6762,0.6358043726481083
ck_f6c909c205767956,0.7317165573842846
ck_32f590e87bc3d715,0.056019502127891085
ck_66a8325f28be7562,0.15902748101849642
ck_b129261da9c3c3c9,0.45481046147540294
ck_a524071c51ddde20,0.5032927808472447
ck_ba576d6d4cb6130b,0.8723425511259001
ck_8d8226520722af78,0.6589930594989238
ck_c5b0f0d4f1655a20,0.6814687564466704
ck_61814ae9b6d8eab1,0.25320814452541457
ck_382ebf136f7fa337,0.8978739186629925
ck_423ff4ede6a9f066,0.6054859441824179
ck_546ad962d04b7de4,0.9764377739882499
ck_9473ea4a01c95f9a,0.7131791982931875
ck_9eb1da8cd35a50ce,0.44014352348082936
ck_de5eaa2cdbcb67ff,0.8095328183293188
ck_537cc97d0398c922,0.8999109956547195
ck_998475a2e4dfad4e,0.25928541159648805
ck_e62eb708d2688fae,0.581855890664369
ck_ea623358f704daa7,0.910503884318801
ck_b911a09f328dfd4b,0.1761728429567949
ck_4b3506b624e5193c,0.7980572493866702
ck_448456f96788713b,0.6559374414501155
ck_5d5ef9e75f65d076,0.830175106482241
ck_3b74512f774a6e5a,0.13308875387494845
ck_a032e8ac1507c6df,0.9365107335479123
ck_7e2d6b22a0ae20c2,0.6642215401656172
ck_d80283209c963f11,0.4226926004023739
ck_d1157eade2ac3975,0.46190625611739966
ck_be48f583f79427f7,0.5690902346374576
ck_0027b5d4107d65d8,0.8057302196358297
ck_94fff69584dd3b2a,0.5438644826562982
ck_75fcda73f0b43557,0.40714294917392685
ck_a1c78972e4ee4082,0.6413384204926439
ck_f0982bbdbd122f91,0.4584092773409095
ck_3199b471575aeb3a,0.3268483280963309
ck_7fa947a0b1c1cf74,0.4818356153936352
ck_a60c618b7f0e4252,0.5465126808804529
ck_722ac47c8ac9b6c3,0.870848695604946
ck_d44dc3839a195c8a,0.7292041842116896
ck_a2c3e82fab520483,0.47260088802069367
ck_6f8ae0319c07cafe,0.1443605561823197
ck_49886ff1e2c759d6,0.6555639782470105
ck_150a1108f936e6b0,0.2106333236171687
ck_e21f9f96f597695b,0.2497790717317793
ck_7297bff2b7fdcbc8,0.030522140807520446
ck_ee949c71f4f702eb,0.985265099313727
ck_6fc37dea4b4f35c6,0.8679967942280353
ck_e76257caa98dc25d,0.9850614184122752
ck_828eef2334e17b3a,0.7165743214942586
ck_604e1b8a8c693aa7,0.3128264773616237
ck_7743c9fe037d1f9e,0.6379093465495365
ck_864a11202e19e812,0.8815093936697923
ck_4ec040b9e3785e4a,0.12487256204662386
ck_7346e4f820d9c00a,0.9591224931211981
ck_48d4d63beb26b623,0.4279550393427019
ck_c423aa6de3ed1e01,0.2228557615832122
ck_d74b2ead8aaa3f73,0.5462071173444091
ck_1dd69a11daa7bf1a,0.4397021575535643
ck_d9143e236eef177f,0.7072717013779495
ck_f790d91e5ff0eccd,0.8671819984190231
ck_69b5620e00ef5dec,0.05863374522272194
ck_cd32e58e8a1c0e85,0.559074626185414
ck_064013b0957d87a5,0.9964690684340962
ck_a481385c2e60dc4a,0.487811049834838
ck_d72035cb29db3aa4,0.5927881834650758
ck_3759939a0205306d,0.314388232136838
ck_f437a53fc832ec95,0.9641473259439912
ck_260ef2f3e6434819,0.7763963631963707
ck_35e411b05d22f663,0.3668089038941902
ck_8bf46e472f3e20de,0.8526508270569825
ck_d546994fc5d3e9d1,0.49724947100263844
ck_6ff0fc7487e737e7,0.941976925247391
ck_5c67f27816ae0b6f,0.6866293425176119
ck_c5517923458106ae,0.19521947304195536
ck_d9735647a6b0b0a7,0.9387515297119876
ck_541a734fc457246f,0.6535269059539182
ck_2f6a639468f41043,0.2881439468802559
ck_bea2cf7a6b7bb900,0.19650961954581253
ck_7eebd0e6ad6c070e,0.2186118588825226
ck_b64c87d5e3b10e6a,0.9543013840747687
ck_9dd7daacb7833233,0.37828441458271106
ck_396e9ea9a6c6d7d9,0.5757446728986665
ck_1645e6cc53fa99ff,0.4433349399772412
ck_ea2a83ccb8d57490,0.05887140321960631
ck_e64f0df63e1be595,0.7257411434756743
ck_fa0b234481cb57d3,0.5967265243232943
ck_63379e3c9fe6f711,0.6423909147152268
ck_c67f7944896a0310,0.7692666072183795
ck_c10e54c9db29e6ef,0.9950431124176107
ck_7184ad7709ae4c80,0.4150875282407482
ck_f8b6069d7577fde6,0.1891761570303787
ck_18444be153bac1ca,0.9522642572871384
ck_d0982b4e0e118e4d,0.4765731759542566
ck_6faf3e6820398866,0.7563651637132011
ck_97e980463aca4644,0.22631878387030335
ck_630c835243c66b19,0.9841107443488909
ck_fe429ba3e1aa0e4f,0.3175456922134018
ck_1058129ed7b48c59,0.48166585830961695
ck_04a1a46f07885296,0.48146215447878754
ck_f01e94331067edf6,0.6200170587641688
ck_77b2fb17c29f5e72,0.5315741449745481
ck_4f0c5857da45fb28,0.8097364698626076
ck_2cfb9a7775e8a5bc,0.9727710079496883
ck_6846100e43659bf3,0.17824386609678386
ck_f89719a854fe11d7,0.7501860218176142
ck_bf47375e41ca3bc0,0.16931469809173338
ck_2770b0400a7bef08,0.7556182160722765
ck_2a09d142de1c77ff,0.608439695079155
ck_857a1f5547b9ad68,0.6733883672458494
ck_185f15b1523bbcf4,0.30664735763478346
ck_ab2aed614ec1cdf8,0.7813872007475245
ck_a9e7f3b2d5dfd97b,0.42741181930833566
ck_0eeb3d9b3e697edb,0.5375156049083265
ck_fa5830d81bc8ddc1,0.07411549727946862
ck_231ae0329ebc3220,0.4493782555315455
ck_1587763dd54688c9,0.19056815807493707
ck_9f85fea4490c00cf,0.355231538858454
ck_a2d709e7eb91e4af,0.8511230230346715
ck_43637d28c7216453,0.14327411888117744
ck_f3ab5dd853d38252,0.6497583263114846
ck_4a1f0172d3bf4fd3,0.3446727133421147
ck_517620ca16505af0,0.4645205011716423
ck_9ae904fbef56065c,0.09873012600051365
ck_d5ef1f6e34bb35b8,0.8101438878464328
ck_ff42557857ae3aeb,0.14836680080292522
ck_ad9a18f58589faa7,0.270726969997413
ck_df1a6edaa3e6b271,0.2446863905550869
ck_99021fe7225b5a68,0.8403604882595576
ck_99e52c3c2530b69e,0.9900183295086699
ck_3a4811dc4a1a891d,0.25527916774532666
ck_ba3a6be026c87079,0.4443874257344718
ck_da6d1e5cf6aba6fd,0.25697673094995604
ck_ddc7c1f3d45fe6e6,0.43128225946961296
ck_e1b1e7a7e4a15b3e,0.2579613146345019
ck_8288f7f226e08b89,0.29697125741872343
ck_c4524993ec31dbe5,0.16727762602238794
ck_8b19bb5b23b6741c,0.7514082727173498
ck_d21b38231a8a9f4a,0.7886867082973993
ck_3f730318a9792292,0.43138411161206386
ck_a4db6e94a8f77f9d,0.7958164690529616
ck_a8cac8d480306839,0.06250418251095675
ck_5472214011fbc2a7,0.20027820535872698
ck_7356f47dbbbe7904,0.2084943976500193
ck_16801e628e883d78,0.4624155233301975
ck_0dc1e536231c4860,0.6765797827646265
ck_7cd0634a6e60af83,0.6415421300844002
ck_ef6f8e048ae1bd4b,0.4512795230316117
ck_82f3f744209888ac,0.6333259323480896
ck_f33188c232a03526,0.9063617603088188
ck_4a59f4e10bf45d7f,0.08579471433982261
ck_d96c893721385e4e,0.09129481115382618
ck_f65ab819373edb37,0.5486516051823955
ck_21cac21fc10b7768,0.1213416338287158
ck_139b54e6ccbdd7da,0.8620892792853643
ck_d6f5c8741697abb3,0.6830305166661207
ck_a28d9bb5590d458f,0.8653485904561586
ck_ed26d906883bea0a,0.3359133035299942
ck_227602ad072b838b,0.07835939930678314
ck_39d5f6c17c745ab1,0.0773069115584958
ck_744eade757ba69b5,0.6961356866959307
ck_c1295d97cdf35ec2,0.2972428675838218
ck_69105f881da3c821,0.25806317065027085
ck_933789b55361d7c1,0.9636041014568283
ck_b667952253503174,0.4292451873102259
ck_7bf668e25abeeb05,0.30328618348469916
ck_91742711dfdffd56,0.5853189162135761
ck_af32a0660090dd68,0.706185247880635
ck_2122f201e65f76ee,0.3141845223139471
ck_f48acb73a5d6af07,0.46611620148120975
ck_337c5684510cf432,0.6604190041747233
ck_f7bde7265053364d,0.41909377273835935
ck_c190c7b924edba75,0.6680240794988643
ck_044fa3b3a003f0b5,0.6594004667602812
ck_87eb43e3b9d96169,0.8340455543985382
ck_2d3d6c9364362017,0.0729272056365001
ck_ac55dc6cbcdf8228,0.4099948482771514
ck_61d7b0568ec5d6cf,0.6390636904265036
ck_89c74feeaffa7d09,0.042778528083271886
ck_93776b0c113f41f0,0.838934526935259
ck_15e0b679931f7a8d,0.2802672618921849
ck_77b56c49cfdb1d81,0.8710524070622928
ck_73188a826b5f499f,0.31228325526655976
ck_4f463ef25325ddfa,0.9344736000563043
ck_863db2e394dc47d1,0.9883885970101198
ck_d52432ed597f3cc9,0.25843663340604545
ck_04fb61e5739642f8,0.8079710238631871
ck_2e481d75d110c06d,0.7857669013755725
ck_3fa1a523d77cd619,0.5761520863401031
ck_466dc6274fecd708,0.24383761133389892
ck_e1790b3aa2241b10,0.95912249513392
ck_84ad096a46e1a960,0.7030617406170521
ck_3be72c9c178fa00d,0.5732322860104458
ck_5a17c89219d1d9fe,0.5323550197007814
ck_4f639f4ee6ce8d9e,0.8237243707740092
ck_f4ec4a935e51b4db,0.6781415372027619
ck_f04040a830f92bac,0.37057748736174534
ck_3e4d02a04be2aaf8,0.561688869224867
ck_4d1baef193cfb900,0.6238874973131365
ck_0fb3153d37626b75,0.1374005592035301
ck_88ec57a11b11f702,0.9608879754081748
ck_dca9dc465f759db4,0.25358160928867157
ck_64f5fba6af67e024,0.6625239805574489
ck_896096cb167254ef,0.6868330502519769
ck_7878679065876b98,0.5444416521836797
ck_fe8e5a6c880ceb4e,0.5642012667142446
ck_a5e036327d3d1862,0.048550234737503625
ck_310f73940fc4cf4f,0.5308611664720283
ck_46a8db16ad00b749,0.6302363743017645
ck_0d33977c3de8cfaf,0.9934134560042367
ck_c6fff412f531db0f,0.03181228701309601
ck_bac6dadf428eaea9,0.4177357240202528
ck_1b96d9af0d7da2d5,0.3137771088043042
ck_fa8a4a9e77799fcc,0.21331547079196828
ck_0bf48607a874b4d1,0.1542743112502573
ck_eeb75f8a6439f65e,0.5207437048126328
ck_a209a5f7d172125e,0.2534797549027972
ck_8f346b72fb40bf14,0.3133017939356819
ck_bccbf9fef367f00f,0.6325790092315361
ck_2d1548f1ee405cc9,0.4425540602329942
ck_e8298ff2dc1e9d50,0.3524135918333745
ck_77c0fb524edb4a94,0.38908090202001405
ck_28ac4c5134cb8e77,0.52583638754883
ck_db23a0e3e54be60c,0.9353563353231561
ck_a059d00cee5cee99,0.12864114444160774
ck_3e9e3bba8bd363af,0.1707406489563708
ck_0428728df24cdab4,0.2173556667034834
ck_88cd35378075c84f,0.05486516050106147
ck_0174d76398d9dc0f,0.7529700411622816
ck_3f1287e6c27de0dc,0.41478196690026314
ck_ff822700f3605e06,0.9970801857742126
ck_4563227b2038ae07,0.8679968133041164
ck_788e78065526ee19,0.574861942088835
ck_8a16eb584093b12f,0.1339714863311464
ck_cc276f71ab6c08fd,0.685067586819118
ck_d61d97b21002f3e9,0.6484681786391178
ck_4b2e87d86a5e415c,0.7011944158087549
ck_3e6f35e4500d2f2a,0.19433674164206485
ck_3acdb083e0d8ad61,0.20968269192687403
ck_cd655202db489010,0.18937986495723647
ck_829cbf5ccda481ae,0.3385954481027064
ck_f5882e6f98b8b4cd,0.03917970000887124
ck_767947540b234add,0.29666569722272196
ck_a6e8e8f535b1f1d1,0.8324837914388915
ck_58412a2674fea506,0.6484002730124196
ck_fae7e518a585fa61,0.7009567559993585
ck_9c60ae6958d68dbd,0.8739043103827755
ck_328696b8f5e54ec6,0.8616818634274312
ck_7df3f8f4f1068d62,0.3395121318751477
ck_cfadd21458230ef7,0.3542469566837413
ck_7048bedd554c703b,0.12487255998689968
ck_50422466f145bfd7,0.08348603244530622
ck_61e1f7168cd9ff25,0.7152841693673919
ck_733aff0f56f5b3c9,0.7996190056591679
ck_e14892e424180549,0.1031777358928096
ck_03f6664a96de7d0f,0.5828065254987527
ck_b7f4baa2cc82fe61,0.2276768326241622
ck_1e51199a075ca0fa,0.12595899927896717
ck_0e70516fa07cfb17,0.9710734280106162
ck_0f37c554a5057801,0.960208944025061
ck_5576b725de38d106,0.34161710570247383
ck_82f360df1e9f4eb8,0.8690153320574998
ck_395f3bd4aacd7ca6,0.47871210321313823
ck_5e8e857b63966609,0.898960398234117
ck_93470896f0804b6b,0.9794933801593884
ck_3be854e42e76569a,0.2925915524810862
ck_0567302c57a2417e,0.7977856340098193
ck_ee535461b5f05539,0.9069728801352277
ck_94a096c36162a153,0.5392131652244772
ck_dfc8f5c141fd7c63,0.18180874360627644
ck_98b34f2d704c1c2a,0.4089084083027084
ck_96dff7a09d45f116,0.6051464239076637
ck_79557434c129ba52,0.33764481229668436
ck_4596624a7c01d501,0.5572752138557104
ck_04e89fbd739243fa,0.2037751804380481
ck_6149ffaf18872dc8,0.09251705505667894
ck_cd78f0832a09bd8f,0.9546408923126128
ck_7e29c10d781c3b41,0.41488382310017025
ck_1f7ee7b23fc6f2f4,0.28277965298942936
ck_c49b685d2b3ab89a,0.41498567616014365
ck_84569a8fc50e73ac,0.6371963706741975
ck_b92b11d205af91eb,0.02159297187684243
ck_06280e6d6d2485b0,0.3144561330516934
ck_3c08546dd0c92863,0.39604089710129126
ck_99d3983f907828bf,0.2535476573997289
ck_eccfd552aa652d3c,0.47687873740068204
ck_0cff8153881875ba,0.3918309515020944
ck_c1aebbeca6ab5ff9,0.32392852228544416
ck_538fdbbb3c2bcbbb,0.7061173394582947
ck_8c0210322733c718,0.46506371498722976
ck_0b0c93039f987abc,0.41889006495634257
ck_6d07d6d1bd227d37,0.86270040151474
ck_9b6ee35e8cd0b11c,0.18252171936866096
ck_d838491d3d4f5ecf,0.4049361162731145
ck_0593ae243a9ebee9,0.41376343039651964
ck_ef261fc09be8eb0b,0.08216193500326556
ck_d0935b571a4a3868,0.5754391157557761
ck_97d04a67a104af39,0.7473341194916719
ck_e25f70d0b7229420,0.7079507054774562
ck_9b71274ff83de482,0.9879133353995028
ck_6de2aa2bb60978d3,0.41410294257143027
ck_eda55c8fb47593d7,0.2846809185964799
ck_924e572517515f19,0.9082630419218377
ck_d6f27eacbad310f4,0.37244481059155743
ck_8550f229b5eb03ab,0.3109931095330636
ck_e3e95546a84d0ed8,0.527330241333313
ck_3135c019696ee6af,0.9767772584928585
ck_41ba315d8fccb559,0.3097708658623012
ck_72b86e4485da2d0f,0.9824132258291833
ck_daaa995f3c2f0e47,0.657023882372135
ck_053746067839696b,0.3747534863197236
ck_a15fe7d0f4b65c33,0.938955249850147
ck_15de11438732bb05,0.5068916102370938
ck_2c4d25acbe3fabd9,0.3439936883957224
ck_7f08078908599bd2,0.7948658747109112
ck_e794741742fb2619,0.5356143364559226
ck_238e53b6dee8c301,0.18309889023462522
ck_53a6a33060d5c8b8,0.34691349616754424
ck_0e0919292ad33472,0.9471036442270452
ck_d86ccf148c06c8c8,0.7694024208656665
ck_c881f26c9bf9ae42,0.9443195974037837
ck_4b0947bf94e9d847,0.7318184126613048
ck_e10ff5c38bd18470,0.4416034268700705
ck_b60de9e97aad9e45,0.9521284790950437
ck_190bc849e5ff5401,0.6003253528344886
ck_e7be077aa0b2632c,0.24825126769811148
ck_a51abde881ebeff3,0.40201631283667505
ck_2208392a9f6bd249,0.6249060351038097
ck_0259da8f109017e9,0.18954962185824192
ck_05e01ab9c95449da,0.43287796724237965
ck_c82897ebffb6ae66,0.3324502764551
ck_b4a6bb4689cd7cfa,0.7372845578901301
ck_9e21ea33018ce538,0.4025934812098605
ck_caa348f0e65db062,0.9870984582436315
ck_a964e6b5d8415334,0.9332513453890788
ck_510bfbbee37ff436,0.5715007714016329
ck_9741a82faf5c7889,0.4809868330299878
ck_e7f61b4a39ba98ac,0.08239959389708948
ck_069d158665a53909,0.49358273625070326
ck_6426427efe3228af,0.5435928721249552
ck_ab4a8d02ec3c0fd7,0.025904775699335223
ck_aefa0d8d933e0eca,0.5670531620556803
ck_232325ef6bce92f1,0.42530684346874
ck_14e58c3fb26a2b4d,0.52098136311164
ck_06e73afdec26aecc,0.8777068506731551
ck_3168f4f2778d64e1,0.6684314900260411
ck_ff3998d6858daa21,0.03154067691444726
ck_bccff46fb0868454,0.822841651520324
ck_c7d444d90fa86d7c,0.9280907008277622
ck_f0bc3bdee6bfbb94,0.7027901206898677
ck_f7112818a6d81422,0.8413790249155969
ck_aca35dbcb835ad02,0.4436744572015477
ck_f637fabf0f60528f,0.391389582035994
ck_53d17ab97de1ac3e,0.47708244382402626
ck_c8c1bf16d9113493,0.8240639066058809
ck_e842fb0cf055a83b,0.7655319718667368
ck_93c0cb3dac4891fe,0.2660077522505216
ck_0c1f088e17e46daf,0.4033743593141457
ck_8f4b384955bf57c9,0.38639875891949454
ck_09cd5c4df1e81ac2,0.8745833374233483
ck_1e832a5b2342554f,0.6656135384742209
ck_2cb763a881aee27f,0.14483587487633423
ck_5875828b11406398,0.3913216786950784
ck_48e84b0cb0b90fa7,0.42768342830851536
ck_833688de8629c5c0,0.21413029809317466
ck_117d78ccd5820f36,0.44245220673010294
ck_668ec61c4c39cae3,0.20747586237196788
ck_73a7794b659d7a34,0.20679683844400623
ck_10f90d879209734f,0.36219153857779457
ck_d1d079913aa158bf,0.1883613294804517
ck_01c631b38e8a9535,0.39054080238656574
ck_f6923088c17a04e2,0.7917423213797081
ck_b447badc9138987d,0.041454431621436236
ck_8b772caed8f1541c,0.21423215148555852
ck_5403c76fe68a08ba,0.9197386549575565
ck_3e6833574edf1736,0.5400958993913206
ck_e527fbb9450a4581,0.976505654457314
ck_cc90e219f1ebf390,0.07988720501434342
