cookie_id,target,oof
ck_a288a05fe97eed38,1,0.9556220752704
ck_8c23cc14c6110602,0,0.21927689338041803
ck_08b9dc7005d85f90,0,0.7576298086280527
ck_1cd0c2256f7a2e16,0,0.8070273547033372
ck_19e77e57b57de8a3,0,0.2847386779034859
ck_dc32ae8c5ebfc92e,0,0.4367465635352909
ck_96455e70460538eb,0,0.06124492035024148
ck_82fcc8779441be00,0,0.24628489799622494
ck_b2d3de1b424460fe,0,0.3034133617490814
ck_a6d04e7d92eb40bc,1,0.8736939932735975
ck_8f9fb0e538edff23,0,0.4180718852913103
ck_a589363230b7f427,0,0.027409612313398016
ck_863c1e5cb82710c6,1,0.9716865927988353
ck_f428f906d23ab7a6,0,0.5307223734744075
ck_d1f18333273d54d6,0,0.8959831669043175
ck_73d732482ee64fdd,0,0.6847382967309291
ck_cb9ba35d365c64c0,0,0.4566260599506042
ck_fed4f689778aeb53,0,0.159939602590595
ck_8e21e934e53b26ef,0,0.09859427994087828
ck_e6d2e9a5ec678f9a,0,0.9403608005205539
ck_bc58c9777e602693,0,0.033132498202673145
ck_d34be834dcb08c65,0,0.2911643754293868
ck_287616af8202b9a6,0,0.7773085014875059
ck_433e657daceff018,0,0.6660636415787078
ck_714600756677aef6,0,0.48654570954533277
ck_21afdbb7fa4d1968,0,0.21546163734289106
ck_2a3e9a794b282e0b,0,0.0744979203084667
ck_8f938074fefb2406,0,0.8779109073693422
ck_4aa7bbe85d6a7742,0,0.42610400284696265
ck_5cf546675cda00e2,0,0.30833303384302013
ck_c8f67a3f1eeec03c,0,0.04618469381047149
ck_e806c83d21449612,0,0.4767063604263953
ck_806649f4d0a21ac2,0,0.2755017375223134
ck_363acbb6df10ccf4,1,0.9407623908732982
ck_3bb2bdf93a4e35f8,0,0.14658620172861414
ck_01e05a9ddde86327,0,0.5894572631189341
ck_867889db342627aa,0,0.31746956725963177
ck_2c9196b51cc08e1d,0,0.33172658570612146
ck_702853fc09d9042e,0,0.4750999365738709
ck_28d8bb072293d82d,0,0.800802459157949
ck_048a4e2dd6eda96f,0,0.16084321720705455
ck_020c8eb684d65b22,0,0.5877504507793685
ck_5102ee32285eedfc,0,0.29718847260866843
ck_0e2777e0c3011a20,0,0.366063898637505
ck_d20935c939f70bf3,0,0.17971869847186236
ck_8b995f2ad7077ed1,0,0.3228912546894439
ck_5919a28f9c706a33,0,0.2570278640984932
ck_604c227444798960,0,0.41405582017934833
ck_817058b1e42d63a1,0,0.09066256211233092
ck_9b4a4a515d10bb44,0,0.04166662618830168
ck_9d04b0e921296967,0,0.8684731131473561
ck_208d50af4d671f90,0,0.08453806916852599
ck_6f1b9232d9e98706,0,0.6126500087019655
ck_c6bbbd58325f8ff0,0,0.03674695217587635
ck_8c48ae3242356965,0,0.5941761332036855
ck_cafe8633b376f5fa,0,0.44016021577224823
ck_bfbda0cdd1d165d7,0,0.6839350870901121
ck_2de1ff3b6be7f3f4,1,0.18242953888413602
ck_45199dcbdb3c77e8,0,0.24327285599404827
ck_2911a75bce0954e4,0,0.467670240798211
ck_7c9ef88eeab24ff1,0,0.41495943463593504
ck_cccee22f65e63da4,0,0.7429711820441033
ck_1b1f4ac7ab13ff67,0,0.6839350947197904
ck_8ba401e049a47a6c,0,0.7761036851170146
ck_cbecb036275def9d,0,0.5616460589201202
ck_a837a01978a06f45,0,0.48975856177494126
ck_ccbd5a1befafd5db,0,0.8435735218605445
ck_110876900404f336,0,0.9658632132979039
ck_66a202d5943f87ab,0,0.7508025036900795
ck_4c79506eec86440c,0,0.22208813626537593
ck_8a65c422ab8a8720,0,0.4060237016974298
ck_baa641139aaa59e1,0,0.08453806897017156
ck_62670793e471bff0,0,0.7301197834496119
ck_1a07e22b998a186d,0,0.2520077840957529
ck_aa95da517af4831a,0,0.33714826411747184
ck_3adc3ca558323849,0,0.014457817412854455
ck_174c3038047773f2,0,0.5307223771888735
ck_0abad625437996e7,0,0.21124477596789398
ck_ffe648839179d098,0,0.6574290867651205
ck_78858448f330ce54,0,0.45371441529979556
ck_cedf67cbd6e48a43,0,0.295582039836592
ck_84958df710e52ebc,0,0.5835335789711504
ck_66c9b545fa3c3d3c,0,0.11546173445213039
ck_edf822ff85d28883,0,0.08463847213873543
ck_546560c8841be06a,0,0.10160632690240463
ck_0b58f81c96ddc384,0,0.2999997055600752
ck_dc515b956200a628,0,0.7598386345659897
ck_ce64b87d466edf75,0,0.2062246991028494
ck_d3a3a76b2f42d25f,0,0.8020072972507253
ck_8124b02e0d7ed96b,0,0.24257004247684202
ck_2a079b23c721c9f4,0,0.13473882454562203
ck_db0478a216c01c40,0,0.24799172392564864
ck_281d951546f05bd0,0,0.25732906512711057
ck_6dd59f33e7d466e9,0,0.35602374925617986
ck_b3834e6dfd31aaea,0,0.8850394082098146
ck_237f30dafdfb5a8d,0,0.477107967993204
ck_acae96697d63f258,0,0.40030081138252294
ck_aaa059e9e4ecfbe4,0,0.4887545467857449
ck_9e3ce0f31c9c5258,0,0.2801202128076424
ck_fef8dd6feea884aa,1,0.9672688850385529
ck_2defec0c279fe7a8,0,0.5110436913075648
ck_3ac6c324a484ac0e,0,0.8238948117645284
ck_c6067295407f5846,0,0.5369472718638268
ck_0131ecbf3f9999c6,0,0.16566248858935836
ck_7fd500e0a05b6825,0,0.8204811701967027
ck_88fbff4affccece7,0,0.6862443252124707
ck_d37e9e8f855ed777,0,0.400602016307151
ck_996d840f8adc9c07,0,0.6311238920663662
ck_d43f6760e5e2f0d0,1,0.9839356678583628
ck_9f19e7a156fd14c4,0,0.24859413263010216
ck_212c69067918ede0,0,0.6856419092682738
ck_df06c1a8e640dbad,0,0.3452807845433015
ck_f3dac67ab421b0d6,0,0.3853409947896721
ck_80ef9c98d11796b8,0,0.4792163989284934
ck_7f585cc425b152b2,0,0.2988952910359989
ck_2ec865033a922dd9,0,0.2716864794397228
ck_6c39fc6450706b22,0,0.7038145990868747
ck_82a6e3c720d76cd3,0,0.7544169533077659
ck_64469114e1607909,0,0.24066241465669388
ck_2a8cc961440c1813,1,0.9953815209291447
ck_5fcf5c43aef6dff4,0,0.24267044283172626
ck_c79cead01ffbe7f1,0,0.28514028307043404
ck_9eb6e6909c11a7b0,0,0.0645581697877345
ck_2bd3628f68d9249c,0,0.38534098831486774
ck_ebc2872b02d8243d,0,0.4016060340471232
ck_67a92fc472849a7d,0,0.7134531302459288
ck_e706d8e052bed0bd,0,0.5769070765214916
ck_9ed2ada17dd7a67a,0,0.6784130004830143
ck_28109563514be091,0,0.5461842096473442
ck_490284308bffc334,1,0.9538148464005274
ck_c1f1cef0377224f3,0,0.4869473191554943
ck_a28ded0e59e3f727,0,0.3781120815613331
ck_3bfe8a26d8941736,0,0.2215861281250384
ck_03d349d02a6c9ab8,0,0.8508024583468788
ck_6c9e6704502a0594,0,0.6243969875417759
ck_d313572d8bb5bfed,0,0.37700766502937455
ck_fe6a0e7cc9ea413b,0,0.2470881098591928
ck_04491028ad5932ce,0,0.3590357933050241
ck_441c5e5e02416010,0,0.016465847389023684
ck_0e6857b4e71ad767,0,0.3777104749144573
ck_95e4c32ea3575beb,0,0.12459827084660288
ck_c9f45b53545a2ac4,0,0.05612444245476871
ck_e8fcde6838d69e34,0,0.02228913535951321
ck_0aedd0704f74070c,0,0.3861442032041771
ck_ea9700105c37b0fb,0,0.5815255391680051
ck_b6ed9f7b29bfee1c,0,0.1875500157517417
ck_59c8a96b3c2e6532,0,0.7022081599556299
ck_8dcf8c661ad6dd23,0,0.635541556525768
ck_27ca216fe33da49d,0,0.4690758472647758
ck_55d734433f012efa,0,0.2497989514900641
ck_1968eb4ec253e0db,0,0.7945775658661388
ck_8a4855313632ea11,0,0.0731926985547568
ck_788c36cbe4d96009,0,0.3767064571568333
ck_c1b95bcd92d2b82e,0,0.40311205502545405
ck_7e8a1c2841ed551b,0,0.13293159605837554
ck_9350df991c9f4c31,0,0.2502005587901247
ck_b5a1dafa7d790986,0,0.8265052556531877
ck_aa489894038f9ddc,0,0.29016035836745735
ck_ddb108b33fe7a7e1,0,0.036546149150063795
ck_99c3c19b1a7b5998,0,0.6568266838216068
ck_8964a89f4386da4b,0,0.5497986623595423
ck_4656de9c6516aad3,0,0.11526093020355017
ck_12acec959fbbb4fd,0,0.08534128153345977
ck_ef5f32785bb21726,0,0.49658586404689375
ck_0b7ac936d0c2f321,0,0.8622482344783792
ck_a5d5cc6ff9f33c7a,0,0.7070274377624898
ck_da449de47bae2f65,0,0.185039979729196
ck_344cc57261bbaff3,0,0.46204774314288427
ck_7edac5c9ba179f4d,0,0.5389552977902281
ck_cc76cd39b71c0a74,0,0.6217865486020737
ck_73b48fb2cb2e2250,0,0.7510033034622744
ck_830555d26b0f22f9,0,0.9427705249693235
ck_803f59924783c40b,0,0.8104410148092868
ck_94b8ec7f3854d618,0,0.05321279967197824
ck_56cc15c7c634cb9f,0,0.526304708892321
ck_ec307412b6d8e485,0,0.6951800632929691
ck_e9e6454261e8186c,0,0.8024089024968508
ck_9db43b735450908b,0,0.8483928246472956
ck_3f743d3214b5cf9f,0,0.3224896430217465
ck_65c730ded4d98ad7,0,0.1147589223548206
ck_09cac0297478cc3d,0,0.7363446873269587
ck_500de86732df72f0,0,0.21556203794170398
ck_4244faf352f3f831,0,0.8220875913585898
ck_6ce06429a3313521,0,0.4367465627677558
ck_535e54ca6500e6b4,0,0.372188389938029
ck_1dcc5faa256f17ca,0,0.038152572938565804
ck_52a05cae748958d3,1,0.9289149378506814
ck_c66f6a16fd288602,0,0.30281095113437173
ck_968cbf4974fba3b6,0,0.467268626685125
ck_c94b8a7804fd1a31,0,0.5475898386225012
ck_91c3caf54ed28f49,0,0.03534133101355033
ck_1b9689dfd3f68a2a,0,0.10381515920286269
ck_2db60e00b3cbf7cf,0,0.3851401866701686
ck_26274f48d3107434,0,0.7746980727783129
ck_529a8a0868734a08,1,0.9961847354922472
ck_638b6b3ffc90b7dd,0,0.6518065999144191
ck_74a03ff40d543435,0,0.8560233088515047
ck_2ec431ca437214f7,0,0.6295174722621754
ck_4fad42a1456d757a,0,0.10813242551228174
ck_26610c638fe50e86,0,0.7953807759958508
ck_56c3f0e5dcae8316,1,0.9919678606424733
ck_39320e661a3bcc0a,0,0.4827304524968153
ck_44d2af4326712887,1,0.9554212906397879
ck_99830e3886432818,0,0.26124472301681323
ck_76202e9c5d88ad34,0,0.797188024119309
ck_9c6cfbeeb836f552,0,0.5831319658798964
ck_49214fcf935ad56b,0,0.07630514667115126
ck_67baf73967ae5aa3,0,0.3319273997265875
ck_8a2c4f02623654f1,0,0.20250984076959438
ck_ba030a508b6641b7,0,0.26797162582116624
ck_92c8860bf57375a6,0,0.6971880841817347
ck_f1d86709530dd687,0,0.11646575107694968
ck_99df6cf42eb6e2a6,1,0.9889558026169037
ck_12648733cebeebee,0,0.7548185596196292
ck_77685c9f6de777fa,1,0.985140505168521
ck_1a4a9364bb230f02,0,0.24497967926526912
ck_42278312b427bae7,0,0.7867462589687492
ck_b7bb88be94d9a720,0,0.9365455996552969
ck_dd522b38aa3dc545,0,0.4640557701160926
ck_d684303df44d14e3,0,0.5279111450609
ck_b7d6bafffa572b50,0,0.4965858594545304
ck_ac66a7dddd1689b6,0,0.28915634370630156
ck_3a4961468e724e61,0,0.17469862667607683
ck_38fd5eba6708c72d,0,0.2006022136053838
ck_a9b50afd84e4aa50,0,0.25662625432052333
ck_785e721cbdbd40df,0,0.3291161433565923
ck_36b93d62dfe015c8,0,0.31345350788613296
ck_7d642212737d9306,0,0.8935735078490236
ck_2a75dcd89be8f2de,0,0.5907624852559746
ck_a738dab02753db12,0,0.23915639855498452
ck_a3d8cd99bc3ed65f,0,0.0811244192653952
ck_2062007717f2d0ab,0,0.8042161116555026
ck_c6cb4ebf57c75955,0,0.7206820402117209
ck_8c7eef843a99ef77,1,0.5409633283103027
ck_3d491761495b65d5,0,0.6911639986744893
ck_626597f0a967c56b,0,0.37811208048679784
ck_24755d2d71724701,0,0.12831312660919364
ck_55da298f24ec9758,0,0.38895544381412334
ck_62182307008f49ff,0,0.23232908883243863
ck_ffb93a2247a9acba,0,0.9026096736171145
ck_1c08e21889e15bd8,0,0.6168668730054363
ck_c6378de780781c95,0,0.2947788319329655
ck_f5e1a374eeef3a3a,0,0.6299190710928214
ck_566576a23fbb66f2,0,0.8588345601027559
ck_457d498ab1aba34c,1,0.9654615916147906
ck_5230ff85bbe7cffb,0,0.8732923847157675
ck_f131095100809634,0,0.18614439938511101
ck_f231bf3e0fefacc1,0,0.4561240557913218
ck_b9de313e9200a032,0,0.3437747645001392
ck_a79e1198fb084b6b,1,0.6242965853223575
ck_af18e5460590f72a,0,0.5765054791250702
ck_c70db2921d5258a2,1,0.9901606060992162
ck_62cd93369274da97,0,0.8736939860190148
ck_f8087e6e0e9540d8,0,0.18393556419266896
ck_60e1b3475b48ba80,0,0.8353405940978876
ck_9e9dca6096254c7c,0,0.486344908775958
ck_aff8b3e0adfff578,0,0.3637546624648137
ck_050a33545d1970af,0,0.5558227525022124
ck_643196db4e33cd41,0,0.23955800013253634
ck_b1019a059c9cb348,0,0.02680720316812785
ck_88d4e627fffc7112,0,0.45200759173140825
ck_6ac2199c577d4ee5,0,0.28554189054262297
ck_0cc88750efd9cda6,0,0.2631523517056986
ck_8117ceb26a3da968,0,0.5672685294900631
ck_4b91b2c942d76ce1,0,0.7911639124806928
ck_73eb98974ee53589,0,0.09106416688087517
ck_f135a03ab1ee760d,0,0.40150563172055187
ck_a02ba75ee71ff847,0,0.2285138336548493
ck_42fb585ef6e0ded4,0,0.719778429894225
ck_67424eade40180ee,0,0.7656619252409265
ck_d812c13960948d24,0,0.5981922060929605
ck_5a10f565a7b5065f,0,0.8941759237966894
ck_56c16cd61dc29f66,0,0.8718867577337696
ck_a611fb020a042391,0,0.5361440552977208
ck_14c505c31cabbcf5,0,0.4614453401474351
ck_29d472fe1eda460d,1,0.9405616372550532
ck_dc1d4b66cf69ce1b,0,0.4387545902323381
ck_fb7b3ae9505b1720,0,0.28393546378187856
ck_75ca7814da5d2ad0,0,0.38855384901490053
ck_71758b021e2d0490,0,0.3343370239678095
ck_a9f7aa42d15b2d74,0,0.8128506488921392
ck_04c098aebd6822f2,0,0.053011996436200776
ck_097daa3b0270c8dd,0,0.22078291550522244
ck_d35d334714ec29f1,0,0.7750996660173076
ck_061b18fe04e0ec43,0,0.4272084179890787
ck_b8716421b85776f7,0,0.19126487234012743
ck_ac4da902271f52f3,0,0.5650596921523475
ck_3589f97de3de9e6f,0,0.7080314489496302
ck_4549bfb5f93a22e2,0,0.49216819543792556
ck_0bbb2c043bf381a7,0,0.8283124856137938
ck_5daa5726257228ee,0,0.5006019214257446
ck_c08a37750aea9ea1,0,0.21124477427249996
ck_afac52c3775f723b,0,0.9074289369375215
ck_32c7d1516366c4dd,1,0.9751002773023633
ck_44f43dcd673feef4,0,0.6157624548110642
ck_7d0e80ea0db81eb3,0,0.0724898883862523
ck_6643082bc2217bc7,1,0.9447784987605871
ck_3a4060f4575ec77b,0,0.21506003073858995
ck_f1eab67a0136bfd0,0,0.7676699564858106
ck_f8191f5db6294945,0,0.5130517087020023
ck_bc43e6941db7bb43,1,0.9953815211565962
ck_36a489f4a4b6eaf0,0,0.22580299003081783
ck_92889c3df14920e8,0,0.005120477104681721
ck_8df425ef2c50569b,0,0.8708827439130951
ck_ae915eacca4b20cb,0,0.5629512628765199
ck_3064c575658e0b8e,0,0.3407627181148735
ck_c04268339f0e79bc,0,0.03905618704012779
ck_3200bafacb66622e,0,0.7610434579978663
ck_533f9d97971d8be0,0,0.7335334369741756
ck_9258429f8ad994e8,0,0.1853411864584786
ck_a12692411fb96b4f,0,0.22439737017366784
ck_cbc6dd3e58f83a92,0,0.6086339534459436
ck_030a9d23164ff181,0,0.5124492989418878
ck_1faf7fc2efc66972,1,0.807830567470923
ck_4ab6d0c1151c1d38,0,0.5061240092595715
ck_01e9d2f92d2ab2ec,0,0.41867429090722874
ck_d960b47d84a1f224,1,0.9558228783058247
ck_36aa4f652e06fdc9,0,0.8112442218312131
ck_3fd942b9d0f077f4,0,0.12479907421088246
ck_051d90d850c93249,0,0.5861440101705655
ck_db1f265dd353f4a4,0,0.4042164718909386
ck_850eea701de29c2f,0,0.5161641545624898
ck_03a44a55d0eb3c10,0,0.5783126929771644
ck_0968127247216060,0,0.42791122925069813
ck_b3e095fa6bd65bd8,0,0.10371475793147543
ck_d3b4a78a79542798,0,0.8652602540748897
ck_d06a6efdc5e82ae5,0,0.13785126969531997
ck_e4d76d83aad5fbdb,0,0.6528106140254195
ck_a86419dcbc07c41b,0,0.8584329803350236
ck_56ca2f5f99c9cee7,0,0.7628506937510545
ck_e6cb7cf9d31d07a8,0,0.48714812069673885
ck_424538f9643a11d3,0,0.1330319973098758
ck_e5c5e8607d4e3196,0,0.2598391018216705
ck_f35b0bea3cdb739e,0,0.2851402841969579
ck_1474332242aef410,0,0.8933727074790042
ck_6fa5f94809f18aa0,0,0.06506017759701557
ck_fabe61a77a3a8be0,0,0.19698775932008414
ck_b224aa1ba2058ffa,0,0.829517300179765
ck_a8fa69c09503c4c0,1,0.8773084538297592
ck_94161b4283127fc4,0,0.0499999513307873
ck_4b967cdefd0131cc,0,0.5761038671435936
ck_ac7705f8709fd70f,0,0.5541159269273901
ck_833d8cfe95afd656,0,0.12289144613358571
ck_c2f4a86aff4cb0e0,0,0.1323291906506615
ck_9fc05ee51b9e2952,0,0.8372482236901231
ck_321c9a83b7fa1b5e,0,0.28413626655997243
ck_69c9cf783a7effd3,0,0.8170675106851121
ck_99605179841a0cc0,0,0.3871482146966688
ck_95f6594c75620de8,1,0.9455817328959488
ck_dc7957331f1fdc1d,0,0.2150600300257034
ck_ae276ecd3364772f,0,0.7411639509863861
ck_c0aaeff093eff200,0,0.18152592635288858
ck_87297ef277e6b31d,0,0.40341326049029114
ck_dc35585613561d40,0,0.4317264853700976
ck_d50af8027c45109d,0,0.817067516297583
ck_9053bc6039718acb,0,0.2662647997441463
ck_cc3a01006df14882,0,0.34036111011729087
ck_e5c15384bf26aa55,0,0.42921644872523357
ck_3d6773221a179a29,1,0.939356805259378
ck_5f508e81ead5c3cf,0,0.9136538496497043
ck_a02e2324b3331db4,0,0.6120476041825893
ck_a2cd96c7c15c8bb3,0,0.616565667413951
ck_cbe81d7bb43c0f8e,0,0.13042155744415154
ck_e6f0d760c81a50f5,0,0.4282124315877506
ck_91ca8b27082d8b3b,0,0.5110436779032139
ck_f8e1873b3056a243,1,0.9544172052183686
ck_b10933f875c20e29,0,0.7674691530745831
ck_2cc44deb7c190fad,0,0.26164633394990455
ck_d01330992c84cdf4,0,0.2889555411949251
ck_928480992c236cad,0,0.48012001184428355
ck_bc4041a044196968,0,0.7634530970300197
ck_c121620519b29102,0,0.4309232790835831
ck_ca9e56de07e1c2f8,0,0.07429711716651527
ck_6237fbc7129e6b39,0,0.4997987130905623
ck_0fb26cb8ee912997,0,0.6797182372274468
ck_3ee841e8e4543b8c,0,0.5550195434994664
ck_f9131c7df2821d97,0,0.8204811648730465
ck_f77bc11d98a141cb,0,0.2507025648272999
ck_748a03fae1e8e291,0,0.46847344325880014
ck_4f8d09979b288bf4,0,0.6255014027923942
ck_f3642b418b42b883,0,0.1612448219318576
ck_c71f04d0430d2a1d,0,0.6323287066224003
ck_3426f2165992dae5,0,0.8909630895360832
ck_68f1ae7f39eaca4f,0,0.12931714179511086
ck_8790387030522422,0,0.84176628722757
ck_d4f9af2b417ec65b,0,0.06435736691423372
ck_d460ac1e0a51f90d,0,0.32389526533433693
ck_53fa85225583c4fc,0,0.8791156720000022
ck_9577d03db0df6660,0,0.3074294183790795
ck_3b6029f0929b94f1,0,0.6321279052847745
ck_a2f794673e61d5f7,0,0.1929716995527491
ck_c10a758d01723b4b,0,0.07891558656340221
ck_03d8f7a13ce179ad,0,0.9522084123143933
ck_8d0c5f3bad15669e,0,0.1781122765336532
ck_ddc544bf8f117433,0,0.7761036866049711
ck_9e795e2e6f2c333c,0,0.45130477877847064
ck_bb0bd8598892ea5a,0,0.4162646559158249
ck_12ef6f8f5736a19e,0,0.7576298047163679
ck_826969d8a46c525f,0,0.25903588973980224
ck_75acfff3b5253df4,0,0.5339352282141006
ck_8f91396ccb8c5368,0,0.835340591824814
ck_9263667bc98cc261,0,0.44277065501595153
ck_c0951a330f15364a,0,0.8427703037775616
ck_e787f10fe344834f,0,0.2829314503130548
ck_c4473f8b6dff27d3,0,0.546184214748846
ck_23e9f8801245cf0f,0,0.5712845895152407
ck_3079e51328702ac8,0,0.5204814211888472
ck_260156560fa6d650,0,0.687549538752633
ck_f3038520bba046a2,0,0.4897585635120222
ck_7dccc916a1604f20,0,0.5417665412921858
ck_518c6d4ebc1244ba,0,0.5704813897410521
ck_90a3ed24caf3f042,0,0.762248274338619
ck_c1aad3d39de8396f,0,0.2623491434531998
ck_9177b9271a68f25f,0,0.7202804622573974
ck_a9272d2e779490df,0,0.6562242671405214
ck_9939d429e2aaa33d,0,0.21987930227384025
ck_48aa7b91418b1515,0,0.6034130683527695
ck_6d8bf5284837cc3b,0,0.27058206275420527
ck_9948053f043ad0f1,0,0.23072266616233425
ck_41e44968d72e3cbb,1,0.7154611788057423
ck_c0d727b605a6dbdc,0,0.7738948510015019
ck_abaff731d35afd6b,0,0.8082321746819892
ck_b81a5bb0c8503011,0,0.7404611407611736
ck_efa37b075bfe3078,0,0.47961800502207697
ck_e0b3a96f4290072a,0,0.09417661669033356
ck_08f34678c44854cf,0,0.6682724964422497
ck_279eb69d5e0f355a,0,0.8353405976383006
ck_597a1a2edc4b71d2,0,0.4142566218909681
ck_6ff861c2f4a1448a,1,0.972088186803872
ck_e54e26bd89f53461,0,0.811244230354009
ck_d84a36dd097c19e0,0,0.6856419096833637
ck_84657e2f2a90fdf4,0,0.7347382615828338
ck_7758eeaf858c9cbe,0,0.3829313541621953
ck_53d3646b856db525,1,0.8897582797388021
ck_7a0fd0123c683e72,0,0.6176700846450244
ck_0227a09857645763,0,0.24206803653009906
ck_0ced1889e5c61ee3,0,0.31576274586616176
ck_365be1a65a2a84b5,0,0.9192763555139661
ck_f9bca5bb469ef4a2,0,0.36566229619740476
ck_fc871488eba95dd5,0,0.16746971492044493
ck_efa0851827091f95,0,0.24257004196258747
ck_f065053c01166aa8,1,0.9809236291164863
ck_b87b0173fc9baf14,0,0.488352943311976
ck_ae3f3ce0c1698e80,0,0.6813246456579085
ck_0ebbcde064cc0742,0,0.451204376954479
ck_f56d2775f9703e43,1,0.9596382198149017
ck_7497c4ea7975c8f5,0,0.06676700292322225
ck_3c795927c73a8c08,0,0.5463850179191487
ck_f33638e3cb72d391,0,0.20361425712485154
ck_da0a9c2ba9089d7f,0,0.8234932103767203
ck_271d28f3d536f88e,0,0.6259030075123577
ck_56a4366a5d647e45,1,0.9540156262301723
ck_3c53e765d5e0a4fb,0,0.24759012011603415
ck_b19eadbd95418071,0,0.9102401942607807
ck_be6aa3ff43e5d406,0,0.16867453295732826
ck_5554b9c4c7692e74,0,0.5853407967894736
ck_64ed677cfe3ff33c,0,0.9214851926854231
ck_b9fd97a2992b001e,0,0.6690756628117432
ck_e64905a379965072,0,0.8935735086363724
ck_a8a0dfbfd9e214b3,0,0.9030112767191946
ck_2c19377b52bf85b4,0,0.27871458548350897
ck_8f80808f4fe91e4a,1,0.4885537392933479
ck_96fc1e17030d50f7,0,0.7206820431232801
ck_5f2f98ad0ffe0f69,0,0.6248990000035626
ck_2150f72d0f83cd86,0,0.24638529968210268
ck_799f3418e8d75205,0,0.7132523275963587
ck_1c369f4723a62a51,0,0.6654612080074502
ck_0fdaad8dd0ffeb87,0,0.4851400927198462
ck_63de57751083bd1b,0,0.9046177106394219
ck_f13eba3ca570f1d0,0,0.10020070468412744
ck_9e25b4e5d7a970e3,0,0.7162643725966236
ck_a9bc81c1b004e8d7,0,0.8409630734262061
ck_bc246227cea86350,0,0.5455818019106594
ck_5cbb256fa473ec4c,0,0.3959835545211045
ck_931a9069ddd38c33,0,0.1091364404680744
ck_8bc8430d09b6d05b,0,0.5983929930985589
ck_ad5f1aa6b26119a9,0,0.7859430381627142
ck_929b19b897b49931,1,0.9821284493146961
ck_8ebe7180fed7e324,0,0.752810533202706
ck_733e0e3db13c90a9,0,0.2819274406522912
ck_399a108c9bdc6d7e,0,0.6891559654777182
ck_6d653f5d7e00e493,0,0.11526093182250019
ck_cbabb0c11b91d543,1,0.9813252291578294
ck_fb688a852cd935c7,0,0.6435736766309944
ck_341082180caba3c3,0,0.6654612096499694
ck_d77550d2f03a49a4,0,0.10441756822221772
ck_45c3f80be88a9139,0,0.7425695758800673
ck_1cd872bd80c5926a,0,0.3301201585142244
ck_2242228f2d45acd4,0,0.1745982220131704
ck_e468394dc5b5484b,0,0.15823277603045258
ck_597678c123e2875e,0,0.5107424783249056
ck_628033f34ad78e9e,0,0.5008027230513289
ck_7e40db5bc3edb834,0,0.4115457823979033
ck_f1a621e0de541704,0,0.7540153630338697
ck_dc75a31c6c68e97a,0,0.04377505733830771
ck_8f7a7255d11e78c6,0,0.7146579522766033
ck_4cc7881cd7f4ea38,0,0.8174691143719799
ck_b25227d9d3bf0d78,0,0.11746976547157478
ck_71fb7f4a4715e2ef,0,0.2334335060713823
ck_14b9b3be935b9198,0,0.4387545927756876
ck_a4eb3d9730f06aaf,0,0.31686716547587024
ck_e3fa36c03e40a947,1,0.9626502887791238
ck_35fed602f4bcb1cd,0,0.16174683157521927
ck_2108da7307de1cd7,0,0.8339349654066177
ck_84173179c12bbd0c,0,0.2762045471815961
ck_843e4891e08af155,0,0.15411631386435687
ck_dde5178e3bea01fa,0,0.35441732370409623
ck_e32ac0ac856c500a,0,0.2243973690498545
ck_28ab4b48f5cb7f09,0,0.507630027324712
ck_0fc0148d598de3a8,0,0.7447784081521261
ck_76a2663ebf4958df,0,0.8522080765821719
ck_035abcf235da2b88,0,0.19186728095817676
ck_8f0f2651508e5c6f,0,0.09989950106906355
ck_79bb34fc4568106e,0,0.2806222142953404
ck_cb08efdec122736c,0,0.0424698382174772
ck_603f745acba16b54,0,0.8821277506834004
ck_23b600398f5600fe,0,0.796585596885802
ck_d97c8af7b384cf3b,0,0.46505978736054737
ck_7b442b298d133b91,0,0.6208829370960833
ck_8a081b63c1a181bb,0,0.6712844972790131
ck_2a2b0399f947fb18,0,0.13855407995609512
ck_80f5f500ce55469d,1,0.9755019091288805
ck_5adcfeb1ef97407e,0,0.041767027316083845
ck_50bcef34e9ecf44b,0,0.8967863978061924
ck_448ca2a158d918de,0,0.11807217223564903
ck_c2aee062469130cf,0,0.7445776042633667
ck_0f77497c0755e4ba,0,0.4552204411403736
ck_eaa9c750f0b3ebef,0,0.9479914882522781
ck_2ac695077a483656,0,0.7150595603400558
ck_818f9c522931e52a,0,0.36847353454403764
ck_bf82a1631b34d3eb,0,0.9020072402733755
ck_dce447a8e3e679ca,0,0.5150597404536232
ck_5a84a19f0028c5b5,0,0.18252994329665853
ck_04819e7858ffef35,0,0.47108387580802247
ck_6b8bd58c00be8d8c,0,0.23092347138486524
ck_7c9f1f841d729270,1,0.9632527377377258
ck_6b8a2142c9a15f35,0,0.5913649152103896
ck_11cf7665285a25c7,1,0.39518033652559115
ck_3b2fed9a2dc1e663,0,0.4391562039738099
ck_b5eb652f7611723d,0,0.8793164900848736
ck_80289dcb5fa79eda,0,0.8409630879027233
ck_f3ea3f23e4120bc1,0,0.27289130023374064
ck_51a28f6a7c9b6439,0,0.5795175086808126
ck_bd8add7187ea1e75,0,0.8602401737304605
ck_90f24d8e7e737081,1,0.9823291962406786
ck_4fa8ac11d40bc961,0,0.7212844490829726
ck_9916a8f382223e22,0,0.5684733482294001
ck_d7e2827612e2c057,0,0.43875459501162783
ck_430d031f02e6f514,0,0.7913647177104831
ck_8164d30b37b4b348,0,0.7447784084167928
ck_9dcffc631020eff3,0,0.6799190244608938
ck_06dea1aa3776ef51,0,0.3622486407697773
ck_f789b545f2ae975c,0,0.6807222404432817
ck_6d78dd5e98cf8a90,1,0.9696785440456808
ck_b679bf1187328e01,0,0.3658631033366969
ck_7965e13aa15e75bb,0,0.5818267476934915
ck_5d2d60f7564f71c7,0,0.7600394530448066
ck_999219893b18479c,0,0.8799188862698201
ck_4683e1bb2b4560ea,0,0.5022083471802682
ck_0c190e379b355ca9,0,0.41224859567413147
ck_d21d844d7e6b14f8,0,0.6365455681287966
ck_1b361ed78e201dab,0,0.2387547863778794
ck_afd63bbb0ed3d68d,0,0.6377503917264752
ck_044ff2bfd09d3371,1,0.9269069109742158
ck_71209f97798c15d1,0,0.26646560396953384
ck_7e7c7f06dde43851,0,0.4179714794637798
ck_06c196a51e5f86c4,0,0.25622465466988953
ck_8fc53e3b400b1901,0,0.43212809208268166
ck_bbbc13ab69531764,0,0.39076266996036896
ck_9dd5094314011174,0,0.6662644167077505
ck_ac7b1bd97bd30f3d,0,0.4260035980435776
ck_ec3944b0608f167c,1,0.9708833683913004
ck_7c3281305faf86eb,0,0.6074291292352431
ck_866e9f5b3451d9a2,0,0.5403609210621185
ck_ae1d60989a570a4e,0,0.1439757620341647
ck_df07aa6568a26a1e,0,0.8002000512748006
ck_26064d2abfa816de,0,0.6461841142974057
ck_08f0c02c6e38ee48,0,0.41927669892874014
ck_a4a334300550b0cd,0,0.8761036561976105
ck_aa17d738fce02520,0,0.5393569078210212
ck_b71bcd6d1ad0195c,0,0.14558218644852366
ck_b3153fb570c287ae,0,0.7443768027759916
ck_7d9136f41c4820b1,0,0.6415656514956243
ck_ad041293e413ecc4,0,0.17700785965042123
ck_3d7a82e8bdb384e6,1,0.9789155317730864
ck_b431f74484f2df09,1,0.6740957386649695
ck_98a930290a7d90ab,0,0.5016059372363498
ck_ceb1454b17225d06,0,0.326405301784618
ck_04ef765947ef16ed,1,0.9491963080994352
ck_43eff4e657be279f,0,0.7240956949077764
ck_29d739127eaf1ebd,0,0.41576264431605825
ck_1f4020da557b19e2,0,0.41164618268291503
ck_42584b277f6e79ec,0,0.39789117698444176
ck_2aad633cb2fc1f61,0,0.2937748155075232
ck_eb9fd980457d7a70,0,0.671886903792404
ck_234ef4489e8aabf3,0,0.8154610851825285
ck_e8d856aecda3cf9c,0,0.31817237977215146
ck_e9b42c958b3d942b,1,0.8078305780130378
ck_dae800c335821aba,0,0.42700761286268724
ck_432fbd3f848c2c7c,1,0.966064007457777
ck_dda554b19c3b9361,0,0.15662635215684156
ck_a03ec7e2a110d0e0,1,0.7168667818392915
ck_b2f247db44bba97a,1,0.9475898157550756
ck_0cb05287886bca15,0,0.10612439280881969
ck_48b690541ee47984,0,0.15763036711527373
ck_6f95512194edc9cb,0,0.7176700078169818
ck_4c457bbe0fff218b,0,0.5670677217660095
ck_1a329b331e46e4be,0,0.6989953156105339
ck_9cece4951171bf60,0,0.20311225107874406
ck_de1dc6efa1eba202,0,0.5973889813261916
ck_1cc6f699d81bbab6,0,0.4003008140749193
ck_0c49494bb18f592d,0,0.11024085527913119
ck_d82d528c6749fb40,0,0.7461840296978296
ck_ceb8c5e81e9bf8db,0,0.7319270105688798
ck_97e823ed1077345f,0,0.23975880139761346
ck_f66d3f9442496fc5,0,0.5622484660710229
ck_cba1e300d4fc1231,0,0.574095827080911
ck_9c8cfa633bd3249c,0,0.2706824638787144
ck_91723c0165b9670d,0,0.3140559164912522
ck_13a02c906b8042a8,0,0.6166660785070294
ck_3146973636be641c,0,0.6038146852164233
ck_66813b974cad88f9,0,0.8658626624531082
ck_107e495c6225b985,0,0.3915658863233643
ck_e33d9b651cbc0058,0,0.8391558514962336
ck_ef45ee4bbbf109c8,0,0.5734934183742353
ck_094eb793d7979928,0,0.21335320421429596
ck_387cf461cab69d2d,0,0.20963834900121697
ck_542412eff6432f43,0,0.39036106242241175
ck_e8e078f563e92585,0,0.5269071165706822
ck_1ae0c1e512938559,0,0.9044168924244131
ck_b1af7fd579fc5ed7,1,0.9955823181568623
ck_b79bf99d88496e94,1,0.9983935712575225
ck_e8b24624f6f55389,0,0.13614444504772996
ck_7bb2a24ba5b5587f,0,0.8072281681905997
ck_3eaa0393338a0ba1,0,0.13303199908003596
ck_8bdf7d79b92bf472,0,0.11867458242864426
ck_fb004b313b68e0a0,0,0.08002000102137136
ck_698e3fc552469098,0,0.4322284925682703
ck_02278b2e58cdf3dc,0,0.324296875116647
ck_f40c497b42e52e07,0,0.44799153103526246
ck_8332d3e1b7fa7eac,0,0.581927144768471
ck_ff17ebd609c5ea8c,0,0.40843333684848726
ck_45cebed4633dfb4e,0,0.37309200581059104
ck_e5f06d80eee3c4f7,0,0.36646550355464724
ck_6e73b83632dfa9f5,0,0.5024091483964995
ck_22c624277d89f9a5,0,0.5074292270894014
ck_8c7d7f83eacdf053,1,0.9751002820398554
ck_d82f62e7d15fbf0d,0,0.5461842073746711
ck_cca220ed215b3153,0,0.6277102357839809
ck_9d3030cd1e87afe2,0,0.5959833616455722
ck_84c1e93b890a1592,0,0.20160622766288863
ck_880be569d9900242,0,0.1208834171373284
ck_5eacf6d1862301fb,0,0.11044165789833199
ck_8308e3299fdfa73f,0,0.40421647084471424
ck_d76cd525e97f73e7,0,0.7392563263513523
ck_51065d23ebcb996b,0,0.7152603593481587
ck_186e30b1ee4f600c,0,0.5048187904570299
ck_c3de270ece8a581a,0,0.4289152463082529
ck_70d920b6c742b5c4,0,0.23955799685421342
ck_add327f02398703d,0,0.47148549089317404
ck_f76b94772a0f5627,0,0.7618466649177363
ck_9d3b3027a66e8b9e,0,0.43493933579816557
ck_96f12c6ee6ebdead,0,0.03935739169023201
ck_7de4189ee7e1a36e,0,0.7044169933468216
ck_3aafe8c0c8f25a54,0,0.7216860642190619
ck_6d51e06b1c8df972,0,0.3491964432545387
ck_ec126029924419c1,0,0.594376949358094
ck_74a9753da659b8f1,0,0.34698761335613787
ck_968752d19a74ad08,0,0.3409635211742263
ck_0325ed7a840e6876,0,0.8192763585133119
ck_97f8062f8a25e56b,0,0.8634530397975717
ck_12e083de1857dd8f,0,0.6489953581170932
ck_3ba28a2e0088075c,0,0.06144572265112702
ck_1cfe226e9e6e5afb,0,0.6478909405829886
ck_154b4338ca14ef36,0,0.1671685136899961
ck_4ae6b0cd723c1c82,0,0.8620474369583886
ck_db96c9efa919791a,0,0.06134532252687094
ck_eb79d03449dfb529,1,0.995783124600152
ck_ed942c341e756f7d,0,0.5951801446833677
ck_c524848990c5dfe7,1,0.9371479050851662
ck_56983092d8d33dff,0,0.4087345388380092
ck_6a381372f5ba2021,0,0.3443771729071
ck_44f2fa4c9b6f378e,0,0.19096366986949292
ck_58fca5553d48b973,0,0.0336345056322817
ck_bec9580945c4e876,0,0.8596377661943183
ck_708e6d1ad4dd6272,0,0.6106419784966058
ck_391cea5c1c78dfd0,0,0.16335325779725143
ck_96fbeecc6f007f76,0,0.06887543440151343
ck_f133d8005b059368,0,0.9154611190554172
ck_60aeb09881e9c232,0,0.3804213136568668
ck_0abe29689d2fc75b,0,0.6606419318133611
ck_ce248a92748e3584,0,0.07931719081600483
ck_1f180c28d8a6349a,0,0.4939754304064833
ck_bc4389809251991b,0,0.47509993704611564
ck_9cfe3a71d9e6ccd5,0,0.4742967288087616
ck_eb248290630f5d26,0,0.853412868672059
ck_15990040eb6edb64,1,0.9861445402492169
ck_710476c9db028930,0,0.49277061072883077
ck_370df4d6d75240ec,0,0.1155621363392826
ck_02894addcf8f7ffe,0,0.4582324864309798
ck_383cd4919c4e9d80,0,0.43875459054692006
ck_a59b1eee5b5d19e8,0,0.5306219777332142
ck_e09c9fb7bca76a04,0,0.5449793920444768
ck_c95f5ca1f36554ef,0,0.2538150144684102
ck_55c037a42913c668,0,0.6451801111982887
ck_6d9a75380e0a6641,0,0.5016059396677861
ck_915c65507de12f06,0,0.8066257623468519
ck_e7f5f7567c9a71dc,0,0.7566257892821691
ck_653f83ddf09ffa0c,0,0.01927708967788787
ck_0fd577d595d6a49b,0,0.2604415119647902
ck_23402c447b1bb433,0,0.35261009678387334
ck_8ed6e9015dd5018c,0,0.08293164656386103
ck_d245b68653236f74,0,0.8437743481457959
ck_9d0ef6acb6d705be,0,0.3863450018115679
ck_15ad68278f35cec7,0,0.9483930980739165
ck_00ce87a4a1959276,0,0.7389551327845834
ck_49fe4064d294e40d,0,0.5319271942236762
ck_7a8f885e0d78a48f,1,0.9821284644570832
ck_f02652f1d139321e,0,0.21666645766953577
ck_c8791cc5b437f7f1,0,0.519075798344571
ck_c2563ee76c6eec5b,0,0.5935737205260124
ck_e2c4207d484db5ef,0,0.21204798561036342
ck_13fc95e5634c231e,0,0.42590320071690735
ck_a851eeceac9691e3,1,0.3022085425008199
ck_1030b0eaa5a3a3e6,0,0.8285132863377831
ck_3ddf87bef4beab5e,0,0.13634524732792414
ck_cf8eaf8e6b1c10d6,0,0.11817257628979466
ck_76494da0adcdded4,0,0.7363446956808143
ck_fe9dcaa65096d2e4,0,0.7329310259958436
ck_c1804f364cfdde4e,0,0.30230893966938505
ck_09320e50d94354ea,0,0.840360686783493
ck_a72940a99bcc81c5,0,0.1431725512243563
ck_86fe59a46a26ad26,0,0.12208823554010652
ck_667f75ff721b9217,0,0.23825277710378254
ck_eac141ee3ba0eef3,0,0.1401605059766955
ck_cc5e4a3bd9758b31,0,0.3664655025459507
ck_5f06e6dca2d613bb,0,0.09106416779364833
ck_734bdb7109de6313,0,0.36104382295018794
ck_0a899b2274814d73,0,0.43935700030905883
ck_653e60af69fd0506,0,0.511646087120481
ck_339b26d955e43b90,0,0.26074271771564245
ck_94d8cd58baef0f7f,0,0.5125497009034047
ck_984b0bfdb1beaf2d,0,0.15261029460432973
ck_da6a75de20e1b1d8,0,0.5230918647121195
ck_6e41892e11a13084,0,0.6485937600806609
ck_b24a4ba7c703134f,0,0.6125496067820899
ck_42df1eee6c0112c2,0,0.13343360509505556
ck_847ce16850d2d0b1,0,0.5215858394670612
ck_7b50fd0e08d298e5,0,0.029016036352857898
ck_10b67b765822c077,0,0.46445737681232574
ck_dff53c03e1b8a051,0,0.19076286423810407
ck_51fd20068d120ef4,0,0.10803202171508904
ck_6d49286d66eef260,0,0.22108412003311687
ck_a0539fe04f9656e9,0,0.30642540259857143
ck_41aa66164444cc60,0,0.06355415428756611
ck_964b01f7abca7828,0,0.7985936262968497
ck_d69579fc55803e31,0,0.40883495034205936
ck_0901dc0d2df320af,0,0.20080301698599692
ck_23d1c266cc0a6155,0,0.30060211511099966
ck_cecf47bd0407b8e9,0,0.3975899720706282
ck_b9a945b72bfb21aa,0,0.16064241159744264
ck_6ec35f10740eddbf,0,0.3678711264536694
ck_91bef3442a509e1c,0,0.6140556321884043
ck_266df3c7c011797f,0,0.2716864894324563
ck_8fc17afe56653e87,0,0.5514050847389889
ck_7fd8ae46d23d5e89,0,0.351706481940009
ck_b2226ba07a4b5018,1,0.8357421947910227
ck_c9120956a234fd05,0,0.43935700046588444
ck_1f68bdcb2ac48572,0,0.408834943750403
ck_d7729566c5b723e6,0,0.18323275233044586
ck_259a5eb370625f52,0,0.808834585259683
ck_53f19a263cf8b50b,0,0.13604404399482337
ck_ade5cef32445da9c,0,0.6052202968318887
ck_43a84d2f489c4c63,0,0.7767060907650759
ck_7258afa17103b44a,0,0.4558228476645727
ck_ce1ee530dc174ac5,0,0.4953810442190004
ck_6ad7a8a7cb933e78,0,0.9022080626537092
ck_2b17f9d9b356a319,0,0.6696780774447685
ck_37d0cd5461cf5716,1,0.9712849607387567
ck_b77013239d0838cc,0,0.07610434374618129
ck_08a4a5d8e90a5f58,0,0.1588351855418823
ck_4768b2cd3e1dc31b,0,0.5540155243752947
ck_860f20940787fc26,0,0.6985937075561824
ck_570bde5a85a6c2af,0,0.8140554608151418
ck_fcc6d807fe9099f0,0,0.29779087091323325
ck_7e2766581636f77f,0,0.1485942314218173
ck_1aa70b82dce979fa,0,0.44548149250112307
ck_e19dc65ed7e51277,0,0.2911643722765366
ck_d3571bd115ee0287,0,0.5989954022162882
ck_b06c16018203f203,0,0.19678695521550238
ck_c526d42296797f0f,0,0.5395577077665626
ck_3d049e9ea5fe7763,0,0.8997984065029991
ck_6fe65a83c5634fca,0,0.07339350230161622
ck_65bee8328eb34e1c,1,0.6307222809431753
ck_bbf098a87bc4bd18,0,0.6381519987680793
ck_f998b9e83e146b37,0,0.3743972219031455
ck_4233053e00ba3145,0,0.5941761398881056
ck_e31ea09c66c94feb,0,0.8620474287982757
ck_2354e50f9e66852d,0,0.2594374979117619
ck_1051cc2710c8ad8e,0,0.7965855945983035
ck_e555b2af216df9ee,0,0.3086342379199986
ck_f3d73ea47a3bef54,1,0.9327302751842947
ck_1cf43c530e2619bd,1,0.9895582009755975
ck_5d76f9ad9a9df540,0,0.7877502655702063
ck_e01b781c9b78ab07,0,0.5373488735702538
ck_836aa08f96105a3b,0,0.829517312065308
ck_c5994bbd3d8ff909,0,0.6371479775872245
ck_625fd7df29ab184f,0,0.3871482143919
ck_3813a5fbcc1b78af,0,0.22530098309294042
ck_aaf333ccd6ada499,0,0.12901593800128947
ck_268455f2fbf86e33,1,0.9443769567220892
ck_92010945840066ad,0,0.6317262968389609
ck_5eab3af96fae2ba5,0,0.30582299442221045
ck_ffc8dff7c78232eb,0,0.1446785735638552
ck_d81c502d6ae5c072,0,0.5218870425123209
ck_d7f04e8534b80a98,0,0.029317240754222866
ck_66b93b172c71882d,0,0.8172683213719174
ck_3eecc4692d2e8b21,0,0.9032120852156459
ck_4634887d6ecac7ee,0,0.784738221980433
ck_e8d9f5d9c9eadf68,0,0.6570274885482553
ck_84e8abf4e3b00001,0,0.3339354138619458
ck_d29b1872c2a55680,1,0.9897590182546899
ck_8ea3ea43587b4d9a,0,0.6222885557652893
ck_f30f5261dfc83df5,0,0.4014052356139973
ck_83bc2629717e54aa,0,0.5505014739488141
ck_1ca07faa8ed764b2,1,0.9590358043479126
ck_d2c827f4b0c503c6,0,0.8504008467471622
ck_c167a53aa5f709f5,0,0.24949774705948966
ck_3e46aaf040b08068,0,0.579517509871993
ck_c60f114cef22b792,0,0.534537648403027
ck_2c54c45671d89cb3,0,0.8261036536222945
ck_d0cb0429f40cdf0e,0,0.012650590321975193
ck_dec3f7e235334448,1,0.9875501712117248
ck_21605711f0409c9e,0,0.17620464617550782
ck_c37aedc60bb1653b,0,0.36847353588012205
ck_a569af0c664687f8,0,0.265662389245472
ck_81142fbbe7ad1768,0,0.8841357700225276
ck_5cebfcbfd78fd658,0,0.187550017382767
ck_cfbab97c89af2108,0,0.4479915321885145
ck_0a8349bd2e416485,0,0.7054210486405326
ck_48f3f0dd07607bff,0,0.5857424047356372
ck_f4830ee2c063bced,0,0.720682041787809
ck_d5e03323eb5abb2b,1,0.9789155951646688
ck_71c1fc792d2f0d11,0,0.8263044634938459
ck_f6354009b69ee126,0,0.2755017366978578
ck_f99d11b73c4f9666,0,0.664858799332159
ck_ac9c17deb676db8f,0,0.7443768058231081
ck_a3d8f73a93f82a97,0,0.8455815594192845
ck_fd5f78b976e5f3ca,0,0.10311234957172073
ck_fdcff7fd1ad29be9,0,0.43694736363990316
ck_54556e5a2f123a1c,0,0.40321245702487535
ck_d40504097d54826f,0,0.7391559260744267
ck_361940adc29c892c,0,0.7451800129313603
ck_85d5d43f839f1a31,0,0.8128506420093571
ck_2c7a947da0f7a0ef,0,0.0648593751082904
ck_d172ab1935407e55,0,0.6172684799280752
ck_0cdac3de91c37548,0,0.0609437147700572
ck_cdd567b79cd34ee3,0,0.9090353698968601
ck_ed7b7e547226050b,0,0.46224854774481516
ck_5f9f13b48d2a83a1,0,0.8662642707761845
ck_549369dadae3dd5e,1,0.9923694671717286
ck_db9ab346d5fb3016,0,0.1315259777420871
ck_7cb73aea1c1f8eed,0,0.1289155391012124
ck_9bdd5c7e729a33bb,0,0.6929712295118591
ck_d2ac5dbfe0dcba09,0,0.3535137125830181
ck_b82192ba234e3129,0,0.4801200143086956
ck_c348b01f3babb661,0,0.7152603602408314
ck_25c1f7183496f38c,0,0.05883528362799671
ck_f6bd1dbf52a3320e,0,0.18995965442566315
ck_4a6616f6626337cf,0,0.15160627684584888
ck_1fbf5fe6a94b0ec7,0,0.0891565397875551
ck_f12f1034870a156a,0,0.053815208549260994
ck_0030c4974c775756,0,0.821284372569756
ck_93f9adeb49a9abaf,0,0.5054211934209941
ck_363a14de4224b2b1,0,0.5164653621993346
ck_7e05ef5dca466e9d,0,0.7921679280703986
ck_b9713656a18cfe5a,0,0.658633901466231
ck_24bde940d24968c3,0,0.07238948775461762
ck_c3a6d9cf06302a3f,0,0.6825294632914776
ck_ace9a39e00362715,0,0.3339354200642244
ck_f597d4885a3b9886,0,0.6010034603347226
ck_e6f480981e92b6d6,0,0.5297183688146323
ck_ab7e0ae65711d7bc,0,0.8405614698459959
ck_316dcbc1deb87b21,0,0.4365457576623085
ck_fef5de6197936700,0,0.5234934656758813
ck_a80b44dcc9839ea5,0,0.43634495360820746
ck_d7591f4ce47f72fe,0,0.11335330428836442
ck_0943fee867a254b6,0,0.18082311430952186
ck_42584097c0c3f59f,1,0.9684736921292657
ck_f6b614b055c3e949,0,0.5242966796202714
ck_a6449220cf012dd3,0,0.2920679878654793
ck_1d77f58c8bbfaf9e,0,0.9347382597861537
ck_1a7177fe7a46e421,0,0.3025097422639971
ck_7604a1728accb7d4,0,0.3787144911359872
ck_d4ce4e3eade3be0e,1,0.9805219898794038
ck_663e7aee822bcaf6,0,0.5180717996182099
ck_2c96f2c3201d23dc,0,0.3441763688438906
ck_ed77021b84d9a20b,0,0.214457619033064
ck_c8fb9bca96d264fe,0,0.7734932424880168
ck_32ed00e2ae8e2b91,0,0.7156619851731721
ck_2c666b50375b8329,0,0.8544168892202749
ck_213843c8bd4d2ea9,0,0.17028095647925595
ck_6c48ebc56d2169d6,0,0.24598369395163425
ck_fe0f6f0044a23d79,0,0.8481919979306785
ck_ffa955f7b0d50e3a,0,0.3068270098438327
ck_d8661a492e8e0764,0,0.5216862418362798
ck_1519a2058d7a16cc,0,0.14889543908045114
ck_b07f3d6237e820f3,0,0.6765053752762931
ck_f4ee277bae6a0813,0,0.06275094313602343
ck_c09cc6a0a46e1ef9,0,0.8427703098525374
ck_afc2fda96919925a,0,0.5789151086933586
ck_a9ed555cc7115748,1,0.9726906088736519
ck_ba5059ea495f35f0,0,0.9088345733074105
ck_ec129a00a1b62ef2,0,0.39668635773220406
ck_a09faf1490e7b370,0,0.5164653610761252
ck_8e0a1be11d478f6a,0,0.46666621579298856
ck_b09f505305a5b577,0,0.15020065594359105
ck_2fee75908e146566,0,0.8622482076133333
ck_4a2de8f79174152e,0,0.7820273725154311
ck_cacdd0d6dd50ddfc,0,0.22248974091368823
ck_dcd0b5cfb4b04315,0,0.059839299547053665
ck_ea7e2fc30e60cc9d,0,0.8698787247366011
ck_1cf91a9f2b28fda5,0,0.5379512831528227
ck_f2ceb93c36cad8c4,0,0.2845378751494307
ck_7dd631763294e8f5,0,0.6815254493156858
ck_6229fae9abbd35f7,0,0.8837341889518932
ck_2df4aa128ef8cd0e,0,0.16385526100498385
ck_22099496d7434fd0,0,0.3521080898504155
ck_7fbb77beb4c3ac40,0,0.32891534028277736
ck_c72b894ed622783d,0,0.15763036671412706
ck_08898de1d223c4b6,0,0.21084316678295426
ck_dbbd234e38b4ce28,0,0.7194772242727624
ck_995f5cfcaa64cc4c,0,0.8186739312358099
ck_4bb60de74ca51def,0,0.838955051810811
ck_6a55658dc87ba527,1,0.9865461421286279
ck_821336e9fece1890,0,0.4127506015304695
ck_cdb2ffbe2709a976,0,0.7534129388186477
ck_55f170d48d20e102,0,0.9046176897064792
ck_a67b1cfb42b9c00a,0,0.15522073125830807
ck_6c11b4d822fbc4ab,0,0.5052203912102894
ck_6fd6cb6f432adf40,0,0.4443770773420397
ck_b6108c335920ce0f,0,0.4158630469940601
ck_19b39dc29d882a4b,0,0.6401600326365008
ck_86253ac4e9d2a62a,0,0.5596380187735138
ck_28cd8f1bde965e0c,0,0.5993970231571353
ck_0e2fc13396da5ecb,0,0.013654605323115026
ck_07f65a99b0377def,1,0.9616462754421748
ck_8d7b31c1a04df2cc,0,0.3377506719173304
ck_bd6221f6f5b23795,0,0.1345380196123669
ck_090f7cf2e91eb96f,0,0.6815254490327095
ck_58193e793a89d9f6,0,0.3732928096404975
ck_9f00d1dac5b9a846,0,0.7520073194498299
ck_291f3fa64f0bb6c1,0,0.34156593033573046
ck_591a587660989f25,0,0.20371466140877992
ck_410db9900cb03cfd,0,0.88172611792179
ck_008c77da0cd7545d,0,0.6102403726595983
ck_db13a3234530d763,0,0.469477458169486
ck_d89beb69f9851a6e,0,0.18694760945930347
ck_9f19dbb515f430fd,0,0.10481917383193035
ck_ed18e6183b3abd8f,1,0.9544172248351361
ck_8fc3e14e63b73068,0,0.32630490036181226
ck_560639c53c020696,0,0.2433732541803899
ck_1d43d3c808ed832a,0,0.6265054196106615
ck_9201aacb1315b5c6,0,0.24789132514451812
ck_54551bd33b36c23e,0,0.24819253032429375
ck_2dab1d46034283d8,0,0.5648588895215455
ck_0e5c90981aea921d,0,0.6542162555544375
ck_f226166ff72181be,0,0.3812245267309696
ck_db369db28d9d53b3,0,0.6600395364967381
ck_cb5de8e45a35bab2,0,0.13865448184638113
ck_d9f467bb2bdcd596,0,0.7947783687626958
ck_cdd0aa005f96cb1f,0,0.2899595563887621
ck_0eb1b0c3b3d18629,0,0.3517064821628653
ck_efc535bd5bd4a7af,1,0.9532123609300046
ck_8d353d19e8a0c932,0,0.7398587311422309
ck_d3a6c25b9d01be9c,0,0.67329252546868
ck_9a2e25e48f023073,0,0.7684731664138977
ck_662755c0cbccb767,0,0.684939100693963
ck_08ca9499dd1eab93,0,0.24929694358942728
ck_570e422a71b497ac,0,0.5134533142512974
ck_abad33203c68fd57,0,0.6965856770513212
ck_ddc2b320ddaadf3c,0,0.1805219129584236
ck_58961a2887bc9004,0,0.4005016166895475
ck_2a4af33b2c4644dd,0,0.04708830684848118
ck_39e312bf7cf25f54,0,0.7040153895966492
ck_26c51284f9369878,0,0.35361411504489537
ck_5c8c882a26f391f2,0,0.32550169338272955
ck_f5a8c330976e9b42,0,0.2945780234671263
ck_4993d83d8637fba0,0,0.5530115099632791
ck_7e0c88fec936a716,0,0.6734933284333625
ck_8c8147986203ed85,0,0.5900596675624455
ck_b1872f9ede6eb268,0,0.5873488262047692
ck_0fd3144e15084c86,0,0.3634534652809441
ck_43d2d458e21c7e8c,0,0.55060187290739
ck_16f48f55c0f025bd,0,0.756224195971367
ck_4c9caed4751ff411,0,0.19497972791870613
ck_0e62ea0a2788ce19,0,0.05130517074969253
ck_30dd1eef3f501864,0,0.1624496412204636
ck_81990a554f54fc5f,0,0.4477907284692371
ck_8f3e4a669e524d84,0,0.49959791165345724
ck_7045db21b64f1acc,0,0.9375495190170525
ck_71ca9e4d53a1704d,0,0.7317262132744122
ck_966d801b9f412117,0,0.30301175272458397
ck_2331ea2f0325799d,0,0.6082323459798216
ck_98e7cdfdbf7f5f6f,0,0.34497958286620006
ck_0e1724d81b119f61,0,0.06626499510610433
ck_73aa0dc74ec54fe7,0,0.6353407504123357
ck_73311daea7e3e293,0,0.3801201107470926
ck_ff7d1e7bbfe54885,0,0.42269034971354297
ck_b04c8b8f2e59f6da,0,0.44518030184899726
ck_4d7cffe55880bec6,0,0.053614405696492444
ck_49b2f9b4dcbfde12,1,0.9369471429601888
ck_40e430f44a1fde30,0,0.8473887761029656
ck_2c76ab3e8745f46a,0,0.11817257458857446
ck_738b57e60694f65c,0,0.6961840748432613
ck_4d155ef4383ef077,0,0.30080291607938525
ck_bdc4b82f71213b72,0,0.3973891707296629
ck_b49e43714c650d14,0,0.6162644636993418
ck_72ca0d83015a0079,0,0.3122486890975119
ck_bc2f1adbaf490873,0,0.5708829851906072
ck_a00b28df99a39ecb,0,0.24056201870989335
ck_83563c89f7016f7f,0,0.13734926549856907
ck_5b4f33a4cec28afb,0,0.7208828485120247
ck_1587bd602104023f,0,0.05010035308983058
ck_6217a86982c7693a,0,0.08072281283607766
ck_bc9374f83a9a9c1e,0,0.46987906255746476
ck_eb3ded8c63c64ca7,0,0.42379476491246715
ck_067a41ec83af015a,0,0.37369441201749887
ck_0557c7c63d91597e,1,0.9393568351824596
ck_c484efb3f1983c27,0,0.22088331984896772
ck_294379bf96b2fe40,0,0.2026102424959073
ck_d7c05603e6fbe190,0,0.1634536577201998
ck_100d056f8313cbee,0,0.6425696656895539
ck_2abaae7ccf220307,0,0.49678666406689065
ck_6afbf119baeb210d,0,0.4734935140550178
ck_c9494085c90a3f36,0,0.4509031728860512
ck_f3323ea5a7afbafd,0,0.01074296138644827
ck_bc6eed09c26211fc,0,0.6005014243342539
ck_7e040751c786bc14,1,0.9343366544036378
ck_2fc716f8b6832f50,0,0.6554210811271248
ck_7afdb367e94c3f53,0,0.13313239909734492
ck_6b35c50b29c6ab81,0,0.5608428313523007
ck_4557dbd10ed049c0,0,0.9126498512941789
ck_c4b1097c8a70fc67,0,0.8128506426685652
ck_a4e32c62621a981b,0,0.5533127167821226
ck_756667f4cb19bcfa,0,0.6158628609294703
ck_2f6a6502d678ffaa,0,0.6008026301255721
ck_29bf1c545cb10540,0,0.6392564170391257
ck_0111475d66739043,0,0.14397576281837135
ck_504a676a332a90e2,0,0.19919659133209833
ck_6dcfff696be8f546,0,0.14397576320066582
ck_4f502f64c7a3d36f,0,0.08504007704281788
ck_4bc2d9c575bb37d4,0,0.03765056519183124
ck_4356f15ca971f2d1,0,0.32098362301457456
ck_cd5c96101f4f4f4b,0,0.93072225642033
ck_140f8a612118898d,0,0.017469862719092333
ck_18990d7840535250,0,0.6038146779915176
ck_a8d7965e73d91d4a,0,0.5692765611561879
ck_3beb8d197724bb5c,0,0.7528105321000528
ck_bd5c6ac1e44af64e,0,0.7911639194715537
ck_03cf45e206dfb735,0,0.5154613515686388
ck_e9c9098a25693804,1,0.9337343296245462
ck_760cde5e1a3f8363,0,0.06867463183726974
ck_c9a03b8e5537a45b,0,0.4333329084858389
ck_373bf0fe748c9287,0,0.640360827597977
ck_b6c7b68090407f24,0,0.031626475815258896
ck_836b5e2a42894e57,0,0.21927689458113886
ck_9d5529f1bcf22e6b,0,0.34176673678563074
ck_c0bd2d57dbc9c6f7,0,0.5202806178120211
ck_92a1128207ae722e,0,0.505822798590451
ck_f582d28e564ef0ed,0,0.3060238012544559
ck_9437260e4c5fa4a0,0,0.5973889776097367
ck_e1450139047de53e,0,0.9570277063297695
ck_96f0f6f177f0dea4,0,0.16807212346971112
ck_06284a0603f76f9d,0,0.25311220105113075
ck_7b5e9cc9745c7d75,0,0.9110434123129929
ck_41df6ed8bea49af7,0,0.3959835497830049
ck_7cb6f4e0c171d2e7,0,0.5502002669403399
ck_109f03fac6eb4f91,0,0.3269073109203454
ck_d2380f8327deb857,0,0.0941766139829374
ck_7f475d9d9b714914,0,0.4785135945005331
ck_492df5ab3e5b6129,0,0.06777101822530639
ck_9a7ec72b7a9c1558,0,0.0449798766014985
ck_d7761837dde3e420,0,0.4931722088096944
ck_04d33a5bf895e217,0,0.09618464431581816
ck_4183867eca380e92,0,0.8987944312026476
ck_6758a6da7ae9da74,0,0.22560218816929756
ck_0c62a9193e4d2468,0,0.760641855842597
ck_d280751497dcd26e,0,0.5441761908692633
ck_2289021485da84fd,0,0.42509998791058234
ck_7f12b087e2d8e3a2,0,0.7572281947585605
ck_6ca4d973f383095d,0,0.37349361580298196
ck_4fbf1a7ddfb4b3f8,0,0.9002000157672665
ck_bcd6300d4f3c7820,1,0.8640554480076666
ck_89a1b59ddb77bf99,0,0.5405617264459167
ck_d25e931d8a4e4e04,0,0.5936741215734704
ck_cab920ea96bbea5a,0,0.7943767726243701
ck_44d1728049fcab31,0,0.6646579950283273
ck_2cf6dc65ea0b2de3,0,0.39518033730954205
ck_3e1b514dd437a922,0,0.3877506356699212
ck_fabbabdfb249c7fe,0,0.09246978836724432
ck_2ab0bdf57f080d93,0,0.8658627145893689
ck_b0e7e41377701da7,0,0.7604410432301046
ck_f59d14b12c7d5b19,0,0.25843348110425945
ck_b31b58cfda04d80d,0,0.5279111364742012
ck_8e09ed97f3bc42f8,0,0.12710830925879946
ck_4eaddc69460ed865,0,0.9399592221600002
ck_19fc818f5e77be7e,0,0.47078267486941355
ck_8fc828c89bf3a013,0,0.5612444333438235
ck_a77cf3b06ed6d499,0,0.02891563431897144
ck_ad11ba3f1a02f619,0,0.590963281453309
ck_404f697aa8b49a3b,0,0.24538128742973656
ck_a6c934e4f9c79e0c,0,0.46566219516302526
ck_d9d7b1234da63409,0,0.616666076206443
ck_7e29effd7e433687,0,0.4628509594315654
ck_1e958733ad811d1b,1,0.9819276343848258
ck_dd81ea6cd8645623,1,0.9773091399273478
ck_13b0b8662e49954e,0,0.5855415989135238
ck_9dc8881b1441b0f4,0,0.8606417890060754
ck_10d14ec910abb628,0,0.851404840993774
ck_547b9bf9be598d0d,0,0.47831278440107716
ck_6ed71d61110685d8,0,0.8267060567743787
ck_9f5d581e9c7e92b9,1,0.985341298805087
ck_e10931d979f0f250,1,0.9473890136217293
ck_2c7d37ab459705e4,0,0.24829292801709316
ck_83c4c59717f0e068,0,0.829115700852166
ck_5732c81982c2d624,0,0.1905620648756418
ck_f65d47bf6d899f14,0,0.1074296137627613
ck_d85c40ba22404f5f,0,0.31285110431009866
ck_3978ffed22093584,0,0.9421680435208484
ck_682feeb0cba8f025,1,0.8704811504837496
ck_205cddc08dddf4b4,0,0.3244976744774131
ck_0ff1b41aad68c374,0,0.2859434947356946
ck_4a696495c9a334bc,0,0.8512040506758802
ck_850e61188c3a99cf,0,0.7114451007252972
ck_0edd87cad6dd0af8,0,0.5779111081219376
ck_683279df072a07af,0,0.5933729173996757
ck_d846d4e4968f0fbf,0,0.41184699570340055
ck_a902ebd39b11457e,0,0.1057227867494059
ck_09ff0326cec108a9,0,0.2192768968015967
ck_16bbf9b61d3891ee,0,0.43443732597109874
ck_7e0d488a05e03ad4,0,0.36847353606658717
ck_49b3abc5c2421a9d,0,0.8327301479838983
ck_8fd3ea4786adcb11,0,0.3767064569712713
ck_e30fc37057d1a5b4,0,0.3154615408254413
ck_362b2b3436dfb2b2,0,0.24538128670961507
ck_a142b7a3a759fb37,0,0.5664653186104001
ck_2f16275fcddcf230,0,0.8909630941008456
ck_66e206a8c9a2f444,1,0.9658632142857303
ck_1ac19ebf03ba46c9,0,0.4277104252913409
ck_9f22eed47f0521b7,0,0.3074294177741278
ck_f1f6841f6e97ad82,0,0.7658627262586916
ck_c1e1ed1cbef155cd,0,0.37379481367870604
ck_9fe31c01600b8402,0,0.8461839634503143
ck_5947f757779dc683,0,0.3263049074946168
ck_870bfcd258cd3286,0,0.16927694281009878
ck_0f171188a32efb4e,0,0.6040154782593428
ck_75e149d8c2ee775a,0,0.5265055129371258
ck_1a9ef4d41f323158,0,0.862047421661518
ck_d6b3b69594509cf4,0,0.6010034378106462
ck_702f02944c28fd8f,0,0.17259019401426284
ck_26270bb321e7e673,0,0.780822568308522
ck_57281faf7f5f69ea,1,0.9993975865943867
ck_e2f84f86aabc74ca,0,0.5395577070860625
ck_53f9b8a803946d80,0,0.28413627366248434
ck_375a6db0d55553e4,0,0.4176702759971451
ck_843aca3825a5a8c9,0,0.27389531310232845
ck_2b06f20fc9270b19,0,0.3537145132388432
ck_f38f929361ddf7f1,0,0.6682724495147959
ck_40045fa7405ea4f5,0,0.23353391113744573
ck_79c14f9c8233a4ad,0,0.018172673380530472
ck_ae07e097e1074691,0,0.47991921390278997
ck_3a4c9ef31e75ba22,0,0.08212843387635389
ck_4bc20d45070445d9,0,0.12750991540223894
ck_39f23b33cc703872,0,0.4903609668574627
ck_72034a34eb169215,0,0.34477878248891985
ck_687eff40d79eb9fa,0,0.20040140818801616
ck_4745a4ef705d1816,0,0.3589353920276105
ck_7992b1d51f7d94b3,0,0.12359425495293495
ck_b5d82d650f2f8479,0,0.6116459965002163
ck_489b2362f0846b65,0,0.7377503085539634
ck_a8c4ca76e714e0de,0,0.4721882977383259
ck_60669c5cc7bdab06,0,0.9477906013371906
ck_afe940c75ca49ea3,1,0.9606422596088948
ck_1be1ef69bbf3fd6f,0,0.23975880235799646
ck_de66dd7293562aad,0,0.7702803938890801
ck_f5d5afb84a018d85,0,0.801806475994687
ck_ce5bb22ddefe6cbf,0,0.38273054792058236
ck_a67a30de0c94becb,0,0.7949791724512101
ck_73a4d982359c34c3,0,0.4054212939787294
ck_df99392eb9c985fd,0,0.0651605793076347
ck_749654b33e0f0557,0,0.12510027819595346
ck_7b3ceea110f54044,0,0.2546182243622074
ck_828ce9582e152bdd,0,0.485441293181326
ck_e9f3fc2e90896ea1,0,0.20542148515845352
ck_a7123fd34c0923d0,0,0.6465857246181056
ck_a09746da214ec54b,0,0.34548159168117115
ck_59108a0040ff17f8,1,0.754216149597357
ck_f0f99fe335625cd4,0,0.734035448224528
ck_c1f419b025e66a92,0,0.4427706618490025
ck_e7c4060746954518,0,0.5859432083803419
ck_157726252c68bb02,1,0.9863453430954244
ck_39b8436f0dbb1e19,0,0.652208215496476
ck_2633b128c1153216,0,0.7357422876847673
ck_ff1ca3e7416959da,0,0.7851398358018936
ck_2209badb14899b39,0,0.4694774633443637
ck_298b3e9ea1c1ce05,0,0.13132517263971996
ck_231efd37ad0f7e60,0,0.8570273452252541
ck_f92943a9e978bb39,0,0.4431722643732004
ck_fbf5b095463564b6,0,0.18001990549406488
ck_2208d0a5d82708a9,0,0.9178707212249766
ck_2cba852e8243be9a,0,0.2530118010516481
ck_30ce25bac8bfc722,0,0.9291157390844059
ck_9571833c4f769e0d,0,0.7090354637552436
ck_be00861c20156098,0,0.28855393282608793
ck_5e0a523373dfbe48,0,0.6512041906454002
ck_08501256b8d40396,0,0.3381522822235305
ck_e44ee6ea7156926f,1,0.8132522574948838
ck_433e2f3aef8f2ccd,0,0.684135887252494
ck_8d3cfb78bccf8b3c,0,0.12369466017062233
ck_b555697f5822aa77,0,0.3590357931474778
ck_4cb38f0b62166341,0,0.6154612548180196
ck_e019b018d83c40cc,1,0.9863453505608596
ck_2d1a7752e57d2fc9,0,0.5222886487460385
ck_9eefe2d5950fd554,0,0.8244972257137313
ck_84539bcbfcf8550b,0,0.6287142553680508
ck_ca7f7b0d24c48432,0,0.9178707454010232
ck_2f71223a1acc3026,0,0.5342364270511982
ck_44cf0f593ea3ad36,0,0.6805214409503807
ck_3512c24430726b71,0,0.5672685243091696
ck_f3a1ca05517b3b6e,0,0.29658605267991944
ck_ea1bd9aeee5b560e,0,0.36746951956465757
ck_fe22da289aca641a,0,0.5357424492145786
ck_d6a3912a03f17c1c,0,0.2626503431313212
ck_5743a026e3b0b19e,0,0.46606380885366133
ck_5a689f2f6fe76065,0,0.056927655122929854
ck_49c15ab539f6dc19,0,0.8074289822992252
ck_3f754dd14a755202,0,0.6168668838951579
ck_0dbf6b3fbb9433d5,0,0.8606417858461758
ck_4077c8a98962e891,0,0.2405620147556491
ck_ccbf5cf37bbdc5ba,0,0.6753005531384342
ck_7f699f1ad9f13b6c,0,0.7004009343757954
ck_6114264a0d4df744,0,0.18152592761675584
ck_7ba58c4473240050,0,0.7931719886836531
ck_923ea55e6657077b,0,0.4694774542337338
ck_3a914dc1cf007ed6,0,0.24196763499177212
ck_f6f1dd5c90775aad,0,0.24387526273571777
ck_04011c45e5416fef,0,0.6411640443566377
ck_44f8b8f846d8153c,0,0.7632522911052494
ck_7d1544a3119a9cfc,0,0.665461209735587
ck_86e4e3c0d8a28817,0,0.05491962523663054
ck_858ca59aa3832daa,0,0.07761036558328803
ck_3990ee83b0b294e7,0,0.7775093029231516
ck_ccc94d8b39af67cb,0,0.39999960883202423
ck_8c2ba1cf91805628,0,0.47670637008805955
ck_56533c6732431f04,0,0.6267062263825711
ck_fc74883266bd43b1,0,0.23172667951302336
ck_a6e8bfb1e43ceae5,0,0.8455815714411423
ck_5273478a54f9f8c1,0,0.5230918589501313
ck_aafa155d6357c9a7,0,0.41204778821790333
ck_ca5226c28fa1d1be,0,0.24819253162110955
ck_48116d5dc730fe6f,0,0.20983915136035755
ck_e3af2155a1d59cdf,0,0.6650596036172238
ck_5c9e4273eb64437e,0,0.5336340184099865
ck_8a3fccefa085b044,0,0.8656619288556142
ck_cd31219ec4ea3c7c,0,0.32771052099764164
ck_955032e035b329f0,1,0.9767067285579898
ck_bd12da57181e0abf,0,0.6142564326648098
ck_98a296dd476eeb7d,1,0.9738954501022288
ck_e81e61bee02c52f4,0,0.2263049986530872
ck_df6d26f31b802ca7,0,0.8449791488459488
ck_f8d806dfdd0883c1,0,0.6512041936378511
ck_17d8712dbfaee402,0,0.39758997253739387
ck_7f4d843d9bcd6848,0,0.37369441711810886
ck_ded65bca869cbdd8,0,0.7596378322123537
ck_70ffe9dfb43b9118,0,0.1743974199025244
ck_b00c9b0b0d8cf0d8,0,0.5574291767540291
ck_162da0e84bc41343,0,0.4216863392495539
ck_da17c91511bfd068,0,0.5345376310916714
ck_51db3e3c2e724869,0,0.23775077003335374
ck_18014e5f3f9ea40d,0,0.04477907264122044
ck_ebd93c2cf4ecc44c,0,0.6795174187166746
ck_2501d4331022971c,0,0.8433727134027181
ck_00ba6a7b2dba1b40,0,0.6526098116840625
ck_6e0263a90d706408,0,0.4427706583183842
ck_34afa1258045de92,0,0.5285135475570977
ck_74d009f2eb926a79,0,0.19728896314680683
ck_ad7d4dea8120b0c1,0,0.2561242480859824
ck_a0729dd0f90ae4a9,0,0.7847382435734059
ck_0b5e26438b686e85,0,0.28393546742468445
ck_7f478ad6809683af,0,0.3085338332365051
ck_dbb26c3ab17454dc,0,0.4502003643560949
ck_983afbee2f6a68d3,0,0.9736946212727822
ck_10fffc4ece9f8bec,0,0.665059606765675
ck_d98287b784ad4d65,0,0.28584309246110284
ck_cd20537ff4ee5653,0,0.6991961144756031
ck_5b24b9c61d7bbad4,0,0.12168662697564636
ck_0e48fd9beb27a344,0,0.9349390585971138
ck_3058e9316c7715fb,0,0.5577303800244252
ck_bba91b5f10fd98ca,0,0.0708834640672036
ck_723d3ac8c8dc2e4f,0,0.5078308363094896
ck_206bc47d36e18ac8,0,0.1849395780251479
ck_236417cd7b8df4e2,1,0.9646583598544142
ck_191ff9f135ce8a66,0,0.755822582263366
ck_32336f1cd3cc45e0,0,0.5481922376572458
ck_443e7647258d4670,0,0.20933714388080124
ck_bfca1584f76bb82c,0,0.8190755395889542
ck_d29457cf6fab3534,0,0.3696783603392737
ck_c833d8404f0e7c9e,0,0.6046178938459721
ck_8519f4bccee6ca5d,0,0.2866463045004974
ck_2d772975821ed072,0,0.2052206860748077
ck_9091d509b87952bf,0,0.34738922199848127
ck_c8bf04b5ee7a3134,0,0.47530074393279775
ck_a23ab81e69fa7c83,0,0.9379511394761483
ck_d849b1ec07e04ab1,0,0.42750962277211674
ck_71500a280a9aea81,0,0.606826725074406
ck_291ad9433f2b1a83,0,0.4383529838278789
ck_81282268a9234696,0,0.17580304027334
ck_8c82826ff840c64d,0,0.36445747479563007
ck_9f8ff49471a9d673,0,0.6106419826532163
ck_cfd915fa064c2edf,0,0.7367462845790542
ck_6285638920f8f86a,0,0.09809227296777448
ck_62de08631948aa38,0,0.33052176773837794
ck_e47d3b4a31a609a1,0,0.3112446837728892
ck_08b654004584cf68,0,0.18232913804332115
ck_3f2e209675ab66b8,0,0.5321279951267504
ck_3124f2aab51ea1db,0,0.285441485268495
ck_e9bdd55d0288d41a,0,0.41767027492575337
ck_e74bde9774bc59d6,0,0.2959836470989766
ck_cf1a38f97fbcc2ba,0,0.7765052913790625
ck_8cabc966ab1ec35b,0,0.14829302623970847
ck_65ddc0f1594ddbee,0,0.3602406106231166
ck_7b8bd3cc475b31da,0,0.2882527325676486
ck_5415b9fee7cdf992,0,0.4892565501457904
ck_05a29aa728a933c7,0,0.5805215283546273
ck_cf609dd183d35556,0,0.10742961301539965
ck_fbe4504a3751fa27,0,0.10341355273132381
ck_1cdc5bad8a070c2f,0,0.7281117560635187
ck_db6b001a628caa43,0,0.4582324890650844
ck_23d12b73918a7398,0,0.8042161269565501
ck_2b33bbba9149d9a0,0,0.28162622940771215
ck_21e8091daa2763d0,0,0.8817261384076271
ck_60d530e7325c853b,0,0.8057221437743878
ck_71640e5030f0a218,0,0.5255015009630898
ck_445f26cc90df351b,0,0.5604412224163756
ck_c0f871bdf733bfa3,0,0.23855398166365246
ck_af1dd87c5c73403a,0,0.029518043433660664
ck_d14ff04fa9b55081,0,0.32359405969344984
ck_6c47803f6bb884fc,0,0.5947785485698999
ck_62de81901701dd13,0,0.3220880375632981
ck_68f08e620a81715c,0,0.047188709421771696
ck_bb9f60f27859ff56,0,0.3937747164389184
ck_5743d50d64466f9d,0,0.9178707197967638
ck_fbabc024941df89a,0,0.8431719077783709
ck_8b3d367aaae722e8,0,0.7712844142499333
ck_1b80d8db4c8e7cc3,1,0.9688753062189605
ck_c460d5dc8ccb835b,0,0.18242954004192855
ck_414ee5ee1d3f8fee,0,0.14176692857018225
ck_083951c0c3a5ef58,1,0.9706825637913141
ck_52b3735289bed064,0,0.3315257861812961
ck_2308673da9ecc6f4,0,0.6062243126899208
ck_170fdaff46aeb2bf,0,0.2168672598840283
ck_826f9583fa661099,0,0.6214853451284076
ck_ef6494d59e21a827,0,0.9158627309591956
ck_0fd1ad917e41b7a7,0,0.24076281441074004
ck_e2f0810f1555b4c2,0,0.06686740490348399
ck_5e76c7002c8e8263,0,0.1455821883051328
ck_77db8c259e9d92a9,0,0.8767060392882836
ck_8dfc0346f3c8ad59,0,0.8172683193946632
ck_df123903fa1dd8d4,0,0.12429706723643316
ck_8dd673d14f80c4ce,0,0.47630475646089826
ck_d6efb0ed2af86270,0,0.7359430728638248
ck_ec4607f4f7fd083f,0,0.8279108797123842
ck_97265605ad357639,0,0.2360439453381681
ck_8c30e1d71d8a7f55,0,0.7785133296178534
ck_ab471ef934f76e18,0,0.7279109530774096
ck_d867f83839b31418,0,0.5158629494219582
ck_d1fc1faf36391e6d,0,0.6010034319997113
ck_b94c56a4c40acb7a,0,0.1548191245936131
ck_91311cbb9df588ce,0,0.07640554818905548
ck_83149e2092ca9c87,0,0.5550195412699658
ck_7efebe3e111165a7,0,0.16365445905407847
ck_c04be21eb40dd69d,0,0.6920676080554181
ck_0b8add9f5ad25836,0,0.3216864302014644
ck_1f694c620cd47b80,0,0.5580315854147591
ck_4be48135b8c29925,0,0.90100322605914
ck_d9d4d1fd77fc9c21,0,0.41877469037262877
ck_4a7836249113293d,0,0.7399591348640727
ck_b7f9acc810b5c7f3,0,0.5086340426676459
ck_0cafc9ed94f6b659,0,0.460240516331278
ck_23cc6577ffc4cc30,0,0.6588347045447032
ck_b1c3dbac93946d0f,0,0.37891530107784677
ck_749a72dba5246a31,0,0.460943325859638
ck_a3d407202a778688,0,0.9373487354800203
ck_f3d502d64b63ed5c,0,0.13473882335840795
ck_9872bf8fcb63eff1,0,0.6550194496425784
ck_3de58bb881af9b79,0,0.5837343720142752
ck_e8ce96c63facbe9e,0,0.7512041045606306
ck_0e7634c403dada74,1,0.9746986727279126
ck_5b02243a462b8465,0,0.44176663605747624
ck_d4ac81e23949466f,0,0.029919649412495718
ck_bbaca5f5f9c82eeb,0,0.5865456145050966
ck_985ae851040a14d1,0,0.5467866220327375
ck_c1f93358022fbf60,0,0.23172668168487118
ck_64bd761cfad1134f,0,0.5967865747713037
ck_84384a97857ee9c7,0,0.26907604080462144
ck_d8cf9e9cb710a8bc,0,0.5887544548356138
ck_22e215a44900467a,0,0.2566262559712225
ck_b87893c22d5545d8,0,0.18935724384174996
ck_d208fcb57f9d6ece,0,0.0666666018469894
ck_92c7ae33b53c59e4,0,0.7728908329685562
ck_d752aea5845a1c87,0,0.9648592072316389
ck_ceaef25cdb4c03d7,0,0.5295175556375158
ck_3c735f22102fd78f,1,0.996586341748191
ck_a856e78166e86a83,0,0.6311238957835177
ck_39c00b2d26ca87c2,0,0.92610367395467
ck_eec0a9dfdf83db78,0,0.5407625369367455
ck_f1a360d69d9fa120,0,0.5026099508238374
ck_23aef62748b69560,0,0.47289110495614606
ck_84cd7b8035c9caf3,0,0.3014053264329661
ck_52a59d2edc034ffd,0,0.30722861764619047
ck_a6cb3cec57b92133,0,0.6698788866807472
ck_42795e748a110044,0,0.3598390039289923
ck_4b621cfb6259c7fd,0,0.38333295874204265
ck_b96a4c730bd43177,0,0.22791142434002737
ck_3de52eebde5b121b,0,0.3908630746280838
ck_0b58958851d1d30c,1,0.9977911613907704
ck_df03afce252ca82c,0,0.6626499685801759
ck_0b8d682d3a58c7b0,0,0.8987944052186393
ck_c770dbc320229269,0,0.13825287686241866
ck_05aceb3964905dbe,0,0.7272081390340563
ck_987a4e86a7ea26b9,0,0.1921684858408821
ck_8eb55ac3c9bf411f,0,0.548995450789524
ck_099610768d5c996c,0,0.7524089209552433
ck_e3268d49cac9246a,0,0.8961839612019845
ck_463fade19ad3dbed,0,0.629115856310767
ck_085c310833e9ec85,0,0.40411607171774033
ck_719d30b78dba8b5c,1,0.9885541864822639
ck_c9a5cadf2c42cdbd,0,0.48353366317578816
ck_a8bca29aea1ce07e,0,0.10612439486008102
ck_d028a011fb876189,0,0.6987945095067395
ck_014108d4ca959a1a,0,0.6524090072119018
ck_fe95dd5bbf9e5bad,0,0.3588349919250362
ck_876ecb084c9f77a4,0,0.47610395773921366
ck_2b2257a0f137306c,0,0.3125498960610364
ck_136a2d30f49c1acd,0,0.1682729320614186
ck_aa061ef3fb3e7c50,0,0.6718869097179406
ck_9c03329cd4af9877,0,0.19357410685566742
ck_cff669e3eb4ca07f,1,0.7532121361858933
ck_4603dcd0508547ab,0,0.9562245111305953
ck_fad05dddf69b6701,0,0.21787127188571287
ck_c971dc619203dd45,0,0.8544168831513621
ck_3a9426e53851e21f,0,0.03995980026815441
ck_3dfef858ebe96ec4,0,0.38473858194822363
ck_1a276066962f72ae,0,0.30712821275787394
ck_5169bd0345e95a1a,0,0.695782462939598
ck_851f9a6fcf753490,0,0.5327304259941321
ck_fbb7657fc4c5c4a0,0,0.5943769329024753
ck_01e1cf9dcad46153,0,0.4094373576102539
ck_13a0e3276faec9da,0,0.4514051800405901
ck_1b7b7fec6ac50fd9,0,0.3449795849295777
ck_bb24de314fee29d4,1,0.8586337539191845
ck_70146f07083e1408,0,0.8297181027260724
ck_937435b7d46d60fe,0,0.267268816077346
ck_a456691865600117,0,0.5682725442759495
ck_63ddd075b2d1daa2,0,0.22138532350972054
ck_d8cd050053ede4df,0,0.423895170761199
ck_04c6857ae8bd7da2,0,0.576505465758628
ck_9b2f90a1f23853fa,0,0.1384536798494389
ck_08077e7333abf471,0,0.5024091486503499
ck_f315f2c6df3637f8,0,0.9088345744021331
ck_7f60c9bb4fcbb5bb,0,0.2035138566982006
ck_ef0a94189a98ffbe,0,0.661846752902308
ck_cedd17b2dc96fbc2,0,0.5728910104721913
ck_266d7c7cddd93b3e,0,0.9232924252801347
ck_889a08aaa4f1b00a,0,0.5574291778966234
ck_d9178140006a5164,0,0.1390560895694144
ck_8a9f03b826130e40,0,0.9092361828925298
ck_09765119ee9ca37a,0,0.0992970907142632
ck_4f70ec652a0ceaf7,0,0.2586342849794065
ck_1309527184e3cfa9,0,0.1548191239664715
ck_e09fb6bb2813c73c,0,0.904216086664752
ck_62e3365f5096032b,1,0.7795173335045985
ck_b69085d042f52219,0,0.8050193240733926
ck_93dfe77ff47b93b0,0,0.6875495470500527
ck_e84ec60bf0bda3ac,0,0.4744975299637746
ck_e7111094cddd1887,0,0.38514018493295693
ck_a6c191e7cbf8e984,1,0.9399591850035305
ck_b4b5bc5e277ceb51,0,0.28594349628943566
ck_43e9041cddea30b6,0,0.7827301941514268
ck_aacdbf47aa9a639f,0,0.6608427343982318
ck_f464aa12ae69d125,0,0.3050197828661339
ck_4d2341e9373fe50d,0,0.6006018280120472
ck_4b77a4330585f441,0,0.42650560547381544
ck_b744c08f5c60868c,0,0.04236943640126379
ck_26cddcbf211f97a3,0,0.1782126771931806
ck_dae77cc077683f4f,0,0.483734468450264
ck_6a5d7b40399d3204,0,0.6216861436687244
ck_fdc84bec9b5e9890,1,0.510039662981803
ck_89b1789d3d0b5c1e,0,0.7038145948386272
ck_0bb0abe904d682ab,0,0.7271077387002127
ck_4faebd8a7036713e,0,0.047690716545810204
ck_644e8dbc0d4ec8ea,0,0.02600399083507789
ck_16ad474f02026715,0,0.6540154333071855
ck_2a018ba31cc2ec43,0,0.020481907761226246
ck_b30775d64f3b7496,0,0.2487949372168433
ck_da9b137365a4915a,0,0.9058225169687665
ck_deb870dfdc7e3f90,0,0.8407622824897353
ck_34dc78596cea3d08,1,0.9969879335236597
ck_a490e181b9c08dd6,0,0.2943772244405542
ck_5ee663ddab0d79a0,0,0.18152592606887477
ck_4c705b9253c54cbf,0,0.38012011202921947
ck_d7353f2eedc3b031,0,0.13052196287141177
ck_4f1496659891b976,0,0.47329271086278857
ck_4ab085ef4f2b285d,0,0.4459835006930007
ck_f42b65917c2d3ce4,0,0.2205821151564372
ck_03af300b2ba6fbe6,0,0.8548184923748436
ck_715c4994a60bc193,0,0.7316258092249559
ck_38b93307906aa2e4,1,0.9413648233765414
ck_9c49cc857f60e926,0,0.4062245035807104
ck_cca4d776730daa13,0,0.4720878980639056
ck_dc9fba60fc9f640e,0,0.6220877524849249
ck_28c310553b912f40,0,0.12811232492081587
ck_866dfa54e20ee6da,0,0.8285132915946102
ck_7083f4eb1f46806d,0,0.8676698971025765
ck_9302a9a6507d499f,0,0.10351395497977427
ck_89eb7b427d11109a,0,0.8789148721542819
ck_cb3ee3873f87c78e,0,0.2801202069506164
ck_10bae9d1123c86c8,0,0.7078306456229878
ck_09a8027008a9e4a2,0,0.6817262557329176
ck_9a2dc6eb74f1d1e6,0,0.4885537520034279
ck_116a1d84cdc7b7f2,0,0.5314251844280184
ck_ebc2cdd8c45fa7bd,0,0.27911619108953983
ck_3e47276cd03cfa10,0,0.9257020938744903
ck_1d10796bbf849631,0,0.734537452536104
ck_30ebc10920f3213c,0,0.38493940371850904
ck_51bd1882e2b1531a,0,0.14939744326680085
ck_fd8715c70b41df4e,0,0.2499997557508955
ck_41be9f1ae908ecf2,0,0.7857422284319314
ck_bc5c11a5a4e97924,0,0.7212844512451168
ck_8472f721d77479f8,0,0.02068271073487542
ck_a685818756784fa4,0,0.4236943676845607
ck_9b0253de2485c603,0,0.4849392849777965
ck_e3bd63c0946cc79f,0,0.3024093440930457
ck_10d0ac1962fe2845,0,0.30491937888293746
ck_fbbaf769e7c9dd24,0,0.7777101071838086
ck_00fc4e4bf18b0742,0,0.018373475946825753
ck_a137769490109173,1,0.325200485580376
ck_0fae4280b838f4c3,0,0.8399590733443398
ck_7673ab32e3672d29,0,0.41767027487651576
ck_01ff70d3f7ab6178,0,0.4331321077929914
ck_ae1607d749ca55e3,1,0.9483930139625998
ck_6247bf924b07362a,0,0.3453811925417273
ck_753a4e6429d43788,0,0.7801197455801823
ck_6c230a1a99da2f38,0,0.19497972685198342
ck_16d8b7bdadcab77c,0,0.4068269146272584
ck_b724c312526546ca,0,0.49999951197976716
ck_cc9142f3cd5557b4,0,0.8441759304542836
ck_f12f9bd70f2cbbda,0,0.647388951894977
ck_d0d318e0b0fb25f0,0,0.5526099060779182
ck_1c3900fef381cafd,0,0.6237945764048111
ck_4c223c43f7107bce,0,0.25130497656408796
ck_4ac094fe4661df52,0,0.32048161263994773
ck_d2af8581ce9a6268,0,0.0947790239594681
ck_b9841c3ef61318e5,0,0.49196739844843324
ck_bc022b2af83ed9af,0,0.662649967465882
ck_e685865a0d96cde3,0,0.35893539029655797
ck_41cc84529ef926ae,0,0.020281104854222836
ck_eac25400c37f6ffd,0,0.3417667402864186
ck_c93647c553993dc5,0,0.37931690182405214
ck_d274382b19488771,0,0.9154611098389936
ck_f0f7f9f7e4b6f068,0,0.7512041174617264
ck_44488aee8b9bfb79,0,0.09618464559141096
ck_b76577cd4476513c,0,0.5351400544229514
ck_82be9650d12d1011,0,0.13413641546759572
ck_b16a960cd6f59137,0,0.7415655616294027
ck_a947e5005804b8cd,0,0.29377481521436205
ck_8fe64110de14de7a,0,0.3345378244816606
ck_579d6c88735adc2c,0,0.6030114625944529
ck_353a37919fc0a751,0,0.7833325925679488
ck_5fec2d8f9bfa26c5,1,0.9823292398988371
ck_866bcbef2e9ab14f,0,0.7742964624714292
ck_a8ee9b23f43520e5,0,0.6536138346996526
ck_1f8a14ac81722dab,0,0.11064246088126546
ck_1be1eb300a3d2704,0,0.5381520898226814
ck_020cec00cd7cd69e,0,0.18594359538430796
ck_20c5b7e4af6583c2,0,0.4767063650155396
ck_7e7cb6229db64665,0,0.5259031010770366
ck_5bee3fd5d2e921a2,0,0.13925689077776654
ck_5c45cd9a183bdb27,0,0.8415655006275838
ck_b3066e725d0f80f6,0,0.6817262502090953
ck_d949a2b73923fce0,0,0.7805213677734283
ck_55eaa8487d4210e7,0,0.29016036540473467
ck_22ec4a22942c57f3,0,0.806424946549709
ck_779c3b20f53167fc,0,0.4875497278580753
ck_d39c2719fd8de098,0,0.13373480874519791
ck_aba91fe84ef5b0df,0,0.5139553244689902
ck_68539552caf84459,0,0.1769074612930043
ck_d2d48e9f1fd4649f,0,0.09176697808910295
ck_734e3503c2dd5c14,0,0.2666664073053663
ck_39160706a834759d,0,0.6835335051014174
ck_cf37fd1df209e642,0,0.19036125919635535
ck_7f28297cfa7cd393,0,0.6293166597016859
ck_1c5e390476ca993c,0,0.34277075474322993
ck_cdd002ed37c3e5ee,0,0.7339350457132291
ck_78efddba0b9bc34d,0,0.48875454203787605
ck_ea51b051e74eeee6,0,0.35773057964341265
ck_4997f073d6b0fd97,0,0.8750996238575747
ck_99144ec124b5f7e5,0,0.7347382622183845
ck_af34ed2cdf5c356a,1,0.9869477437527984
ck_70701b5a7c629c79,0,0.30080291616933813
ck_df5f16e03f953e6d,0,0.4483931423558311
ck_b9a0d17c59eb26bb,0,0.061746926821331864
ck_39cc11f14072ce38,0,0.3741964213678867
ck_a01a834f93f382d2,0,0.3502004600223028
ck_bb2e35e01b5f5a39,0,0.5255014963368663
ck_d0c48fa7508fe84f,0,0.6865455255417234
ck_b31fa9a0b7f16a87,0,0.18283114658437172
ck_6eaffd579a4c9cb0,0,0.6724893125722656
ck_c9fedcde744ad6cf,0,0.5461842065319024
ck_280cbff3e4b97fdf,0,0.28333305442608725
ck_f7828edc1b4d75bd,0,0.03253008891852165
ck_af8670a0ea348035,0,0.30913624558846275
ck_3ef3ec88d2fa347b,0,0.4467867112178934
ck_ccdbfcc1694c6cbe,1,0.3969875636605685
ck_bdaabf9d5ea08e6f,0,0.5708829940667345
ck_ada534a3dba6c624,0,0.6481921475367992
ck_a04466f511ee1f55,0,0.3795177064373838
ck_e1515806d35ef739,0,0.663653978573192
ck_577c77c90306b66c,0,0.21526083295480003
ck_33a8fe3bfbd672e5,0,0.9222884053029704
ck_4e71993dd0190148,0,0.31244950331106464
ck_1019b020319f9156,0,0.6465857406669469
ck_d2a0f830850cc421,1,0.996184731597743
ck_6a16e62f730becdc,0,0.3580317790783984
ck_9d2feff0a5d23a53,0,0.8074289633269687
ck_cc66ded4ee26d8ed,0,0.7608426523859283
ck_ca67c8f4d41770cb,0,0.7266057333897467
ck_5bf602178ef55cdf,0,0.8279108805401991
ck_7dc7ec9c8ec71b9f,0,0.7176699988568954
ck_2070cbe2902403c1,0,0.49056177405433143
ck_3073d6842d4baae6,0,0.5951801440532505
ck_8efd6b0141a03282,0,0.9461841289900973
ck_f1e67d1413873ef5,0,0.8014048666351473
ck_75245552cac92eac,0,0.30963825059193767
ck_6f2d7f7037d8f416,0,0.032730891758725934
ck_8a97850d66a8a3e1,0,0.23754996741854859
ck_cbc85aa5cb13f6c1,0,0.20622469786670936
ck_50c19550d084ccbb,0,0.38443737571868564
ck_37d99ec8005d1a28,1,0.690561603340248
ck_20138e5dff1e1b28,0,0.17479902406085873
ck_a7aaaeb19e8617b0,0,0.6367463753661852
ck_2f86c45e522e6aa1,1,0.6345375385802415
ck_dafa33d55072a3ad,0,0.5307223764311529
ck_94bc26e5f1d74538,0,0.9644575635774477
ck_9f2706efa9b0143e,0,0.6951800578387418
ck_151cc1dfcf155202,0,0.15371470778155813
ck_9b4acf868c292096,0,0.5140557247192277
ck_cf3df2659f2c915f,0,0.39357391251887175
ck_2f11d6c863c4311d,0,0.41365421373176514
ck_2a50e86b8d929888,0,0.337635399120723
ck_4981ca1c563f4fd6,0,0.3501328271004997
ck_67d4313ed2ed5d0d,0,0.12425720278154434
ck_a5d452dfc9ed5c9c,0,0.26388009564209214
ck_1bae08564d5296a0,0,0.24605589524712232
ck_3dc3c63f28ca1b3d,0,0.5595159477339595
ck_bd49fd4e2d27d531,0,0.6252811036459454
ck_d1d6b3720a55ae05,0,0.30598208039130537
ck_88bf0864408d4d1c,0,0.24984609705675562
ck_bcdde7a5085ae8a1,0,0.01526325101918937
ck_e2953eca4db8e4d6,0,0.09700871410591032
ck_849da768706d61f8,0,0.3556644792778204
ck_c3731e090129cbba,0,0.8783028546247912
ck_c10b84f7a36fa388,0,0.5105506183978761
ck_2b2433c64efb00f5,0,0.34326948600788737
ck_95736b6202cedd31,0,0.10202817488428569
ck_490c4a010d465949,0,0.1285595952000146
ck_6c3ca20881946607,0,0.46240479274787544
ck_0b4fc47b7335a97b,0,0.6285591118697899
ck_294654da5001d000,0,0.7758648643356112
ck_3055a3da997cd2d6,0,0.5144432662685622
ck_4e2163334fc842e8,0,0.27832384283111694
ck_ba3842f86741259a,0,0.6947340205895927
ck_cc00578f8ddf7b9b,0,0.3105917899334042
ck_d4d24abeb2a64b01,0,0.323294090942136
ck_1db0935fb811a014,0,0.4165126036722184
ck_3bbbbff1920f8eb7,0,0.8485958139015936
ck_7e4b5ecef6d14fd1,0,0.05511160396138981
ck_dcfbf7afeb24a378,0,0.39561526507333633
ck_cfe5ec419e73dab5,0,0.1852077678485016
ck_aeb41b49f608678d,1,0.9807415802970637
ck_dc86e86bdb7f27ff,0,0.13941801435480064
ck_3d55e3518c38c589,0,0.6517100913590074
ck_a56e42e4ed68fadf,0,0.5010238952846359
ck_3867e54fdef9baed,0,0.6803927115946268
ck_8e3cae7b87e3c7ae,1,0.950419559078212
ck_ac1623c38eef8e9f,1,0.993443958129905
ck_fd53cc8ba35c6699,0,0.8035231129448904
ck_7b3d7202cf863fad,0,0.6416711688872485
ck_9f4966d5708a26cf,0,0.43925382095407833
ck_886603ee2b3490da,0,0.24175350193575706
ck_2d4ad773e0fe682e,0,0.1545788275376247
ck_f363e8c30dc452b6,0,0.6924803950421617
ck_d0b8f69035b36f6f,0,0.013214492542756752
ck_a71ab3eb376e96a7,0,0.44990737007943854
ck_bbd6db5a702a3794,0,0.598442379199186
ck_567e49858817af94,0,0.7986060887048007
ck_10fe74f50d44f363,0,0.5670963547940493
ck_e48db097283b2b62,1,0.9166147219577435
ck_ded73e74f2d71b7b,0,0.5155700800825129
ck_11ddb07852da1a97,0,0.41077607840465064
ck_2d76adca793382b4,1,0.9922146949481249
ck_1c21ff1109b1012b,0,0.2378608609764837
ck_e9844d17d03b092c,0,0.7830355189821069
ck_3bcfe647b3354ca0,0,0.35607422609544437
ck_4411398cd8218618,0,0.7998353420599708
ck_f8c0c5bd0c4a0cb1,0,0.4705998303758477
ck_1f13626a30c22ddc,0,0.6359346432705388
ck_899532bf1b9572d7,0,0.055726231477147795
ck_407a7c6faaa691bb,1,0.9807416119476778
ck_c3db5413e4b93359,0,0.5560330604963626
ck_6681992a4474c13d,0,0.19514424726205665
ck_620d89e550fe20a2,0,0.7294604760950713
ck_d246c5760f6a1746,0,0.5314479566857765
ck_a94f615da9d8780c,0,0.30721133536426193
ck_ab6c12435fd6742a,0,0.09793065510132218
ck_b51709bac80fdcba,0,0.5082969835304831
ck_1f84c4458f9aadbb,0,0.3437816742047378
ck_76d0e33a31188fed,0,0.07723819530233224
ck_666b890415d530a2,0,0.13245223577742068
ck_1c5b380dd444f463,0,0.7008802929408054
ck_1b2d75e2c3244949,0,0.6250762247794981
ck_573b4fa8802528f7,0,0.2167586502094621
ck_46e577553e6db549,0,0.21378794743897162
ck_f4e98645fef47d7c,0,0.7738161038331679
ck_4b51f5e5b392d049,1,0.9956975940976439
ck_94c56312bde4b612,0,0.21983178652619967
ck_b8fdf2be75f214b7,0,0.5061457879162966
ck_aa6c5b71ec368d50,0,0.7728941625071228
ck_4b10d45bfb882bf3,0,0.1618519205761143
ck_888aa9a54e254b5e,1,0.9661952791886216
ck_19479039068f9c55,0,0.30034799712904214
ck_e4512f500811e425,0,0.10192573425081658
ck_9340db25a884ab74,1,0.5316528313887504
ck_6ce48c043ce2f694,0,0.5248919303690845
ck_485bdc0c26375e83,0,0.735606765371177
ck_c6c42b5720946eac,0,0.3562791036624662
ck_0f0a0407fa011dc9,1,0.9403804969854034
ck_938feabd065d5928,0,0.6777293219935647
ck_173c2cfe4bdf6b4a,0,0.8621176285154094
ck_94ec35db3bc6e9c4,0,0.5584915733153064
ck_ce9a7492d3e38b3c,0,0.6369590229678866
ck_b9ee2bffe1ea3901,0,0.7098948326273558
ck_5651f17113596efc,0,0.07324311641153554
ck_b7ded588d2a0407c,0,0.5496819079071601
ck_eb0ceb7786ee672a,0,0.30342113231030265
ck_a6619576146d4ffe,0,0.7430847309925589
ck_ff8f4a9a7fc46d33,0,0.543330763530582
ck_317a5ba3b725ea53,0,0.5582866927671519
ck_710739434c0420de,0,0.3492108866048563
ck_afd40956e5860e19,0,0.11657435881996009
ck_704e8a35abd8f655,0,0.1282522822274289
ck_0c20c9e78ae8e0d0,0,0.2884651952092211
ck_de613d62ce647ee0,0,0.2276170682591039
ck_747c28e6fd866879,0,0.37594718997626214
ck_7415e0a7692cca1e,0,0.6880755509561683
ck_df15374ac632e895,0,0.703953431859035
ck_0cc451f0c781c99b,0,0.21839765457242682
ck_75d03d052037ab6d,1,0.9512391103124844
ck_cb29a13dc1a8ab19,0,0.553369682119308
ck_30cccac2e74fe92a,0,0.4384343206582395
ck_2e8dceafabcac459,0,0.9123123077921741
ck_65a7cf0f11158044,0,0.052345779478453244
ck_b3642840943fe6b0,0,0.365703392447296
ck_626460a9bbe318f7,1,0.943658585474734
ck_5bff1d3d54a5a68d,1,0.9760294486274742
ck_236c6f666229431f,1,0.9565659702827438
ck_0fde0e0009050f0a,0,0.04312636634779066
ck_ec7a94b19a8ea0b6,0,0.9194829807975411
ck_9ac052c78c1674c2,0,0.777503869131909
ck_5502809688dd31d9,0,0.392029940243385
ck_6b4a242d5c544f20,0,0.20979286976809017
ck_57428f7d8f391235,0,0.77340635496829
ck_6007507adba32b75,0,0.5929107127745238
ck_0bb039ccc57c7ced,0,0.9209171103310364
ck_54c16b16811b00a2,0,0.37430817704373087
ck_1cad945c605889c0,0,0.4685510703236265
ck_2ec272d0f764a72d,0,0.8182741751261844
ck_54989b50d7d1a161,0,0.5398478725502783
ck_3a0e4ca8b8b445f5,0,0.6994461616394939
ck_8a21aa0bf7310606,0,0.10848176120288704
ck_c4cc935e1bb7d713,1,0.9856586523688222
ck_9d548d316343b926,0,0.3966396431625659
ck_681125795c5dd26e,0,0.3773813156667233
ck_595ab6db8b8a66a8,0,0.07068216848497925
ck_56fcc7676f554a41,0,0.7330458133328899
ck_81db79216c813a15,0,0.2933822198278718
ck_2849e2bd31edcd00,0,0.7445188577448335
ck_9267691b9df8bb3a,0,0.783445292300132
ck_2b71ed82202963aa,0,0.1581641571616842
ck_c2a1f9b741297b6b,0,0.336611019871194
ck_4eb70a63aec7ac58,0,0.016287630056380335
ck_1358976872f6d94a,0,0.3680594633255682
ck_cc21f316725c4515,0,0.6396224108799895
ck_b08d985b891a733b,0,0.1785493028239279
ck_b71b1a802dc85144,0,0.5593110979269078
ck_dac6b9d9db1b88d8,0,0.43659043719888774
ck_977c1cda7a42651f,0,0.11432072546348404
ck_c5d7b531c22af96b,0,0.38147883141912553
ck_5f248dcfd636135f,0,0.9149756912965655
ck_a3c170caf96881f0,0,0.45318538070810716
ck_630458233954d71d,0,0.5777499006399998
ck_e0db87be826e1317,0,0.029194808829585733
ck_83a00d7518ce2bc2,0,0.4106736396679221
ck_a22655bf0d70ebeb,0,0.8756394482338417
ck_566fedcb08c70942,1,0.9162049925808428
ck_39e6d0a49663e3f4,1,0.9328000149269988
ck_a3f62e6a159d4cfd,0,0.7000607882341356
ck_3264a0c82dca3551,1,0.9698831092654026
ck_3cfc55e948deef95,0,0.27893847224847984
ck_0133a2f7dd76a4d4,0,0.8975612036272054
ck_d22ae23815fd7c1e,0,0.8307716043383744
ck_52f6b5ba39b159d8,0,0.34890357178995984
ck_19ce512f5eae26bb,0,0.8033182376519248
ck_215b6eed1ca61c8c,0,0.6820317138425152
ck_fcd7ff5fd54ed2b1,0,0.2376559846813834
ck_16cdf48cfc0df992,0,0.23632429125273638
ck_f72f76dd6cb1c11e,0,0.21040749799987657
ck_8d59120db914d8c9,0,0.1483301166180435
ck_7423cc7ae58d4adf,0,0.8555616009515339
ck_d74426b4852c5e0f,0,0.2555826229751222
ck_4b346b0936b3ece1,0,0.07447237093623763
ck_14658d73c68ff93f,0,0.13870094929704774
ck_d78aa4dacb792ff7,0,0.4783851093956158
ck_2f1b151260de8fa1,0,0.8803515996965091
ck_6f02b225a98e6545,0,0.2939968450813921
ck_d23294dbada7e766,0,0.4001225395384085
ck_372a5402dc6c5ebf,0,0.919278127885154
ck_ad19f9bcc51e890a,0,0.2599874539048313
ck_c03500b44ff3e722,0,0.6013106305222119
ck_0ab535614acee451,0,0.5642280969621044
ck_f5ba95cd5c551b9c,0,0.6937096361873418
ck_915035e85aba2088,0,0.8869076518405988
ck_77f615c43f02b764,0,0.38803486265173087
ck_04b9d77de08f2a8d,0,0.47490222090294976
ck_c1d327fe6c4a8f7b,0,0.14751061108126243
ck_98207f336140620c,0,0.4726485856212443
ck_10d1f2ec7ee73666,0,0.6712757297364342
ck_b6fa35c7f5941c62,1,0.9444780610196487
ck_a3e31d3f317926dd,0,0.41876623988326866
ck_93b8a615311e46b0,0,0.6503783917208859
ck_cb5360d3cf1d18f4,0,0.9082147801493501
ck_f7b1a777a43560a9,0,0.13060835301804521
ck_9d2e6a90b9ebb0c8,0,0.11554997882582045
ck_efe75a11c67c195c,0,0.6889974934493491
ck_038e6440c15123ab,0,0.20887092677678734
ck_14c0a9ee710d2946,0,0.5752913895356027
ck_2786c86cff5469ff,0,0.5191554096958126
ck_67261efe88147025,0,0.6517100872196968
ck_de89635d41f989de,0,0.5117798750956841
ck_a2b80e0685ee3e93,0,0.66113437396391
ck_a34f779401d99ef3,0,0.10981345562934569
ck_080f020b61d6685b,0,0.09362826410424746
ck_473b9e72f84d5141,0,0.5062482287973287
ck_3eda736480cf7159,0,0.698216911636633
ck_0406e55657f35860,0,0.91415619752561
ck_4d4bba51c9c942ad,1,0.9553366651173929
ck_0bdd8ee687e27993,0,0.009321851424384525
ck_af40840aa82ade95,0,0.20815386232611124
ck_2273755a6a02865f,1,0.9643513814534137
ck_d06c57ea3dcb6d3e,0,0.1960661877893692
ck_1b41a4fc62ecaf85,1,0.6322468844850438
ck_cdd3d8b2f16956a6,0,0.15232519349441143
ck_1053be7cfbe0fe5d,0,0.7100997075537552
ck_4009c169f2a9e9c1,0,0.946117116117874
ck_cfd5a8326e518cc8,0,0.7518944204884319
ck_7150346908556a49,1,0.9989756163377457
ck_bbdba04d383524d2,0,0.6371639012774836
ck_90a9b40de2783382,0,0.4267563950397249
ck_a14837ac86791654,0,0.5993643019894854
ck_8bd1ca7f59d4df4c,0,0.8684687921938836
ck_03b60b5c2d9d179a,0,0.7832403957998759
ck_4f6e717db86373f1,0,0.609915408842534
ck_cf9d0a3d34851ec6,0,0.46117554283010725
ck_606a34217f88f6f5,0,0.7277190402680511
ck_3a76b6b7f382ff07,0,0.07621381645554545
ck_47c523e9c23b3448,0,0.2188074060401116
ck_5817ccbd493ace58,0,0.09455020459306003
ck_e7fbc75fe092d4ab,0,0.36959603184070794
ck_0bbb128cdbd7f4e8,0,0.7590650437471781
ck_d241f5613ffa843c,0,0.7535333958005599
ck_250546c46d872b43,0,0.015673002698451708
ck_b8c708a6400366a9,0,0.7619333052265759
ck_f9f8c7040e21d99a,0,0.33312812944859427
ck_2f0861b4370fcf43,1,0.9840196348446201
ck_2edcb3de63fd97bc,0,0.09721358942863433
ck_9842fff4e533e4cf,0,0.30546989008842035
ck_d18544a5cd6a03d2,0,0.7092802105953977
ck_45213de9e4b9529c,0,0.5554184337520011
ck_b40eb1215b35d2e8,0,0.7398067342034318
ck_bc4b94f157247581,0,0.885883276552354
ck_5e3677738e80235b,0,0.7558894681974272
ck_d809347f3df4a7f2,0,0.6880755505565159
ck_3defef39b14a154e,0,0.6971925260719531
ck_19bc3b1c674d6d7c,0,0.7355043140351346
ck_04140ee65d4b41ab,0,0.6406467953742591
ck_6cfbd1e7e30b49fe,0,0.4910874150703474
ck_4579074b54cb6ea9,0,0.683670721458844
ck_ed953829dfde1113,0,0.4701900750515747
ck_1f00a56c550f4bd8,0,0.4759266029816856
ck_810e307314144c36,0,0.3244209090844335
ck_8e47020a34df68e5,0,0.5899400139797414
ck_f31acc18e4523edc,0,0.36447413616385455
ck_455712d99cfb35a5,1,0.8920295402701752
ck_e3c0a81a16c3d6bf,0,0.3263672276938136
ck_2181dc3ecb361b78,0,0.15416907504271532
ck_db665eb9d30ab6b7,0,0.7103045820044107
ck_6d7755ebbfe92fff,0,0.43556605551411065
ck_696e08607d6eb341,0,0.37287404503117144
ck_a549f65227fc98db,0,0.45195612544500874
ck_ad1d8b80ce045994,0,0.3095674072540178
ck_216498fd8898ee41,0,0.8852686259362247
ck_4a7dd1a1e2fc1da7,0,0.11759873765780794
ck_5ecfb5dab967c31f,0,0.2867237505929751
ck_31be303671785316,0,0.5375942331810721
ck_ac5520683237f461,0,0.6840804771582929
ck_d7868b9955ce8195,0,0.5965984848489878
ck_8faa9a1ba379dd6b,0,0.8043426206673514
ck_b759a872d70cf8d6,0,0.4399708862057547
ck_337009a0f60a9079,0,0.15888121985979167
ck_5ba54a529d4b9fec,0,0.4716242072127995
ck_cf1dcd4efcb9cb38,0,0.7402164600792354
ck_f87bef8108af9735,0,0.5521404169228541
ck_f4152262b3e264ee,0,0.03247282228894768
ck_f618618beed1c10a,0,0.09086243878387763
ck_fc14be1b7737db04,0,0.07160410989292883
ck_d45f74272a90f4a9,0,0.9420195095380025
ck_8d28610138fd0d56,0,0.13767657021514457
ck_468282c5ad8394e8,0,0.3332305683126491
ck_4549b3d55feb4176,0,0.9309560835426173
ck_00bbd17bb7121a6a,0,0.6404419122246974
ck_ea083133c478a396,0,0.2593728258076883
ck_c550ecb3679f8f87,0,0.03882397368455518
ck_7278de499857068c,0,0.49754100129345497
ck_d508e04da6093eb8,0,0.7234166375575334
ck_ded26e411be9d493,0,0.46066334976339385
ck_5dbef1d11f7326fd,0,0.2833432981732862
ck_152bab1d146a7773,0,0.554189179878429
ck_ab0f0c733a4a4afa,0,0.04025810522552498
ck_351addf5a620dd54,0,0.4357709344368614
ck_6a0824a0cdb3771c,1,0.9963122264411755
ck_250c809ac1a2bdb8,1,0.9952878443532023
ck_194ebdfb6e6f15f1,1,0.9067806282493892
ck_b4d9ab68eef8ea97,0,0.3915177474797268
ck_ebfe6f474c231eaf,1,0.9602538203379487
ck_07cbeee799ebf796,0,0.3638595094419169
ck_f854379aa3d1372c,0,0.09116975361987248
ck_2ba12ca4674b6545,0,0.2834457383165033
ck_8c9447f76eac3625,0,0.6898170032080508
ck_2dbe45a12bc3b6c6,0,0.30280650408643167
ck_f54729a527455d8d,1,0.9360780367221174
ck_1e16882a63205153,0,0.4158979754370577
ck_1f050d9db1f055a6,0,0.7809867619186803
ck_71f877385d9da7ac,0,0.17875417944290886
ck_6a144481fbfe46c4,0,0.29993824363708355
ck_9b3f5175d1266a00,0,0.26828492285428945
ck_e65a96533ee56567,0,0.11411584993412108
ck_2bca2fde8b5e71d3,0,0.33302569622172895
ck_a924215675b3de5c,0,0.4176394197597593
ck_974f569200c79bb3,0,0.7291531658027354
ck_9b302fbf052989d4,0,0.17660298196305818
ck_f7844a6a04d34428,0,0.5115749980053541
ck_b1725024d9588543,0,0.0637163898103155
ck_fac5d168e3309bfa,0,0.7410359788744125
ck_c549e536ba0ab6f9,0,0.5949594739780242
ck_f609bd25e3afe993,0,0.5709890045120922
ck_07f9cb644d0ec306,0,0.7964548905329791
ck_573f66c17c1556d6,0,0.7125582223285724
ck_dd9cee0ddc4be3ee,0,0.5452770817507059
ck_349992ab01d5d88f,0,0.09260388441615357
ck_4bd4d398b1eeb8ed,0,0.4820728804694722
ck_e925c17710f4967c,0,0.9584099136744578
ck_7e80c8d70f7ef513,0,0.41600041539311583
ck_e17eba38619cf4a1,1,0.9719318539163387
ck_edbf494e55a80f65,0,0.5256089939817954
ck_cf8d169829e74aa6,0,0.507887234473383
ck_0af0b2928d1ad1c8,0,0.11473047771913374
ck_b67dd8180f615b90,0,0.7371433213680234
ck_938499b911e404d0,0,0.5255065572734785
ck_d312861498eb9096,0,0.6265103605013991
ck_e3dec59e3825ff3f,0,0.784264773330323
ck_6fffc988eb770423,0,0.9547220725139353
ck_e00a9125e3df5def,0,0.4384343188306138
ck_5fd2ce1504f76590,0,0.7439042387565505
ck_06db45c4289caf38,0,0.6623636308233398
ck_97d61b9b4a68cc79,0,0.7414457160612293
ck_0cb222b87035345f,0,0.4353611836561204
ck_738a868fec1a008b,0,0.53964299089901
ck_57d8b88393ec0654,0,0.7342750679181318
ck_a1915b0647678fdf,0,0.5015360920248584
ck_de21e7118c295fca,0,0.5771352740437214
ck_c4108c1dd61000ee,0,0.702007113172643
ck_4bcfc212aceddea4,0,0.27494338888557707
ck_1685efb32b51dac0,0,0.13450099418144634
ck_b6f45b99766ba61b,0,0.46609256178301434
ck_75fdaec8b74137fa,0,0.8092596351479102
ck_da2528d09bf66ab2,0,0.827083850290201
ck_a30f21d297c7836a,0,0.7449286089717553
ck_a8991087f5eafc20,0,0.6312224983419137
ck_86ff21793e5fbdc6,0,0.6486369467454165
ck_2b47ac48665f6fb5,0,0.8610932715334991
ck_ff09a7c13612a6d5,0,0.43331242254978747
ck_34158fdf1d97dbcd,0,0.24318763205600416
ck_90c4953caa216bce,0,0.37697156909289203
ck_83334867b2671e64,0,0.43023928819499974
ck_7766216775a08af5,0,0.43976601247945
ck_c16c4794870c54f1,0,0.2517924192457178
ck_1620fb8a53d391fc,0,0.4360782449868621
ck_588fba301fd4d33f,1,0.983609893628301
ck_30fdb1f6b938fdb5,0,0.5203846596131605
ck_07c82743eb85dbdf,0,0.3713374761934907
ck_95ca60766b23b4de,0,0.17117377059070582
ck_8efa65fac1ccd210,0,0.775864869709417
ck_dbff6f920f4612ce,0,0.5361601053550804
ck_4e89fca81f7134fc,0,0.37256673246691613
ck_b9f9e5f6658504ff,0,0.6625685050121609
ck_dcce77f971b5c7ee,0,0.5961887261741086
ck_bb9a71f8119b8435,1,0.7486163711912419
ck_8247db83b574cb65,0,0.794918320179893
ck_6297dafc39825010,0,0.20600266525624988
ck_4c860c7d927170d8,0,0.8541274863899944
ck_d309bbac4fdd0213,0,0.7762746280623626
ck_d1cec458ea94e3dc,0,0.39920059255347645
ck_2fe8bdc0472cebfc,0,0.605613015501791
ck_ecf126cc8476be79,0,0.6238469678252337
ck_ecffecc5e12105e9,0,0.656012478655866
ck_d36a41ad72f071ba,0,0.3186843845769505
ck_72d0d9a99e6510b4,0,0.2552753138680977
ck_b970f49624d00b63,0,0.840400786104035
ck_c0ad625636a2c208,0,0.08942830818337837
ck_60eb8d886ef7aedd,0,0.49088254401380466
ck_5270417412282d73,0,0.5404624984359401
ck_561b12d3efe5f3ee,0,0.7087680128485142
ck_5dd97a284da53681,0,0.08748198820022043
ck_690e11dcbbcedf81,0,0.8533079779498826
ck_83562a0149d20246,0,0.0810283984062637
ck_9474d0d7871ee925,0,0.3671375247744802
ck_74158855409759c3,0,0.12866203340347288
ck_bb14a007998b876d,0,0.07969670617731013
ck_719ada304c635c44,0,0.3298501181038484
ck_2ef7d09264488f8d,0,0.4984629469820636
ck_720af506348307a1,0,0.16369580320184346
ck_900ac7aef0d31b4f,0,0.2907188292513237
ck_8e5c58cd8631e6dc,0,0.4701900781092155
ck_35765303e6d1fc6c,0,0.09219413294599196
ck_7acac363813bf317,0,0.3245233449567481
ck_6e195b000c0202d4,0,0.44447815592092754
ck_8a23e2efeca7de3b,0,0.4060639369559576
ck_a5e54544134f2ae0,0,0.40135178835199986
ck_5be12e42cd7f381e,1,0.9592293961611328
ck_c4a85807ea87e63f,0,0.45185368638747286
ck_20647babd501ec33,0,0.49108741225137387
ck_ecc3de5cd1710c19,0,0.37389843112349147
ck_dcaf29de0b423960,0,0.5203846616100546
ck_39b0a58e79afa9eb,0,0.025097291830335103
ck_1344fa4c1ed0e798,0,0.8600688774749896
ck_02384c36cd96ea28,0,0.23888524161158814
ck_21bf5977b1680735,0,0.29338221545656407
ck_698017231672e61c,0,0.04517512508599283
ck_d672c382eec221f4,0,0.6482271961605629
ck_392810c6460cfe8e,0,0.2372462378901699
ck_69eaccf5e1b0fe53,0,0.8678541742845145
ck_2f7eef9444a338ce,0,0.2583484466294599
ck_9f3be1fdf145d18a,0,0.5767255243552706
ck_16d942c33852b64b,0,0.30403576847073566
ck_5726bd4ca08901f6,0,0.6627733809179819
ck_75bdbf7477dcf959,0,0.9110830889884834
ck_fa6fce150437eedc,0,0.49549224333894126
ck_b39b8ad7838028aa,1,0.9690635828308555
ck_4f3e76a6449d1391,0,0.9000197073756082
ck_0fe0606f20dcbbeb,1,0.9643514017076267
ck_17e199016362555e,0,0.03616058711608591
ck_0cdc509b1e6a5c9a,0,0.49395568633250647
ck_7f6486cc1cbf2340,0,0.4828923845769643
ck_bb53b663d79132e0,0,0.8877271492680697
ck_d149059a5070a48b,0,0.015673002851981765
ck_c19e915b86be5645,0,0.40565418561939126
ck_2208338196ec9e7f,0,0.22679756665681106
ck_cb797b973b258db1,0,0.027146050419462414
ck_3b0199f981c9c2a5,0,0.47100961030978417
ck_7fc4cd0297a42e61,0,0.4357709310899093
ck_5518a7a932c7b033,0,0.5234577993746977
ck_d2e349582ab8d71b,0,0.6963730266024011
ck_a5c8ffe3d9b20b61,0,0.9037074913697977
ck_0429537c0f5b6640,0,0.2805774756189246
ck_6e497d41c950635e,0,0.5785694031451559
ck_3d214bee91cf81ac,1,0.9821757616963201
ck_ab0b904cb8330eff,0,0.13993020554374516
ck_a66ae784554321ae,0,0.12968641157539942
ck_65eb4aa5891ff4eb,0,0.8750248237142304
ck_b111ca1be30555be,0,0.90288797853973
ck_7d02eb72cb205771,0,0.8143815318580012
ck_a0623c6d491d05c7,0,0.8260594744863207
ck_067193289252b51d,0,0.3325135028797234
ck_03be0c9380cea603,0,0.6306078784699038
ck_b25379ed0837f7ec,0,0.6609294988052652
ck_7b853990028f6384,0,0.3732837987534675
ck_366695b7366db217,0,0.7084607135869869
ck_47bc08640bd82c16,0,0.3538205915985318
ck_cf37336f30b4268f,0,0.028682619495091377
ck_4870001439e22578,0,0.37615206025058273
ck_55a29c8d92b16abd,0,0.2630605890075233
ck_8c0c5090f609ffbd,0,0.5982374857049905
ck_0cc4debaf00b2ff0,0,0.4521610051987358
ck_3ff095401bbedf1f,1,0.8172497980131394
ck_815b83bbc6470aa9,0,0.8852686278957315
ck_e7a674f10693df87,1,0.9934439273086091
ck_cd7ee28138f826a7,0,0.9244000247153332
ck_5a6b8c0b7ef2d988,0,0.6855146021637107
ck_3adea385c1a94eed,1,0.9476537682844827
ck_02624df83fc0f95a,0,0.7854940289573326
ck_7a0e660e7729a7c8,0,0.3407085363211794
ck_26f0aaa4374c3b69,0,0.7652113168966054
ck_8279370b97949d32,0,0.21204650351374868
ck_f5d86b86f1eddcd4,1,0.5115750017675642
ck_d8a5c4c7e9121df9,0,0.20180271309261674
ck_ce6cbfeba43f35f2,0,0.02284365747778745
ck_5bd264f4608555ab,0,0.6041788852238626
ck_31699f088b1c2e0c,0,0.5340089062269008
ck_8f28494b80cb2938,0,0.43925382611081176
ck_e1642e946d405aad,0,0.3678545873878098
ck_d74657ac8ca5d210,0,0.2800652862119178
ck_2eee53abb5decfa0,0,0.1841833876442169
ck_be436a7ff39d55db,0,0.3947957715805481
ck_93879e1a5ebabf54,0,0.3591473653881072
ck_7439b746462e70ad,0,0.5441502591813505
ck_1ed6a3740cf9a8ea,0,0.7141972270253886
ck_d68232b0462947ff,0,0.14115946090624576
ck_7b1804bd50f14a56,0,0.8760492211064803
ck_604dc05d8e63ddaa,0,0.8082352553901615
ck_61f8ddef5e09201c,0,0.1402375184787449
ck_8f4a5acf5437c2ae,1,0.80352311480845
ck_2a4fe389ee4ab0d0,0,0.04220442534242251
ck_e9be5ec02c17c3e1,0,0.3788154454195551
ck_1dabf148eb01cd3a,0,0.8955124533846718
ck_e28d2559c283660e,0,0.8332301196064283
ck_d11634a2ffe27b98,0,0.08748198750668995
ck_9977acf98c309f2a,0,0.04886289081507616
ck_1893d557ab7bcdd2,0,0.31141129387477806
ck_8c621a40db5cdee2,0,0.1992417657388501
ck_afd20e2c8c57b5ec,0,0.9313659179522272
ck_7b5e4ed7f6dcaba2,0,0.7047729331788882
ck_838969ff585929c3,0,0.7078460745106474
ck_0b6bfb69516dbcb7,0,0.7981963451664368
ck_1357eca75ef826be,0,0.3709277244570553
ck_0916f33672fd5fb1,0,0.36836678014062846
ck_fb504d152b71ec2f,0,0.6189299467510823
ck_386b20c364d0fb07,0,0.15857390721075257
ck_7151329d7217c610,0,0.9090342938612112
ck_3542bcd65f5debd1,1,0.9586147678274842
ck_4378c42cd80818c1,0,0.11432072445971926
ck_f68e193df1413585,0,0.6541686019822807
ck_99d62705b11ca4ad,0,0.538003982680509
ck_ade2bbedd911603e,1,0.993034204780529
ck_a446659d857f5acc,0,0.02960456071389667
ck_b0d0894955a07b1a,0,0.5300138243691698
ck_2d860da17e11151c,0,0.7768892898990135
ck_5a66d10bf432f131,0,0.2919480841761143
ck_f8d0f38b61481b42,0,0.4809460573401623
ck_9f6c6b4bf8790b84,0,0.48535088871222953
ck_3e26c0541c5a7c57,0,0.5978277385606053
ck_bfa3329d729e6554,1,0.5150578898581386
ck_d59dc1c00e38d2eb,0,0.398688405346067
ck_936a4d735eb3d198,0,0.3933616360537525
ck_e75932b3efb0e541,1,0.8862930157544746
ck_b43b4ecbce96ee2f,0,0.47141933775059697
ck_f56e4244b1774e5a,0,0.8567908816226386
ck_62e35454ec3c2543,0,0.7729966013702471
ck_1971292508aa255d,0,0.3614009967475833
ck_3be204adb69faf4f,0,0.17865174102654366
ck_a00aafdfb8b19986,0,0.37512768535355767
ck_cbbb88b9ecd840ba,0,0.2011880846253466
ck_69117fd8ea1ce7cc,0,0.48985815891471735
ck_1cb51747c34638e8,0,0.4533902554505114
ck_59ce7b0b9eaf9fe4,0,0.31038691198530693
ck_3591182b1626e7f0,0,0.14648623219562137
ck_c086aeda32b257e8,0,0.9412000034680704
ck_b4346a3b4dd207f8,0,0.19452961791736503
ck_eae6995d8986e8be,0,0.25435336795139074
ck_d4baf35730bf2a56,0,0.3873177925991451
ck_cee89bd9bd7b9e35,0,0.48473626937429815
ck_304938cb034dd00d,0,0.39643476901601943
ck_f9dd9c79ee383855,1,0.9834050024722312
ck_e611a8de7791e9e1,0,0.01731200937813355
ck_436b54af9528910d,0,0.3954103887807411
ck_645c08cedbf18a0a,0,0.6529393399648332
ck_f89cbd726d9b3ff3,0,0.7242361546925558
ck_ff321d2f095cd7f3,1,0.974185498901719
ck_0299a317d2a39805,0,0.41671748398610836
ck_cd4452be2e927b2b,1,0.687973116666935
ck_426472ca63307a45,0,0.20241733964505815
ck_137efb35ba99b609,0,0.4320831676302715
ck_44478716c90950f6,0,0.5197700320239702
ck_62b39ad6491fd7ce,0,0.5228431767324014
ck_f4ae5369a2374211,0,0.5044043603594459
ck_11947adc0657ef83,0,0.5814376693091762
ck_72d4ad7ac6510c20,0,0.35484497272753573
ck_fc480214624ab211,0,0.26982149535499633
ck_3e2c6866b462f8f5,0,0.5511160394296941
ck_9c81931ba5485457,0,0.7816013867569296
ck_1fa8dc03cdea5378,0,0.07098948143048203
ck_c5d359c7391bdb73,0,0.6980120344318649
ck_dd9e9f88371bd956,0,0.1895101606720846
ck_7aa694f72ece3497,0,0.4232735089799973
ck_b225717332dfcfd8,0,0.21901228347897653
ck_4d6612b9229548f8,0,0.37820082030160096
ck_81eb36f9d20cb4bc,0,0.06279444774005148
ck_d07b94bde88783eb,0,0.07109191986835939
ck_65bd1cccb6e0d376,0,0.562896399785777
ck_41d392ecb8e0dd96,0,0.8049572457071199
ck_94bf8406ec6eab7c,0,0.7682844676941478
ck_3e01d8772ada2fd8,0,0.5861498145609406
ck_230bbe6b7b09a65b,0,0.4310587878470276
ck_59e5ce767136ba45,0,0.8520787201239539
ck_234ea08ee0ade68b,0,0.1078671336210578
ck_646d155678cb3bff,1,0.9741854978587432
ck_9bc546b9673a90b0,0,0.8936685482088703
ck_5ce3309a3a8f66f1,0,0.2038514706260035
ck_781c70e249b80a41,0,0.4600487238411484
ck_ff2fa3bea92b310e,0,0.13030104011875657
ck_b18d98fa91b47fd7,0,0.6693294189428233
ck_7a2b1a49f1f26244,0,0.7041583072555182
ck_78d0f7496f830314,0,0.824215579288606
ck_ca84d86c242ce857,0,0.9004294622642216
ck_089765019e1b2292,0,0.4339270516408671
ck_6ae813daa8c1faf6,0,0.16594943820719857
ck_77b61177f7fa5eab,0,0.6446418671189817
ck_8463657a485ea1c5,0,0.8674444160125842
ck_084bc37805019daa,0,0.7123533421200766
ck_876c67b46c47bddb,0,0.6467930850532579
ck_d2fad6bb7b039b81,0,0.6702513497018381
ck_e69d160ebc50604a,0,0.6532466562272286
ck_d1b3baeb22e04074,0,0.10274523772539261
ck_5ef3e8929acecd2c,0,0.3685716527492125
ck_5088c66dc7dac026,0,0.7291531624062635
ck_8dfc047037d1241e,1,0.8619127540162302
ck_30cfa8663fe18615,0,0.6111446674570361
ck_1a3800da885f4476,0,0.49579955981250534
ck_364445d3ae4d5084,0,0.2892846981466828
ck_10e42e38018eea8b,0,0.5779547762083892
ck_305871a7f2fd0bad,0,0.5394381179377882
ck_d6182235bd8903a8,1,0.7850842793768513
ck_b3d17ac370967e2b,0,0.5648427226988681
ck_acd66203873b494e,0,0.5817449783844283
ck_d2fb76d6eb1db95a,0,0.5064531049957353
ck_6a05163e1ed330e0,0,0.35054257761154617
ck_7c6876736b422157,0,0.6113495470588796
ck_873045f371a5b3ff,1,0.9321853578606396
ck_47bd382e768a7449,0,0.9311609665614171
ck_1eb7586fae873bf7,0,0.31223079268114434
ck_f3e98dc893e0eb24,0,0.3720545472272663
ck_7ceb563e3cfe422e,0,0.9465268709161085
ck_104abcab8b7ba540,0,0.5623842097405922
ck_9bb1907bd2bbfc26,0,0.43310754795786105
ck_96a2953e38ba570d,0,0.34705968839905227
ck_9245b3df4723a565,1,0.6049983880786741
ck_720204246ad79a09,0,0.5800035345327064
ck_82cfe84f71a9bc60,0,0.3527962144957865
ck_6ee4468d59b08b3b,0,0.5214090422098578
ck_8cae25149255b417,0,0.08072108498924101
ck_1cc19bd2880dbcf7,0,0.09076000145771258
ck_67aacfe9cc6b443b,0,0.9559513472219026
ck_4bb9ecf7c3a187a7,0,0.7553772797514872
ck_d847a36ae1b79ad8,0,0.3682643446587366
ck_4d44a9e80564ce7d,0,0.11227196492320439
ck_a1ea3c9920992910,0,0.551116038051722
ck_20b17133be54e202,0,0.15089106312842926
ck_2e518e0db45ae4b1,0,0.2102026219169894
ck_98e397bba46cc32a,0,0.2876456916964241
ck_cc6636420cec2988,0,0.10284767682263943
ck_2c1b0df7a9162915,0,0.27699214782431986
ck_981b52e2288452f8,0,0.4765412266082744
ck_71d954bda4e77982,0,0.1528373833734867
ck_7ffc1fb5a759d1ab,0,0.12804740551125735
ck_eb8655a55750a150,0,0.804342612724394
ck_cd4b1ae50be85b12,1,0.9678343122522347
ck_8750ed41d9484e03,0,0.8100791405508706
ck_c26e5a94bd75a22b,0,0.28375305157435937
ck_e2579c122db374ac,0,0.05255065570034039
ck_77133497760405f9,0,0.16492505849211578
ck_ea455e85a6ae73f0,0,0.5101408700003772
ck_5c62e4c9ecc62321,0,0.48268750376260144
ck_1d63a7dc9ea16827,0,0.9498049458254663
ck_e4f23879e176ea91,0,0.02817042920344155
ck_136fddb405bb9b2c,0,0.308747905772564
ck_bbbbee60df55e719,0,0.41354190275579916
ck_5f48e7eccc1bad5b,0,0.17066158190238162
ck_92a0208a327778d5,0,0.4137467790612319
ck_ad4a04b88b21aa62,0,0.4368977526171613
ck_e7dc6e40f5104e18,0,0.07508699920105663
ck_08ba0a4d47d58ac2,0,0.8090547606816265
ck_d56e2178e32b0184,0,0.8612981703809859
ck_9ff381148dd0a210,0,0.7838550256831669
ck_41d42cad880d2128,0,0.3798398289289235
ck_bff49326f058ba6f,0,0.08553566799322533
ck_f4640233e45b8203,0,0.3669326448280567
ck_b7bc103c145ef300,0,0.9076001531500278
ck_2583059af48fdb48,0,0.3114112898236492
ck_dad7226098089874,0,0.531857726225565
ck_ff94fd1043c07e1e,0,0.20077833381937732
ck_d0cb49aa98ee90bd,0,0.45523413731724394
ck_e5b767986f946ba7,0,0.4076005048853041
ck_6aaced5949c6a0a2,0,0.47674610453341376
ck_26683b595d59816b,0,0.05828717904882032
ck_7ea10b53678336c7,0,0.3320013122446303
ck_2c43896d9cb2b398,0,0.26336790404389226
ck_e95228ea28b4ea61,0,0.6791634508809448
ck_dbfd3e0e8f07cc2b,0,0.40422005111631043
ck_d82f38da2fa85323,1,0.8162254182292931
ck_b9143a8f0f80231e,0,0.025097291971366138
ck_727e07a08c96b9c5,0,0.6648221399912836
ck_3c07467a3053afcd,0,0.2063099801183745
ck_9acb68ea2353d349,0,0.3988932796956702
ck_1e70bd0f0919a255,0,0.7123533411228122
ck_6be6b2b2c51289bc,0,0.09332094953696927
ck_5bc161fadb2b5ff1,0,0.38537147202038385
ck_875530552fe87fe1,0,0.8539226082420125
ck_3bfc408d109e5824,0,0.7600894229490832
ck_e00b869bccfbf9fa,1,0.7777087468100008
ck_7ba1106bc9b41cdd,0,0.45656583096040343
ck_3163a9998bf8b5ef,0,0.12200356904167166
ck_9c2ef4235be00818,0,0.8840393682640039
ck_8f7be6bad044970d,0,0.2966602301308057
ck_f53fa46d6a25d3f4,0,0.2366316066941322
ck_cf63caa75fa6af46,0,0.4753119736155948
ck_a492f76814e4344c,0,0.6258957283129759
ck_338d045af35a5dff,0,0.49457030322330786
ck_a77a1ba307f5d1f7,0,0.5777499018408747
ck_8a4899a58d2c5de3,0,0.7367335768361638
ck_91b9e68784cb1812,0,0.09752090345991105
ck_d9d226ba12c603bd,0,0.14740817292735856
ck_fec4c74d0a67f65b,0,0.850439701361219
ck_5e4ceca6dc1a5265,0,0.8768687069299076
ck_92e850f029fe391b,0,0.8612981333188526
ck_0e40f46a4080398d,0,0.44560497485210243
ck_96f69303e8c2e2db,0,0.4953898048405974
ck_52fe20ae05af85fe,0,0.7062070680192405
ck_a84ee6125f2edafe,0,0.5005117035337927
ck_7ca9f368969cc2e7,0,0.13316930146003458
ck_c1531affa4adf9e7,0,0.6787537037516427
ck_56547f00facd53bb,0,0.6380858442896363
ck_f48d35c219d72d20,1,0.9645562728950017
ck_c719ca2a3042d62c,0,0.6818268361262351
ck_7327111376dbf7fa,0,0.8131523041210952
ck_ce17ecfe908f9b6a,0,0.834254517084528
ck_2ba34098f5d305d8,0,0.34091341318262974
ck_ff1be4ffbc86f28d,0,0.2842652405023716
ck_065daab82dfbb5a3,0,0.4277807740689999
ck_d7f26684318fd113,0,0.6783439487692083
ck_26d0c72f9c07b1c7,0,0.37215697960132466
ck_830f25c9c92ddae0,0,0.8762541265465635
ck_7a53b9883e615138,1,0.977053820106301
ck_099e18716e6cd446,0,0.4744924680013515
ck_83a0fed11f5280ee,0,0.6097105755243216
ck_fd92060dc68cfe87,0,0.26367522049759423
ck_eefbb5ca4495c080,0,0.09342338884230811
ck_6042f16f4aebc9de,0,0.8496201972094486
ck_1c0ae48babd1fd54,0,0.3825032174886478
ck_80b5d03f1b933d2f,0,0.8719517135948779
ck_229a2fd1460d2e65,0,0.4460147300805423
ck_a545a37170e70725,1,0.978897725449991
ck_864702c7e6213a6a,1,0.7805770081215186
ck_d4d7be26247081ee,0,0.8692882999590572
ck_65a0877595b6527e,0,0.672197670348761
ck_e220767b53a16939,0,0.4695754481059381
ck_cd12f4dcdde05b30,0,0.8035231134947689
ck_aa585d9f7353b554,0,0.5189505290638822
ck_0079bcdec7174306,1,0.9713172702286508
ck_50a49c3cb6b1e3a4,0,0.2358121028758565
ck_7bb67dd2ab13b19d,0,0.22823169798396034
ck_94c193f8b1270341,0,0.7275141555451418
ck_7db8c4acc2bfbcf4,0,0.6199543276404957
ck_c10339d7bd159447,0,0.671583044951717
ck_89b970ded2fbf3f7,0,0.549681911747622
ck_d768d819ee63e84a,0,0.8498251427556643
ck_b51a0ff1dd2425b1,0,0.45154637379351975
ck_916096cca4c994fe,0,0.12907178561768867
ck_7568d447a581d3a1,0,0.42655152277961994
ck_599f1e35980e51be,0,0.8365081340515923
ck_2098e8ecfb8aba8b,0,0.7830355262079491
ck_288aeadbffe1c697,0,0.7408310881088525
ck_ab948df18aee4f7f,0,0.5814376656433544
ck_5c71159e3897b4d4,0,0.4590243459719868
ck_c3ffd712994b58c0,0,0.6340907612211839
ck_ede7e7fd53a34379,0,0.5347259730375978
ck_20065d37d8d47c6a,0,0.5868668769189487
ck_ef6c733104b34890,0,0.22812926327666122
ck_3619e51baa24b94e,0,0.8631420174107641
ck_f15be19b117431d0,0,0.6672806508658298
ck_23f510fab94f8f99,0,0.3945908852987203
ck_ec12e0d640299d6c,0,0.2892847073158003
ck_6196e16c7e56b2c4,0,0.6102227276768567
ck_3a66111b1eb6e2f1,0,0.9121074236975923
ck_5660f2bf10e5ff59,0,0.8979709565034194
ck_0107c3c56a04af67,0,0.2536363005573565
ck_b88b20f7e0301ec9,0,0.9131318150237281
ck_7528dc01d081a0fc,0,0.6381882794484901
ck_3ae1ac7166fd66d6,0,0.7371433214472596
ck_d7909ad5224bfea1,0,0.6242567301617282
ck_d0eab5452e1a98db,0,0.6812122087543376
ck_cbc34792d862a3bb,0,0.7031339264218952
ck_9f93059e401c9564,0,0.8322057383944149
ck_5063804137632abe,0,0.5111652471645118
ck_005802d8a4215738,0,0.8287228519696042
ck_63a5101467106c25,0,0.5527550445180485
ck_a3b8c3b9e5997592,0,0.710714335908712
ck_ee30494f78134a18,0,0.17680785843150293
ck_3b5404dc44331c3a,0,0.7412408413982347
ck_49327f9cefa8e773,0,0.6426955477043055
ck_a8fe51327e4fe677,0,0.4187662377018148
ck_b74a6dcd80332a4e,0,0.8918246675275128
ck_d84dfd6a0e46de60,0,0.8811711000334215
ck_c72c7b8c4e5f9953,0,0.8488006939846187
ck_e4d31ccb3594aa70,1,0.9438634621191774
ck_4c0550aa67b91576,0,0.4986678182898114
ck_151ec66aad97d466,0,0.9020684917649501
ck_629a3ea8897544a0,1,0.9551317622155704
ck_0c0d223b01786980,0,0.2724848785676508
ck_a2f7d1d5d2dd8dcb,0,0.45799996384386643
ck_a6813e0cd9fbc37f,0,0.09680383909656559
ck_0918d2f0cfac033e,0,0.6301981199744368
ck_ae45f416ff7a6b12,0,0.18428582518000916
ck_4233bbd79d75f799,0,0.3791227610330671
ck_c956c13d06876a86,0,0.23294383934043075
ck_f9f7763c9038c13b,0,0.12702302848393687
ck_95d6734d6cf49a2e,1,0.9500098045400183
ck_5554c4944bc08a28,0,0.3643716972920202
ck_d2f70a60e03d5d61,0,0.03984835235117902
ck_3a5aa92ecac59167,0,0.6510954565761776
ck_9ee385a143ec0f10,1,0.9375121840210089
ck_aa119eed2e3f5f65,1,0.969473309200036
ck_f19fdf508c1718ed,0,0.47500465714288426
ck_53924c0f6ae18134,0,0.897766108117904
ck_bc8677d5a726deaa,1,0.9416097457965638
ck_7e2c10af2fc8044b,0,0.6465882064071999
ck_151e049a21504fea,0,0.6844902224091652
ck_14e10a9bcd9efb38,0,0.8192985756596467
ck_875d99cb137f96c7,1,0.7805770267687988
ck_7c89faafacce144e,0,0.5724231315295922
ck_4bf998ed96b9b6ae,0,0.5236626757719224
ck_496dcca75c28ca24,0,0.1528373839693867
ck_0d2d96ba0f30cebe,0,0.7268995329056547
ck_a0c07081840a274d,0,0.7600894191604707
ck_34994e2ee7090eab,0,0.4349514281311863
ck_925e0c2e83f469e5,0,0.7750453655043721
ck_00389b209b37394b,1,0.3631424423567566
ck_59d59fabfe9864cb,0,0.4721363956519538
ck_926b2b93aef792aa,0,0.5615647105015987
ck_b98513cdaca06525,0,0.8992002142043256
ck_12b512598b599e55,0,0.822986319790879
ck_d3bbc2809e4c621a,0,0.09291119727763612
ck_ef953899b3773c82,0,0.4878094032307705
ck_f4488990a88f2429,0,0.5158773903889114
ck_fd06a716fc710ec4,0,0.13409124259847346
ck_e15bf1bd3f44e49b,0,0.250153412737576
ck_f87eacf47ebe5f52,0,0.14710085955222976
ck_2e5a4f37d33224eb,0,0.27402145207782364
ck_180afce045ed0b5f,0,0.5533696775424769
ck_f1ebdcf41971f82d,0,0.042101986907137755
ck_5e64ed19c46ad7d1,0,0.5558281821996971
ck_6f46dd99f859c1b8,0,0.16953476469130913
ck_e497b989aeed4232,0,0.4888337780642097
ck_f70f3821d6c37e78,0,0.16133973290477482
ck_439d9158a90ca217,0,0.6500710808125755
ck_751cb5bc08a0497c,0,0.3226794622663122
ck_4a9ae233dd7b7e38,0,0.515262762807659
ck_501ccc9451c29ab5,0,0.40934194624005393
ck_64731ff250e83dad,0,0.7441091009563409
ck_3252285c27833446,0,0.7719722259750378
ck_1eb07bc65bbb5271,0,0.4513414988754456
ck_b8ca4809dbed1cca,0,0.3915177509351084
ck_e33953114afecbcd,0,0.26961661694302086
ck_7f99f33a9202abd7,0,0.07406261897520493
ck_4c992570d380cbc7,0,0.35197670790197694
ck_c83ba01bf7a99b91,0,0.6426955505960061
ck_96bd35657abf68fb,0,0.38096664074364334
ck_3ec51f297fb141cf,0,0.5202822213738797
ck_ea1d4c94995d3d92,0,0.1076622576583916
ck_ce555093d11484ac,0,0.13388636633326684
ck_7e0b7b5c3dfc6bec,0,0.29809435987471855
ck_e3bd6a80355c418d,0,0.12313038565121974
ck_db00a70f31227894,0,0.5017409672434416
ck_6f421db9ae980dc7,0,0.4193808668717049
ck_d100737a2b5da5ce,0,0.09834040738485089
ck_d7941518146cacee,0,0.6076617798859371
ck_76d70fc800cf391f,1,0.9375121879328872
ck_6942c73e1a981066,0,0.6812122132484052
ck_dde287be5734c769,0,0.5617695843948917
ck_0052502c9c01b151,0,0.8520787201929838
ck_b29a67e0d2c20632,0,0.4218393747457427
ck_8d1b34f1775c35ab,0,0.2929724654444865
ck_b3f709d8f9d2ffd3,0,0.34050366297071605
ck_1f4c058bc9fc1d5b,0,0.5109603709217985
ck_c80ce19baf1dac0c,0,0.698421789288141
ck_60700db9d5db3ca4,0,0.11216952745640693
ck_d4dae0373d338611,0,0.36017174422167486
ck_7c46e09e1aba4080,0,0.3798398277054326
ck_29b6270dd74e8dd0,0,0.47469735289212195
ck_617b8cb16f49ccff,1,0.9153855200556135
ck_1c543bfff242eade,0,0.25179242195095414
ck_c506e048c4d17cc1,0,0.8748199496657253
ck_c5c49dea525d11c2,0,0.8127425245354944
ck_6527eea3de366b96,0,0.4660925585110721
ck_5bc4f0b1e0726ee3,0,0.14740817273146517
ck_207a645b133a75cc,0,0.10295011359017403
ck_6e5cc5527c1b18fe,0,0.214095264877998
ck_71a77a8521370293,0,0.6318371262957101
ck_4370c9e17afe5efe,0,0.8326155057780126
ck_f68d0f40a0d8b790,0,0.5369796053931711
ck_bb419710a9e00edc,0,0.288055442867009
ck_72eb27eb2d73c476,0,0.5650475974402412
ck_505f1ca689b5d550,0,0.1516081302434624
ck_b43b504ec597b493,1,0.6582661124514072
ck_c713cfc3e21ebb74,0,0.05982374853470085
ck_32bda0d4e5239e9f,0,0.5810279149367665
ck_2b31c587460a3b7c,0,0.6590856158646372
ck_510403d71f4ced57,0,0.20405634746195042
ck_4e507e273c6806e8,1,0.7965573347656769
ck_a1b23b01e8ac6ea8,0,0.6493540119774388
ck_3df766f09758c419,0,0.5947545958857475
ck_12ddaaa82e081095,0,0.5373893558754027
ck_cdb2bbae5a2615d7,0,0.7160411065070952
ck_5599eef5ffbabe5e,0,0.7990158408344167
ck_c7ad1582eb4260c3,0,0.36631801899328165
ck_9d6dc59f22c01759,0,0.3738984249745521
ck_3cd30421de93ccf3,0,0.025097291960600208
ck_1ad5984bcb8ad621,0,0.39981521914993884
ck_680722e53c8e95ff,0,0.615037308530933
ck_87647667aa2e2662,0,0.4400733267070161
ck_d8f13d31c9510318,0,0.23919255588378702
ck_80eb016fa059103a,0,0.6805975862651511
ck_509d1b632a24578d,0,0.1257937718987926
ck_6c0026e46a47a1cf,0,0.669022101037393
ck_2adc7e3f3dbf5022,0,0.8623225065965268
ck_63bfd54134617ef6,0,0.2913334587772467
ck_da46059f0aacaff5,1,0.9620976919594985
ck_88660dc17717e7f3,0,0.613193435015926
ck_5b0d70b09bd8c7f4,0,0.6726074268986704
ck_5e3a4536a2900518,0,0.7648015853413974
ck_e617395dc4a4d1e6,0,0.7766843804044757
ck_0cc4043d6a322a41,0,0.2796555333998812
ck_ad29224c813576bf,0,0.8797369737680019
ck_6cb5bbcc8f32fa9b,0,0.09936478818210778
ck_3aeba8d835ca0644,0,0.06207738244666073
ck_f400271fc997c878,0,0.7719722217486847
ck_0dba52e9d0eba61a,0,0.6652318920087875
ck_05f36e2be05f4432,0,0.4226588853614972
ck_a783932010263903,0,0.1495593708492273
ck_7ceaa11b09fb004f,0,0.8272887220499974
ck_d5fb0ae35f5edc35,0,0.5877888191098044
ck_0f04ae12797c8f06,0,0.5511160387035633
ck_78b6f2d9069aa9a9,0,0.8223716915917824
ck_1c2da4bce2f2bf60,0,0.6320420192857036
ck_f4edff9c9923a0e6,0,0.22679756490542002
ck_ceadd8ee49d45d0a,0,0.4548243859414428
ck_8ec02505be300be2,0,0.4998970739835693
ck_6d10887196110975,0,0.3675472733159506
ck_bb050583f9fff023,0,0.6449491818761478
ck_5630c741c0d36e7d,0,0.08430641161783112
ck_028b7080ac609f7b,0,0.16431043362402048
ck_949104d0d67e4ad2,0,0.3101820354922963
ck_422d3b3f713b7308,0,0.22761707227128686
ck_657bb91ddda26e2c,0,0.4111858311283351
ck_281cfcac00bf0ad6,0,0.7189093875154201
ck_e00b32d96305e59c,0,0.26080695633662415
ck_4ab7cb8ed78df8f8,0,0.7352994446576557
ck_77f44f7f1571cb35,0,0.08553566707545832
ck_e8504ae2b9b67474,0,0.15970072561629584
ck_6ec01d9803b16e2e,0,0.18633458466568936
ck_55b070b87919cbbc,0,0.22710487836297297
ck_aa68bed358240567,0,0.0657651477890257
ck_ed7e440e2e585310,0,0.48494113680741757
ck_d3e497aed52d0299,0,0.11012076858057569
ck_c953a5a382bbe597,1,0.9420195275201906
ck_b754a578352913f0,0,0.061155440917289056
ck_a1147bdf23e4d7ad,0,0.48852646465144184
ck_202c725b7be526bd,0,0.4875020863809496
ck_dee6797dd446548b,0,0.6161641238978028
ck_a0ba7683ada181db,0,0.6279444842637123
ck_731d3c6556963fa3,0,0.3296452442451912
ck_74b5858958c872e5,0,0.4154882218493468
ck_d996e24a39ec9752,0,0.4272685844954903
ck_542b5d686151f72b,0,0.45584876500533583
ck_277fbada000e724c,1,0.03820934626198847
ck_3589ad4ce184396a,0,0.5752913929480892
ck_f567dfd8cf889c01,0,0.7920500702311685
ck_1898565c7e9b1557,0,0.46179016461497946
ck_31921a07ceef62ef,0,0.36928871774956923
ck_4553b4a094bd0a99,0,0.41815161197766726
ck_57a2cf0a56e0b708,0,0.1387009500497905
ck_3d3cc9edfed0244a,0,0.26808004913722033
ck_db9230598f01f62e,0,0.08809661585618367
ck_fd121c8e580d16ea,0,0.3849617219541115
ck_8f9c6da28be90f34,0,0.05009214539449575
ck_00436d6b09c98735,0,0.7299726679370429
ck_c9738f44dd2ca0f7,0,0.17332496889121282
ck_902e1b83a0438843,0,0.20211002545644613
ck_8e5df24a225ff4f5,1,0.9770538215694273
ck_ea5cdf59e93202c2,0,0.3464450644020031
ck_c3749499b8b0b8c2,0,0.3654985188066706
ck_9e968e0f99f441fd,0,0.29420172185693466
ck_659e4e05af4f3dcc,0,0.0810283984549441
ck_70733e3b2fc2cb00,0,0.2701288088964142
ck_7bf20d024507b77f,0,0.5308333277759415
ck_548d117292736bc6,0,0.8793272198577666
ck_e0266e7e0925c37b,0,0.5656622233168856
ck_b5f495496ef34c24,0,0.5216139151629301
ck_ba74f55fcf04020f,0,0.616881190718723
ck_94082ef2b7ad12a7,0,0.24288031747879274
ck_7318b92995355c0f,0,0.6424906708005563
ck_7f82fc09c3e65a0d,0,0.30178212690310385
ck_15e02d4e7af35891,0,0.8834247403479503
ck_f29ddd23c11e59e4,1,0.989756168335623
ck_6607d1c62a39a923,0,0.1996515171695238
ck_574442658d82b6c4,0,0.8504396968689806
ck_278f8345284a55de,0,0.8864978805150295
ck_4e5a1070c580b2a7,0,0.685719477651111
ck_ffe2bdd663cea9ac,0,0.7105094591908614
ck_1c4d6b6ae96284bb,1,0.9430439124211463
ck_7531b3b85fb56fb9,0,0.009629165256115133
ck_1e0e84aa1c2b2d9f,0,0.10049160436072134
ck_0131a66271ebceb7,0,0.4806387439098208
ck_3b68042140e8764c,0,0.40647368664476885
ck_f3deb15a5bbabd2d,0,0.8535128844764879
ck_f5af41b953b48237,0,0.36385951467873073
ck_7f68cc69f1340d17,0,0.3154063707621624
ck_b207d393eef75fab,0,0.6637977645607096
ck_40497ff724d311ad,0,0.7129679688292618
ck_77e14399aa2e37e3,0,0.5939350974212112
ck_7a3c9990833c931d,1,0.9764392048047197
ck_b2c89ddc23daee08,0,0.3341525132930709
ck_d3a35539d1091ddf,1,0.9715221591065535
ck_203b9a15295b113d,0,0.2786311576390225
ck_2df09596860fca44,0,0.1305059181963757
ck_d43322c1236ec6b7,0,0.6779341949064874
ck_27e16345b6d4cd7f,0,0.49559468103734555
ck_c02ed1500ff87583,0,0.6803927078672145
ck_6d85a435519bade7,0,0.9362829202828467
ck_a7976eca92ee8b2b,0,0.6031545078274788
ck_9162a0c8c7faf3f2,0,0.8033182349006799
ck_6fa842c5a6c018e7,0,0.7822160237624719
ck_7205057d9e716984,0,0.4683461926327816
ck_81306cd9c7eaa9d5,0,0.31591856089028214
ck_c9a700dbf493ccfa,0,0.09209169420038497
ck_0fd5954c0e049557,0,0.4061663708940368
ck_2e165c31a8b2e795,0,0.2444168888123738
ck_3fa4ce32b5393e7f,0,0.016185192348341676
ck_ed859226a80d6700,0,0.8856783938664825
ck_9d1c3b32f11b02b9,1,0.9287024557510986
ck_a2e6971fbc5be024,0,0.43843432578236347
ck_bacd8b6f08e06317,0,0.2630605890635582
ck_e0c0b2549519d3d1,0,0.1331693019375469
ck_598d258e04e7a9c7,0,0.48514601197610074
ck_5fde045d20986bbd,0,0.6017203827161894
ck_6a27ea737b2d7bc8,0,0.8252399652655039
ck_6f7690224d6e8372,0,0.5154676519371434
ck_6083b4f6cd8b47ea,0,0.30280650856461117
ck_17422f788c332b67,0,0.8672395411207339
ck_74fba312de154a89,1,0.9768489608352688
ck_2c3e4e8f7408c1a0,0,0.18571995852310746
ck_c10d84af51b140a9,0,0.6245640334268954
ck_d68bb1236c80574c,0,0.097213590212121
ck_def05326a05b206f,0,0.04384343238201522
ck_1a98d438169b5a06,0,0.4206101189402777
ck_d90ceb4e4892d568,0,0.43310754649505384
ck_0ebfab4fe98b94a9,0,0.272280004763324
ck_41a5d7879c8eadfc,0,0.6310176253591644
ck_ce6b662768e2a653,1,0.95287810562799
ck_f58fab2e98f6d926,0,0.4072931934319157
ck_b4586164e7d6de2f,0,0.6443345568754999
ck_9d33872d84e28238,0,0.2494363491966845
ck_7bac2b7f5cb35e94,0,0.5752913902105208
ck_3d7414fb928710cf,1,0.918868347226017
ck_b842b406daa6a156,0,0.20764167310382237
ck_6bcdb357f58abd23,0,0.5412820081647822
ck_014c4ce90b33c6c2,0,0.4263466434988654
ck_85037de9a913db83,0,0.3390695328629247
ck_ea4f7f0356934e67,1,0.9231708274012241
ck_6b2ba1bde4133fef,0,0.14914961848908184
ck_cdced011e3d5a7ca,0,0.2663386030137904
ck_c035df8a920085d4,0,0.17496397488708954
ck_113987b1883844a1,0,0.4245027630567353
ck_1de9abd3f123dc7c,0,0.4593316596607026
ck_9dd2ff916632c3e5,0,0.19391499105983043
ck_40d94b1368cea521,0,0.20241733909598988
ck_32ae3fcb51d4f069,0,0.08297471939791709
ck_fd7286c79df0a106,0,0.44591228703977714
ck_1327de2e587fd9e6,0,0.7738161039293413
ck_1fa0ee9f182e76ba,0,0.2697190547813789
ck_0fdbef4af6b3e479,0,0.22864145032723215
ck_b30b27f9e5a22a36,1,0.9852488988921144
ck_5f6a6fe389ff91e5,0,0.11278415673198557
ck_e511982c45e168ba,0,0.10049160387221066
ck_a20ff93db90316da,0,0.6881779887778997
ck_179b2294e43a1baf,0,0.9088293966763347
ck_9fa33f453fd48cc7,0,0.21102212645265064
ck_be9eddc27ce15d09,0,0.2526119220691871
ck_ae2ede38311c64c7,1,0.9350536690271833
ck_80a684745f76c3fc,0,0.033497202005814436
ck_d485643ac52f7c27,0,0.7445188708158799
ck_ca73e441f34670cb,0,0.3960250189363623
ck_ea7988bb70ae3184,0,0.6783439479339516
ck_1e16190eef1bd112,0,0.3695960331405198
ck_9657785637ece157,0,0.39049337042280463
ck_bd81760899adfef2,0,0.01987295750551222
ck_da51549f7196ab12,0,0.4081126914714772
ck_62f1e708aa56a472,0,0.3570986054290245
ck_5d4299e6fcae3a21,0,0.3396841611164151
ck_382011aebbb98f60,0,0.8891612716469012
ck_fdb8b65fe6927ab0,0,0.5888131966387395
ck_2a3859d52a442dbc,1,0.9729562677560665
ck_e03865a975e72fe6,0,0.8272887280918914
ck_49a003707a9f16fa,0,0.1303010403037182
ck_41522e573d7b858d,0,0.5327796494497259
ck_e61892bcb40b537d,0,0.5762133311871379
ck_42fcf5c6150aba3f,0,0.23028045453699655
ck_d10391fbd1f966c9,0,0.6853097408493585
ck_be2236a9070357d3,0,0.3506450145783462
ck_57fabdef984bc9ba,0,0.29215296531280616
ck_73330623ea328068,0,0.6390077810124765
ck_7f3b88bca197425e,0,0.4101614497115134
ck_c64491839f0c9b27,0,0.4818680009128105
ck_d1934567d938862b,0,0.8108986403207887
ck_1ae11a40f6772efb,1,0.9959024746408237
ck_19a61af107d6b8be,0,0.5787742927161094
ck_990866fa343e5221,0,0.48278994511125656
ck_558ad60a215aa4c5,0,0.689612128255378
ck_b84fe2f288ed6f45,1,0.9834049945396746
ck_7d4cf83ae9f193ad,0,0.08205277694420243
ck_1da4c6e4b497d084,0,0.6287639881387401
ck_f7402903dec05d26,0,0.19350524063098343
ck_3d6e4c0c556ddf04,0,0.26910442813176594
ck_d824996ca03bb93c,0,0.7240312679289862
ck_720403185820175e,0,0.6049983901864586
ck_54aebc191ddad4c3,0,0.13030103919255057
ck_6b823ebb86fa6593,0,0.4265515198241572
ck_b1c6701697a9f63e,0,0.12722790299402212
ck_4d0a0a924feea433,0,0.8149961644107729
ck_3160e4d5b8042b05,0,0.488014275310778
ck_639673dbe59486c9,0,0.48360944370932735
ck_fe8ffc5cb7f44c73,0,0.6308127527857644
ck_c0eda6273d79e670,1,0.9973366025624291
ck_202a1d176ac859c4,0,0.257016753362513
ck_46409faeb2b0f76b,0,0.5847156934672302
ck_cd70d2a92ebc7a58,0,0.31305029952001295
ck_8466724668601708,0,0.8422446866726159
ck_4cb2b0b47644cfeb,0,0.1704567077439558
ck_291e15c520c8b955,0,0.658061239847533
ck_7cdd0cbf6a5bf2ff,1,0.9786928418904256
ck_203ae93785f8e60e,0,0.40094203780697085
ck_ebca022c6d2ce0bb,0,0.8676492991623636
ck_3a902239e31de286,1,0.9829952402221578
ck_00ea14e4142a35af,0,0.4980531927784958
ck_bd5e6b0558ba34e7,0,0.1874614010875979
ck_2c51a53ca1453356,0,0.6484320705740452
ck_c824c941fb08cbdf,0,0.8131522774915169
ck_e946388ec99deb8d,0,0.19709056737274194
ck_8c260fc1a4dfdbd5,0,0.3738984281596383
ck_d99299960ccfd0ec,0,0.3028065059375612
ck_fa977fb0189be58f,0,0.2007783324941299
ck_222f3a158277539e,0,0.406063934919191
ck_284ad414769dfca3,0,0.15836903150520357
ck_733b147b036842f2,0,0.3462401868154555
ck_482070971a73da13,0,0.36201562534394083
ck_94bf4e84d574f9f2,0,0.813357177740981
ck_d800faf6f9c2cc84,0,0.41302972147297223
ck_b3b93531e949c292,0,0.3412207269904612
ck_35fae5feec9a2e38,0,0.08184790150093355
ck_35905a9e82d23ea1,0,0.34869869686902416
ck_1d75f3f6f051ae3b,0,0.20180271347908194
ck_65d99071720af02c,0,0.158573906234796
ck_ab6726980095caa8,0,0.4796143640647324
ck_d55840cb81a1345a,0,0.27617264667227787
ck_60dcef11355fb243,0,0.1931979261561957
ck_3085558886d0546c,1,0.969473349012161
ck_4d7b3d4b8cc50dab,0,0.47305833680780945
ck_704a74f15d27b5b2,0,0.7385774554494964
ck_27251c74e4000136,0,0.6932998852218525
ck_c802f28f0a1890d9,1,0.9616879641255799
ck_6f25862f41c3aea1,0,0.7635723115934093
ck_67378c20d7678343,0,0.48483870159511927
ck_dc667e679d9e3031,0,0.5044043579843763
ck_a5b014fcd9224f2a,0,0.15304225896463208
ck_b8c044dfe7da97bb,0,0.5117798874682132
ck_f320d8cd259b4f34,1,0.9200976681337164
ck_82a8893fb591ca5d,0,0.7105094594848214
ck_be2f2d27f013fdeb,1,0.9225561241886135
ck_00433ddd95d069b1,0,0.5027653371814229
ck_53f36d6b5d03e964,0,0.39028849234335455
ck_ed356bb2bb08b5ee,0,0.584510802878046
ck_6e25b01b4b9912dd,0,0.42491251209769004
ck_667aa1105462b9cb,0,0.5013312150147226
ck_22bd856ee67cf075,0,0.680802458255271
ck_d0406b4ed13ec952,1,0.9479610006599055
ck_69621cec77dd8782,0,0.5789791547258291
ck_206aa4647ab40716,0,0.5212041633000697
ck_6e7c6d1445dab5b8,0,0.4222491289894819
ck_1513f76246257d80,0,0.7498456294058079
ck_e9719edea731c462,0,0.4247076379616787
ck_82875238c8ecdbaa,0,0.048555576780831444
ck_ebd86c69a74c738e,0,0.9198927288874523
ck_37b6c04d685b702a,0,0.6349102642298873
ck_52c97d6ae08954a4,1,0.9944683253541405
ck_dfeff090f1f13b16,1,0.984019642920218
ck_00a55ab2b8cb798b,0,0.19289061061212398
ck_d21d0b811fffcc7e,0,0.43269779896701105
ck_81611fb100aa547d,0,0.1547837028194503
ck_71d3e0aa8da4d79a,0,0.3688789678640781
ck_60adbaeb7df35b87,0,0.5109603700478846
ck_30911cadb0bbdfca,0,0.2649044726728846
ck_65c4c8c39faea60b,0,0.323089214739376
ck_03fb3e9738d4759c,0,0.18213462952317647
ck_c549a76c880bd3e2,1,0.8815809032685104
ck_7836341349d88047,0,0.6838755948560686
ck_b1bdb3c7c335ca05,0,0.21952447232061234
ck_0a1b3638b4b80cb7,0,0.08942830769922581
ck_bb3a4713f1286074,0,0.4880142778815958
ck_aedd70fae5a5ad2b,0,0.6238469683855915
ck_df095a65df014fb5,0,0.5098335524927433
ck_a569d4ddd179b063,0,0.4410977031889834
ck_80aedf163867d8f9,0,0.08471616338328347
ck_42af727fa60f0bd8,0,0.7469773670285814
ck_e9fdca0e5fb2eb25,0,0.21716840085570832
ck_047e452414925eaf,1,0.956770866323271
ck_5838200310ef5e09,0,0.8379422632046105
ck_cf71a2c8134e8392,0,0.4341319258088056
ck_7193551f5f675006,1,0.9629172467907672
ck_5a49d83b272af9f4,0,0.8356886326979155
ck_4732e43addf96c0f,0,0.11391097244379561
ck_7babf1ddda2d746d,0,0.010141354876727866
ck_40947b030dd37ac2,0,0.5674036683807963
ck_b14b3cce8df2d0ed,0,0.06484320604527767
ck_811cd18b5f18710b,0,0.0421019876051912
ck_81957126a4a7b2af,1,0.9330048608337468
ck_118bc3f0eb980fff,0,0.0910673141392237
ck_da1427859c65c4f4,0,0.6472028157720242
ck_6a78f4bff3d4dd78,0,0.47818023357297224
ck_b550d63468f2aecf,0,0.7289482932792741
ck_c2cc1684e793331b,0,0.8897759098206194
ck_5df59ca564788951,1,0.9920098115667496
ck_255c9bb8b7d9733c,0,0.22597806101426066
ck_533c98f2ed5017ac,1,0.9846342706859132
ck_6f53b97bfa032d66,0,0.1684079478250722
ck_fe198aa52f69c496,0,0.6916608785840109
ck_6e9308935da54123,1,0.8293374763852831
ck_5c2b1ea0f322496e,0,0.33650858702213793
ck_61cb37367a84e73c,0,0.7119435887950502
ck_cef86f6b1dee0472,0,0.5111652491127378
ck_eff8944eff0dfdc8,0,0.38823973987961313
ck_bb6c72734bb204d5,0,0.6937096367956139
ck_a197d37972786e85,0,0.630198119070042
ck_7b9d3541ce6aa723,0,0.5687353870675893
ck_42f10fff9127e1f5,0,0.518131027012223
ck_c2b52600fac91040,0,0.6904316241666609
ck_390360a7d4ba5f58,0,0.6267152318035023
ck_a95ece3d35d6e7ca,0,0.23990961835559352
ck_a2af8ffdf6153c49,0,0.6312224993129242
ck_d05f061bf0525726,0,0.29706998442316795
ck_6fb95aafbbe8abc3,0,0.15365688731443475
ck_320df1d00218f5aa,0,0.12354013967409161
ck_9b5fef82c6ab768f,0,0.39520551506547236
ck_6c7e2c4f87c2d723,0,0.3859861006677288
ck_ecfbbd00ad82328a,0,0.4046298031324115
ck_5ebf6433c3efb296,0,0.15437395181214852
ck_b215d773841b2d1a,0,0.128252281823197
ck_d638379566ff273f,0,0.7869281606024088
ck_9894f361516c1edb,0,0.8168400485854025
ck_075d52727d1ae1f7,0,0.287235941277505
ck_a6fa803d1836f5f5,0,0.8647810178887483
ck_31972ccd68c6460b,0,0.5244821852766738
ck_9c48b4638bef8709,0,0.6586758678612018
ck_20a9653dfdc2f197,0,0.1129890296299747
ck_f6e4952ce2583e7d,0,0.036775215302729036
ck_b14277ff1b30496d,0,0.8556640367279498
ck_f09384f0d3ca65d6,0,0.9373073284379316
ck_3b7359c8baee9e84,0,0.5547013668617767
ck_862b229ae20222fd,0,0.8203229320676673
ck_58d28d49078fb7f6,0,0.13153029534290908
ck_4a7974be5fc907f0,0,0.703543687824865
ck_3ab8688b7b08096e,0,0.3760496267823355
ck_b4b83d28e18ae9f9,0,0.34716212668739027
ck_812aeee22ecb5544,0,0.4773607299248097
ck_95f2cb65ce8e9efd,0,0.8158156630409961
ck_8c6633b5155c60a0,0,0.08953074542450631
ck_0a4d7e17b961345c,1,0.9881171662667003
ck_d0c717e1c266b743,0,0.791640319840912
ck_5525991b6279fcd8,0,0.5236626742881563
ck_79268bca8d486a17,0,0.8016792277247836
ck_b9a330a30a432bfe,0,0.06125787986044444
ck_a9874e3d1281b4c2,0,0.28108966710980904
ck_12b0e64218569422,0,0.33251350947479097
ck_045bf4d916976deb,0,0.09711115248820418
ck_405b5b0e5c4731a2,0,0.12845715668281923
ck_cea0ecc411c43429,0,0.8780979578419169
ck_46a484466148e16f,0,0.2933822199943365
ck_963ab871c428c360,1,0.7777087683007099
ck_c24dc595b21d0a81,0,0.9635318903565334
ck_b024971e4340c018,0,0.22095860359385855
ck_2ad5605dade8cb50,0,0.4197906168314067
ck_f82621beb1704865,0,0.5929107128484054
ck_87b8c8ef7678c8d7,0,0.40729319928118685
ck_a71aea62a6a9adc7,0,0.18131512525570212
ck_41c8653066e874d2,0,0.0717065474324446
ck_d5ec25fe5228caea,0,0.4288051533918286
ck_8eadd67bf2176f02,0,0.18869065673080032
ck_0c57d050683d082c,0,0.41712723050310213
ck_f84a4afbdf9a4919,0,0.5871741964014136
ck_1b2761596e67b6b6,1,0.6951437716951714
ck_d3f617eb6e90793a,0,0.5998764956289397
ck_bafa2a2d1bbaed78,0,0.4306490373821886
ck_8493543ab3be6a25,0,0.20180271266402486
ck_bbbc2f4c7df95925,0,0.6167787506654989
ck_8cf60b9d8e4601d1,0,0.3982786529192825
ck_2074e2a6d6e7e54f,1,0.9969268545405581
ck_4d4a03563cef5f00,0,0.24359738686560176
ck_086083204171598a,0,0.27699214775662656
ck_c5885090802b71f7,0,0.48084362775309725
ck_122e797e93b0f1f1,0,0.8656005324919738
ck_b1ffda9d6fac6275,0,0.19913932679432772
ck_feeb4fb3dea26b8f,0,0.22946095188261034
ck_577f1b65519a9c42,0,0.48002412420484203
ck_3b627801e387824a,0,0.21819277795097833
ck_e0abefeb3689eeb8,0,0.5761108921151383
ck_f9e7ace51fcc0f6d,0,0.7715624788678926
ck_9bca43b3b6f120ff,0,0.2780165266785723
ck_f9c299726afbf95a,0,0.09485751830798701
ck_e0ce5ebaa1782e22,0,0.01444374765216154
ck_1d37f4bc620edc80,0,0.18490045312294223
ck_8ea9fbaeb56b3079,0,0.2444168886290764
ck_4f253e146a33ccec,0,0.48576065102976823
ck_50c297cab80a1bd8,0,0.2560948107626144
ck_d9c9ac71ec2bb82a,0,0.2516899812607454
ck_797b1a0a6f302631,0,0.39172262647435724
ck_396867780e3e4381,0,0.7621381812732695
ck_1bb156d2efb65625,0,0.396434770451714
ck_6fb6fe4014ce0b73,0,0.8985855783848637
ck_26bfad5afd8574b9,1,0.9457073703881577
ck_eef85cf2d94eef15,0,0.4172296679600696
ck_050eb6615a03d502,0,0.6541686020867858
ck_b56dfa2f9958fe2f,0,0.6327590679155606
ck_2d943da9f8f841c7,0,0.41692235457904203
ck_9ea2325cc12dad1e,0,0.7996304673171715
ck_06018243b7c22aa1,0,0.20385147043964863
ck_9b934735f1d26e60,0,0.5035848400672701
ck_4103e10f3a652288,0,0.5400527440288249
ck_f469707f25fa90f5,0,0.3892641162113064
ck_3e28d8728d461860,0,0.35617666359455635
ck_cc47af0b69523158,0,0.36857165365495925
ck_ad9fadbb5da88ee3,0,0.36037661972749874
ck_7d9cf6654d829428,0,0.06832609576012753
ck_778f00f2c44cd5d7,0,0.777298998238002
ck_464fe5b0c97f7dcc,0,0.5761108924663353
ck_ae5e689f1f6f7ae0,0,0.8037279876478997
ck_00dd35563f53c1cb,0,0.40565418256913277
ck_5242b74102a73758,0,0.6510954623946057
ck_ff4b27a595a21cc2,0,0.6420809193438433
ck_f33cbb0abcef5234,0,0.7484115022105514
ck_c0513fe82452ec51,0,0.459741418862297
ck_271fee487b92c655,0,0.8137669232739159
ck_e526e3916e779e8b,0,0.38762510806802425
ck_a319a53129c21bdb,0,0.6336810120113533
ck_0d97d9fd78905d8a,0,0.6515052126307651
ck_4847c44b338d462a,0,0.5136237565915606
ck_480fabcfe608dbde,1,0.9817659875598247
ck_5ea808b93cb2af9d,0,0.6787537034163795
ck_5e16480bb19934d6,0,0.8231911973642584
ck_4adc379b59b511f9,0,0.6244615949078024
ck_7b5906dc6ab203ae,0,0.8653956485581619
ck_cd506d9b787d4f2f,0,0.07016997816302623
ck_0f7845a8d487a91d,0,0.19831982141043986
ck_dd5cbecde8692114,0,0.7463627422661664
ck_409765cec3299c2e,0,0.5818474171064455
ck_643b89d9bd42ceea,0,0.4417123323085165
ck_930b508c841a5f92,0,0.17025183299782942
ck_bbcda769b9e02c5f,0,0.5230480454842772
ck_36d54df65c782649,0,0.7967622113017228
ck_1af75e26e82d477d,0,0.7436993541807166
ck_d344c8d44fcafd69,0,0.7379628256279054
ck_dfe2323b5001ff28,0,0.46117554799842403
ck_86b6f3ef546b198c,0,0.9127220484697169
ck_f1a9cc5be170bed4,0,0.3062893939006952
ck_648f1f6eca33b94c,0,0.2425730049234015
ck_82441cbe5295e602,0,0.6084812789652319
ck_c6d7e36b0b686754,0,0.019565643578065305
ck_370a1db0f6a518a0,0,0.5296040782591337
ck_e3585d56b4eb9ae9,0,0.8383520214542828
ck_5156cc2543faef44,0,0.7191142439307244
ck_1104cd02525e8a89,0,0.4662974347005882
ck_b3eab9a57a17b653,0,0.14576916554635086
ck_a774728ef0e6d94d,0,0.636549271238081
ck_2d4d49822f030044,0,0.6439248039976668
ck_fedac379365b4ed9,0,0.7630601203190244
ck_40ae2dfb35566efa,0,0.7482066400839028
ck_cd32569be1c0688b,0,0.2976846077039408
ck_4ddd5dedc4b116b4,0,0.02509729175341814
ck_c1169e0698b16fa1,0,0.7791428830953133
ck_8a1cf62d31e1b007,0,0.18315900864751725
ck_9c90d0c049651bf8,0,0.6803927047980425
ck_2268354b23c8330d,0,0.09147706689179555
ck_085c82bd6f9b104b,0,0.5554184377257501
ck_8ff562dc56aaee1e,0,0.514033509605877
ck_7f134fb64c990b56,0,0.09239900892518535
ck_7ad52944a8be8b3d,0,0.7074363203147517
ck_356d0356adfa7090,0,0.45953653268298794
ck_8705346a30b4c6bd,0,0.12364257634624772
ck_23f3742a732382b5,0,0.2556850634047219
ck_5802b86b0cfe2773,0,0.5527550444954168
ck_fedc0283b7104427,0,0.12108162772312707
ck_e4467431d187da92,0,0.9559512968278786
ck_bfdfc7639f9ef6a6,0,0.5877888211667928
ck_c8aaedea847df4ae,0,0.5320625849982709
ck_b974952b20e398a4,0,0.4124150842608573
ck_5e98fa50e88251d2,0,0.7802697279525553
ck_8be1dcb0290a767d,0,0.09127219193511908
ck_546fb835b1f9874d,0,0.3155088093740176
ck_58ff931c2eb77129,1,0.9731611747963709
ck_c04ff0cff9deb1d7,0,0.692070634929819
ck_8813e2ed4a90b148,0,0.3703130986145486
ck_c1d32979d5297e84,1,0.9942634584707439
ck_5dedd19be9985f75,1,0.9618928218544383
ck_cba7c8cd366837a9,1,0.8221668191736461
ck_34d9cb603aa6c732,0,0.8317959883515362
ck_4333f046ff413559,0,0.6018228125735724
ck_7db613f962e0129c,0,0.3892641133426583
ck_a1e08a8be2c894b8,0,0.08236009179554982
ck_3e0dfa273d04ed96,0,0.08563810564911851
ck_80e5db0dc1fde535,0,0.8119230299867641
ck_62e2ab55a72f744b,0,0.36058149391413247
ck_3a9eaaf406ced19d,0,0.11698411042407446
ck_2499ea1a44428b85,0,0.5370820442545394
ck_bb69b6d875b205c6,0,0.10653544087457346
ck_0e7bfebae3b5efaa,0,0.780781888654009
ck_7826580fffdbb82d,0,0.0949599554627328
ck_7ecf31fc0348a865,0,0.3611961218241343
ck_62fc0e2e67cf075d,0,0.4343368049844034
ck_dae0b3e5513200dc,0,0.661134379011057
ck_05a062299b4dc519,0,0.29215296431434074
ck_ce26f955b7649da8,0,0.8881368874551046
ck_384e509d0ec52e20,1,0.9862732570354847
ck_62571c037b3c2aae,1,0.88813692570073
ck_bef9756f9e3b4154,0,0.5681207345005771
ck_59fc87232c1c035a,1,0.9797172038415074
ck_fdfdca94c19f6c91,0,0.496414186432589
ck_893c046e080970bd,0,0.7127630942294719
ck_ef0abe1c7d86eed5,0,0.16973963999680067
ck_736653cb17bbb740,0,0.5035848441749698
ck_9b5e0739bc1a9e9f,0,0.3262647911262762
ck_7a56a46e6109926e,0,0.8248302032781801
ck_8cb2a84b2bc93666,0,0.3213477678914498
ck_7f0fc88888452d18,0,0.6558076025899965
ck_0d5e435142173dee,0,0.5550086793187703
ck_b0ff415d37a96684,0,0.5505014101046949
ck_2f5e05deaa9967c6,0,0.9014538485857044
ck_41027968a50bdfc1,0,0.5156725176980225
ck_d5f8595079e493f1,0,0.798606087475723
ck_22bd0753d075a0a2,0,0.21399282406731587
ck_ca75b646a89a1b02,0,0.46219991668026605
ck_611eccfd81a42cb1,0,0.03800446988314417
ck_1c2d556d442c7c4a,0,0.1662567507003466
ck_695c504c4dd85646,0,0.6657440829499953
ck_5a2cd27719ec2a66,0,0.6086861563268288
ck_e99b761a569203ae,0,0.5767255199502457
ck_c5c7f1eb3db41b65,0,0.10663787910278547
ck_189556004c73a5b3,0,0.7430847214675139
ck_74f4042e3984a1ca,0,0.3493133230913478
ck_f6116c3b14d5a1c1,0,0.22802681945460793
ck_6cdf7ee2dc363b85,0,0.07252605107369013
ck_348c4618af0b1a23,0,0.2963529152973351
ck_3c010c65171f4a80,0,0.13798388347221444
ck_90cc4c6c545eb56c,0,0.48022899981522504
ck_1e863432fd65c6d7,0,0.3148941820198212
ck_974784d4adf02d78,0,0.7811916425422026
ck_b1925c278e078e11,0,0.28836275652656485
ck_97a76b3a1f90dab5,0,0.10909638970614176
ck_c3721a38c323794f,1,0.3450109353924166
ck_b88110ed2cb86956,0,0.20333928099331436
ck_dde2a7f06279a078,0,0.42450276064125014
ck_0eb0d54f73d87251,0,0.16287629890415745
ck_f6c9581ea6649228,0,0.13060835312161873
ck_ef93531b10769328,0,0.44939517571682536
ck_338ed2e096f9bcf8,0,0.2259780601886138
ck_f9a1f2ac64c610b1,0,0.832410641160018
ck_a45819124d3ebf6a,0,0.22925607656619942
ck_c74ab3ef1e9bd0c6,0,0.6393150955258979
ck_27345145442b7009,0,0.4542097581562387
ck_7fc919e6e40e4361,0,0.332001312335312
ck_90796d0bcd20ffc3,0,0.8379422657280667
ck_c83fe6c881bf55aa,0,0.8424495416784086
ck_f287de749ec168ff,0,0.1891004097314783
ck_90c8ca0bd2e811b9,0,0.6148324452759295
ck_711ba7b75b840644,0,0.1415692112032208
ck_0e3668eb5c9d1025,0,0.2210610401113303
ck_42780e1be18b2085,0,0.45523414038482024
ck_4d8ef9c58607a08b,0,0.37246429495582106
ck_65e3b77b5c2d7565,0,0.4976434403473675
ck_a2973a4152f68f3a,0,0.47008763993650354
ck_a46f40d9f7e0cd11,0,0.8365081393807426
ck_3be48c1588b004b6,0,0.033087449928555834
ck_df962957355cd5da,0,0.20385147173508786
ck_7c398427e12726de,0,0.7549675402199773
ck_be3b0fea2c5e8695,0,0.3519767098923775
ck_23ee65aba7774f45,0,0.16133973061542478
ck_62afe862a813b283,0,0.45113662309195257
ck_6a55b5c203a1e19c,0,0.3087479045964811
ck_3cd6cea5d00aade2,0,0.14259359118671477
ck_d6348d1d3de03eed,0,0.14935449491559305
ck_2557b3ca171d5a82,0,0.6111446653266207
ck_4003717ce82eae8c,0,0.6379834028810635
ck_398177f82f90dcd8,0,0.7721771048341597
ck_a5ff523efcbb77ea,0,0.5271455665074483
ck_a788d16ac3ac5431,0,0.8879320178236383
ck_80da24eed4f323de,0,0.8985856519545392
ck_bcbdefe06b8e4638,0,0.8975611969740986
ck_71436a4b75f050db,0,0.4004298469114291
ck_18601617a9482311,0,0.08317959457892628
ck_3f0595d115540348,0,0.7990158482140429
ck_e3c64961bf65b42d,0,0.464248683085017
ck_c9d0b85bfb723266,0,0.6840804768086581
ck_1e5cddeee9949a92,0,0.8860881607987685
ck_3b3600f82c9fffe8,0,0.130403477797043
ck_74c6b3b891e583a4,0,0.6935047615222683
ck_9004ad59a90e8484,0,0.3443963110676358
ck_34e58b9c89476dd3,0,0.7772989991871132
ck_1f3adf13c99d8c43,0,0.11759873828770549
ck_ae7be498d0879beb,0,0.40862488232089533
ck_8d4e72ddf47a4940,0,0.831181383671958
ck_f1fd480e7c6bad60,1,0.8793272156991314
ck_ac28adaa25a579d1,0,0.35156695821329703
ck_e9882d33e7d7a424,0,0.17629566724444568
ck_ac409fc361f807e2,0,0.15550076996447432
ck_87c7da7a874e7f85,0,0.2162464592202666
ck_c7cf8a367dd09769,0,0.26777273732157636
ck_69b42fb0095dd810,0,0.7621381804170867
ck_c1084f3e680419f6,0,0.7775038813396293
ck_428388054cc8fd8c,0,0.7141972288002535
ck_9759905bde2a7521,0,0.807210909365974
ck_b3fb91a6c2284936,0,0.7502553791985723
ck_433cf04ac6827e4e,0,0.35259134097945344
ck_e0c5fd6e56c0c57a,0,0.06381882695654544
ck_73fe9f07bca42adf,0,0.3634497559933778
ck_dd168cfd610da0de,0,0.648841822671891
ck_38905519dfc0ee22,0,0.14156921237752929
ck_13a3712a017d93f2,0,0.41487359649080213
ck_8c93ee95660c1723,0,0.3478791912927465
ck_2db4cd3109a8900f,0,0.12046699983362089
ck_918597de7490b97b,0,0.878712638936858
ck_58001d7c6f699a2f,1,0.9733660489911928
ck_186f22a8d121d19e,0,0.405449312865371
ck_895d6a34e2419e1c,0,0.6687147850991408
ck_82936a76d966284c,0,0.3480840770226341
ck_7796792df9a08dd2,0,0.10325742750139914
ck_b5cf3b70dc63c8e3,0,0.40606393325356616
ck_22aee306e7c7719a,0,0.8707224518363844
ck_492482b8c42c936e,0,0.3280062346319379
ck_90b831b2cab9208f,0,0.11493535080586206
ck_fed538f030ee4137,0,0.05972131008959411
ck_279825a4897786f4,0,0.03267769842812775
ck_52d1ac7129066ed7,0,0.4451952228754005
ck_b2bc7ce800b08b95,0,0.19104672852690624
ck_d4084ce301b26c1d,0,0.524687052122864
ck_4de0a5587f891762,0,0.7668503253981421
ck_a29d7730e244f8c4,0,0.662363629638601
ck_317e9c4bd9c012ad,0,0.5974179939690606
ck_7fac295ab7cde1eb,0,0.6482272006996466
ck_8c11dc23abba74bf,0,0.8713370609247204
ck_13584243f3eacc04,0,0.06402370258335874
ck_00dd7159a6292ed0,0,0.33456226367490305
ck_abbc9966412ed9de,0,0.5505014114810448
ck_4b162dc39c8106aa,0,0.3958201398990919
ck_260eb4cf2a0fd4d8,1,0.653758845846998
ck_a897bf92960cc517,0,0.8766638497059793
ck_749e712745878a38,0,0.45707802463878033
ck_9a248e7e46af922d,0,0.2076416739335911
ck_134560269719dcaa,0,0.32534284993057183
ck_a9fee4d15725cad9,0,0.6746561824378542
ck_56ddb2567b4d9743,0,0.8701077955699746
ck_67fa3088326e496d,0,0.47019007656258754
ck_2ed96fb6b3ebdfe6,0,0.40401517616701343
ck_883a1ea8da5d6e87,0,0.07846745051257123
ck_37905c1092401d50,0,0.3216550823146973
ck_13481791f0eb97fa,0,0.8141766967186601
ck_0e22aaeefea11c21,0,0.464248677891405
ck_9f348d294b5db65c,0,0.4396635730380459
ck_e0f0ebc05d1b09e7,0,0.6203640781940781
ck_d09fcb25cd65888b,0,0.555213556080927
ck_2756050caedb3c5a,0,0.5151603288490715
ck_7ede2f3cc76e569d,0,0.41333702636271674
ck_7c0c8c9e79a8cd96,0,0.4173321115011538
ck_cab6ea36c5238aac,0,0.06484320576589388
ck_bb31d3edc6b824e5,0,0.29317734220540964
ck_fbd3d70e0bb5185c,0,0.3573034835479085
ck_51d77576447152ba,0,0.35802054565967645
ck_de64732a2127dab4,0,0.1882809049502503
ck_e584ec5d0727be66,0,0.5007165795215078
ck_f51da7582c4db39c,0,0.7119435912007646
ck_d2785017b4d2cd5e,0,0.5418966257308862
ck_988449be20462f11,0,0.5759060170316929
ck_ca11faaf18568cec,1,0.9819708314495741
ck_b9ce378f2f599374,0,0.33845490287142677
ck_3d0616e1cbb92904,0,0.07559918916401775
ck_2b76ff818a95110a,0,0.4503171203762855
ck_cc73c28778005ed1,0,0.3707228509119863
ck_43086d88dbe05c10,0,0.12231088127943207
ck_25f3de705e71d8d1,0,0.6316322535648831
ck_494d3a8c948f36b3,0,0.6322468786021823
ck_96f737cacbbfebff,0,0.24380225937353034
ck_d36ee4ffacd66e50,0,0.06197494380203233
ck_ee7e7b93ba016570,0,0.8279033427711818
ck_7093955759b1c40a,0,0.8658053998980185
ck_9748ea62fe37c137,0,0.7566065330191601
ck_af7f72ce18cc7dad,0,0.5859449332983203
ck_31222894b30f8f26,0,0.7779136214586594
ck_d898e81d68464335,1,0.9010441496407238
ck_e16c3ff91a77d973,0,0.5738572591941722
ck_4041d7ee1736e819,0,0.13142785827378936
ck_7f7e6cc2be9ce963,0,0.7990158398349725
ck_05473fa3caef9524,0,0.9635318732299483
ck_920407c1a18a350c,0,0.535955228091506
ck_c729e22a3ee4d873,0,0.3531035247400256
ck_409f4412acca02d4,0,0.9487805326860191
ck_aed3a70510a7ccc5,0,0.2061051034786296
ck_691e9510c80e792c,0,0.2146074562622142
ck_459cdd36e026dbc8,0,0.18571995983894107
ck_5e79b4387753e309,1,0.893873460966506
ck_ecdf680a42e52a1b,0,0.583691302187771
ck_ba26e71ee201ee72,0,0.2687971160783929
ck_99963bed1d5bfddd,0,0.8068011265704792
ck_73ec86aa06290120,0,0.47858998636913963
ck_b4c6380e7663db40,0,0.10858420066898329
ck_825c3b8742ff1c16,0,0.2985041130047284
ck_51d3f0507e1e8339,0,0.3100796000024777
ck_253e0fe2d0455db1,0,0.1575495282981304
ck_3d9fb4d774c89ba6,0,0.32862086172621896
ck_2c903b6b24c7b4e6,0,0.7240312650459336
ck_486dd45c2dc19ac8,0,0.3661131448110533
ck_34c1d54ac33144f3,1,0.9350536876331875
ck_349e524280bfc4ab,0,0.0515262763699704
ck_5b06cf7fd483ecbd,0,0.17066158425729513
ck_e64e5a78a31a3f87,0,0.7076411964916882
ck_072d852b4d7a881f,0,0.44478547028107557
ck_357a9287ec2cc14e,1,0.946117121323694
ck_0ddb7f05f96ab6b4,0,0.7670552183030557
ck_c55f9697250a3274,1,0.8932588005457752
ck_369934e5a246fd7a,0,0.48084361958712996
ck_d2acdc57a4377d1b,0,0.4199954914465231
ck_ed3069cdab888c95,0,0.16041778943330662
ck_9e8cc920f16228cc,1,0.9977463535555132
ck_e74b91fc7d4dc246,0,0.2262853745335122
ck_adcc74cd968ee285,0,0.5990569891872284
ck_e0fb3544cddbee60,0,0.5603354559924966
ck_d036ccce3e3664ed,0,0.9423268630266927
ck_46cfe6e2ebafcd6e,0,0.4649657453298748
ck_b4e08f01868afb3f,0,0.9297268188863238
ck_104b3865383fb5c1,0,0.794713457148399
ck_8327b5a3d6afa89c,0,0.49190691568778366
ck_fde9c63ef314a414,0,0.6820317383006725
ck_b1dfee50dc9d3984,0,0.18684677366249083
ck_921253e9da1d85d1,0,0.5279650684652591
ck_3ccec7106c8ff311,0,0.6081739650882951
ck_9cc153471c3e7e4b,0,0.7617284282807087
ck_84c57e60d6e9ff37,0,0.7136850333089135
ck_0aa4c3c68cca4693,0,0.24072912237328153
ck_07f55d0151f8ab94,1,0.9803318657586297
ck_15dd0007a76cb4bb,0,0.34972307853716117
ck_536d598282f535a6,0,0.015263250803137614
ck_45e7a4bb796b22d5,0,0.7266946690010254
ck_0010e31baa4a1fb7,0,0.009321851483473064
ck_362423cdad5641a6,0,0.5562379379524329
ck_56abe0473592b8be,0,0.021409526742117324
ck_ccbdf9e3f0fe3ac4,0,0.2787335923837455
ck_809ef8800f5b856c,0,0.5433307575282705
ck_9aa35b761430943a,0,0.5701694949300186
ck_4ec8b1a1eb4c1319,0,0.26777273515662514
ck_6f9f6ff7b58a5912,1,0.9872976673140464
ck_206eef87627cd5a4,0,0.056033545267314286
ck_2bab2bb134e4dd5a,0,0.6334761327687464
ck_19b9846baaee49a9,0,0.6312225015493352
ck_fab17baef1559ebc,0,0.4393205189313441
ck_a261301f1cde36bc,0,0.9648999680983301
ck_bf6888b3bd6abdb5,0,0.27070402334113985
ck_4408994072989b01,0,0.3310389047037859
ck_4ab89c81a9f487bd,1,0.9733882288062249
ck_5ed38135e3a798a3,0,0.14085785894140584
ck_48cf1da82cdace97,0,0.2902038937848257
ck_c47bd0e6f9ec26f8,0,0.6457896979890775
ck_159b5dc2f058d003,0,0.550813871210316
ck_b35bf80045d741f7,0,0.09692580469277019
ck_4d5197b17fb74b8d,0,0.035902695316570477
ck_8c29dca6b626b531,0,0.21128678451793925
ck_5fd56724f94bae59,1,0.7926122414574154
ck_c1368e8be29eb32e,0,0.39137378646113175
ck_b4806b181727ba5f,0,0.974305879440556
ck_b8a08ad29f7be086,0,0.5698549233008567
ck_4d354b2cce077a2f,0,0.7189715612779809
ck_c31a130a5e90aa5b,0,0.6657483844229397
ck_da64193ada74fb0b,0,0.7017658059175809
ck_ec3e8b990bfcebce,0,0.11137864810475581
ck_eb8ee62bade366a6,0,0.48199081483131134
ck_e7e2c6a17ee36aea,0,0.23399839390517263
ck_d19e70484f00c289,0,0.07490242799364612
ck_35e4c37a47fa5105,0,0.30259204129191775
ck_d5963211e99b58fe,0,0.21656322027884392
ck_0adc32a343689b4f,0,0.1337461425849897
ck_593e8d938b9d930b,0,0.7838946715456512
ck_5dd0a382a488b4c3,0,0.823582640062454
ck_5f9e618671c92927,0,0.3743974308680778
ck_19cb4142e6581efc,0,0.6971775833851525
ck_d6ad60abfa17f32f,0,0.1640282864064721
ck_cff4eb024cbd5f20,0,0.6221604622887242
ck_b1740529b0cef616,0,0.7061245870888514
ck_3c97faad73ed98ac,0,0.4939201435894759
ck_f49dae7f78bdfe71,0,0.32759775582819844
ck_abc894c54c83134d,0,0.6990128653052804
ck_60b150305b694709,0,0.5339522229941955
ck_3a0a3eb3ff5ccbe8,0,0.01927045662624985
ck_06be8d2870dc4bd1,0,0.8823116830971177
ck_f65d3964c8ca2c88,0,0.34434469923894806
ck_3707049d644e46b0,0,0.6925893848609848
ck_58dca4d721811609,0,0.6210133933728962
ck_1829fa14d3087725,0,0.643036773801424
ck_0434e70f996c4296,0,0.10392281804635865
ck_1bbdef0d5b1e6d25,0,0.5692813934300719
ck_33e3e65e22edec49,0,0.24466596807954938
ck_90bb5f6b2f72d13f,0,0.4753379173936439
ck_a1fdac700a5aad7b,0,0.08017886133073683
ck_1c02ca570141ea8c,0,0.5108964970400153
ck_5b4bfd8848200caf,0,0.5454227322625758
ck_79b39c89d31d7ca4,0,0.06733189041916705
ck_799e36b1a439d361,1,0.9102998706008774
ck_19bbbe996ab1114c,0,0.13363143583263576
ck_084e1a2a250d41bf,0,0.31910957494856645
ck_c202732046194127,0,0.3871296991571452
ck_b4a75e5cf24cc4ce,0,0.3661386674622442
ck_e6cdd6b4d500b8dc,0,0.10816690447761883
ck_8a78a1e515d803af,0,0.42991469796645365
ck_6db99105e86d85ba,0,0.6178016520899544
ck_e9fe9f4733406ce6,0,0.07960533699521925
ck_7f38afd0b40839f5,0,0.35650343635880666
ck_10ced6cf73e00327,0,0.31922427914800194
ck_9185c512a2acb418,0,0.2086485683202344
ck_f475a4886f930ba3,0,0.2537276733356306
ck_3dc1357d87ab085d,0,0.574443121997286
ck_abbb46d611a813f9,0,0.47304381425687236
ck_d69e68fe80966db0,0,0.7728829567485498
ck_972596f7048fa8ee,0,0.6476249784842181
ck_18ebc0d2e71ec4e3,0,0.12388150204769911
ck_6d7f19255159d308,0,0.44023815915137315
ck_c2a32a0f7ff82577,0,0.7343420407714502
ck_21c8f3b8410d963a,1,0.9577881787990508
ck_4963e76e8801bd4f,0,0.5244316990069748
ck_3440c828207d463e,0,0.25762764740020216
ck_dd8c5a9f3ff168c4,0,0.6276662944727943
ck_58e69766b5f9c08a,0,0.2585452846584014
ck_306052a14c9cb87b,0,0.46088507826685654
ck_770ef6cbd1e4b079,0,0.7458125492487494
ck_e82462f21ba7f182,0,0.562054975346507
ck_4224def9a23aa7a0,0,0.37072686752195966
ck_721f6df88cc1ad98,0,0.23262193278108323
ck_7a74cd6536345052,1,0.8466383738188276
ck_45da551678fa7eb7,0,0.3994031427513366
ck_fb6bd03246407507,0,0.09084643655277791
ck_78e5fc195cb6383c,0,0.46065566850246886
ck_37f0dd16eb1c9612,0,0.44574400087004906
ck_225aece5cabaddf2,0,0.1921310340468263
ck_32441c7faeed39b0,0,0.27827456319427024
ck_432bce6aca81a165,0,0.08350530990768601
ck_6666cc57f7f0eef3,0,0.23870130641655463
ck_e4b0dc1db6c7daf5,0,0.4316352745814478
ck_1354d7aaccfe3f93,0,0.16414299137445693
ck_4fb077e35d1273a5,0,0.9527410839756147
ck_b5afdb8227be165f,0,0.13879316496994587
ck_1ec8c56361600998,0,0.7446654987945195
ck_ba390d42645b68b6,0,0.6545072878829034
ck_9cf2335a8cebda9e,0,0.7882534458425557
ck_5608a58fe227ca4c,0,0.24982770028505116
ck_dfdcea1c04b47cc5,0,0.412250113309292
ck_ae4a0719686f2e3c,0,0.3536358082704703
ck_00ca83555bf3a8c7,0,0.10633162516683177
ck_0df9055e33bfb490,0,0.5503550520508903
ck_e4621554e5aee2ce,0,0.4416146261743024
ck_93083da647120268,0,0.7744888372220905
ck_8482c5fe94a5d356,0,0.4715526519674098
ck_bebe809e33270a21,0,0.3379212107524497
ck_bec8bf865d2e18d6,0,0.5017200905499289
ck_29dae3001c82f375,0,0.5457668479277525
ck_2d903a5ba7279da0,0,0.3948149404174955
ck_e12d827d27808680,0,0.21988966741490337
ck_e4d91f26378a9acc,0,0.41867360740769927
ck_306d78f09ddbc6c7,0,0.15347541938788864
ck_3f6880a2074c1ade,0,0.43496172247311615
ck_dcb0d58bba795b34,0,0.8052298027403885
ck_09775b19c41a845e,0,0.46019684467371996
ck_f949a0afe4e008cb,0,0.5935988829999964
ck_35a52ccb75f85ace,0,0.24776300643808996
ck_a4761a17fdbab33d,0,0.6340897782814675
ck_c957954943fa9336,0,0.39275024880238063
ck_f6623a93c8416e1a,0,0.6584072616049274
ck_37a13fd55d444785,0,0.18054582048525364
ck_b905e69159df9591,0,0.609084062889866
ck_621d5cc44857620d,0,0.8976821953246444
ck_856f770c864e58be,0,0.5337228120163285
ck_033281bbcbee1fb9,0,0.3399859031812762
ck_079f4ad65c13e2be,1,0.9401233855823188
ck_3f7e54b73f9a53cf,0,0.2954803285104945
ck_be7729edc3151f6d,0,0.4049089884227778
ck_a3c63b297ed7ec77,0,0.09084643550013469
ck_67778c88ae7d1b2f,1,0.9940353095291443
ck_3af0b65345d2971f,0,0.3074096555761766
ck_61eb76fcf32103a0,0,0.07065833921539158
ck_b3efc53576a709ab,0,0.7630183207765344
ck_bf62b1612637e9f0,0,0.21381029862785098
ck_7519afe32a71c624,0,0.9199351141962815
ck_6898b823bd2f9bd6,0,0.3086714122689001
ck_dfdacbd7afdd8bf1,0,0.1637988776568305
ck_6d03cf8d87dfcce5,0,0.08121120724672024
ck_b7f3e01ae09d0cfa,0,0.37990327629102555
ck_8ab20a41771a3b1b,0,0.1982104049088013
ck_10bbe987e524d1b4,0,0.687312943349256
ck_2f0577ddbb8ec0d9,0,0.6955717124631481
ck_309b20b3a625d5d1,0,0.5918783009866407
ck_2599eaaaecd03f64,0,0.7951357543356162
ck_8907492ce8fc59d1,0,0.3398711991531922
ck_b15ffc923c1bad15,0,0.7354890932760115
ck_e68b994f61cce9ac,0,0.9121351022261639
ck_3e860ef3015b7d81,0,0.6189487013127819
ck_999fce6d2bf6247d,0,0.21117208283828592
ck_675103eb5dd91704,0,0.17916935746150095
ck_9e66337f376c470c,0,0.5576961774080386
ck_4f29924dfd473646,0,0.3659092589225827
ck_efa5a839e244d697,0,0.24546890335980703
ck_3d8eb9762c96f1f1,0,0.7600359851165728
ck_8b102bdf260a5933,0,0.7547595490769621
ck_1f95d382e7fee1c9,0,0.2767833963043513
ck_bc6e1700814a07dc,0,0.5253493403210321
ck_d64a82148cec4f67,0,0.43977933813094405
ck_9cb57a5e99598c28,0,0.669877777691106
ck_1cafbe5a8b637485,0,0.8180767787890486
ck_bfeced5bda4ce82d,0,0.3076390669936849
ck_a350dcfe51a357a9,0,0.7588889337096567
ck_a0c2ce7c62f530c6,0,0.8632706963643839
ck_41f9b674aaa5abbb,0,0.5088318050433158
ck_6eb8d504bccf6b6a,0,0.6178016555182126
ck_e570f9b844a53b10,0,0.38735910932883055
ck_9eba3cbed2a5ef16,0,0.06779071078117531
ck_9c79e5cd1f494df6,0,0.4718967685656366
ck_7cfa14da07132a44,0,0.48222022415580695
ck_59c4885fe5738e65,0,0.3403300174748111
ck_9e7bc0838d7cd173,0,0.323927188606098
ck_03fb35b90cac4405,0,0.11871977531166138
ck_1a0362f53ffa27df,0,0.5987606055395148
ck_ae266f1e124f266d,0,0.7061245900703408
ck_d470e0c71eb09e97,0,0.5971547438424347
ck_a6ed08e32af6331b,0,0.017549880172513427
ck_ee6a2b02fc0aeb56,0,0.8183061970065285
ck_74d9919049eb1cf0,0,0.9242939137116671
ck_a5f6cfa6ececb8c4,0,0.37772387851767375
ck_38d19558e80f5cb2,1,0.9346174592688717
ck_a38a4f1135e2655b,0,0.18708400969826455
ck_eedb81131639f872,0,0.6831835626529746
ck_8f400973d40403e4,0,0.8779528867470273
ck_4862daaf04a0dc34,0,0.753841908233017
ck_08d2b8d59bbf6387,0,0.7937592955502996
ck_cef255f98ab187db,0,0.3628122159165651
ck_16f049a554252d4e,0,0.74604196250738
ck_7a8301ee9373a107,0,0.39068555860803433
ck_44f881b7e3569ecf,0,0.7387008340787078
ck_6e436bdf0f1e7f24,0,0.3615504688275576
ck_8fa98819d5364927,0,0.39779727099050777
ck_13a70f4380ddff0a,0,0.6290427530036977
ck_b501b5041e685057,0,0.5170905731575441
ck_df9248dce1a8a6de,0,0.2889421353396423
ck_824cf2c900e919d5,1,0.8999763345195448
ck_4ed5c734a19f902f,0,0.3410182507388803
ck_0c17be46c9c84739,1,0.9805000341873104
ck_51061c2a3fcbcf4b,0,0.3663680765645563
ck_ec65b32d0f48aeb3,0,0.8256473233125231
ck_49ed8e2c61261653,0,0.555172672300517
ck_cec363a9fa191cf1,1,0.9855470731605906
ck_d43170579d3a2da7,0,0.60633114753227
ck_c865671968087ab3,0,0.2044044805767455
ck_1a99d74601593aef,0,0.3259918828669994
ck_45c51d122ae85a3e,0,0.9460880712142936
ck_c001acfa63c7e08c,0,0.7889416753487338
ck_8390f88ee985c4e4,0,0.22585433187115667
ck_190c7f5636b3c8d1,0,0.48864371081470287
ck_a9fd64080a09fe53,0,0.2663452310714579
ck_4835228a5865e660,0,0.27047461419211294
ck_5bebbb85ae2e1b9d,0,0.03762327180961247
ck_4b2cb34ade0fabf9,0,0.13936669150102163
ck_2a9a0550ce98f8e6,0,0.6235369096632153
ck_de84ef69827f916b,0,0.7492537059154235
ck_90b1c11f69588331,1,0.9302586379071859
ck_82695fddfcdfc2df,0,0.1533607120908087
ck_2a208f29edaa8535,0,0.8201414705155594
ck_338c7a11237070b4,0,0.7357184996451208
ck_9373a40b02046da6,0,0.4198206515866503
ck_8e108cc6d101fffb,0,0.009979343527204396
ck_e9e43076dff654ef,0,0.22539551855957485
ck_a425ce2385bce250,0,0.046340858428532625
ck_ca08417228c63f73,0,0.3212889708421311
ck_5c1a460dbb7cb452,0,0.021679263057632982
ck_18f2a4489a7b38d5,0,0.15726068568141635
ck_1e3f2b5b075f9644,0,0.584078351396238
ck_f92b7b92ab3a656b,0,0.050011422473596745
ck_777837395197d7d1,0,0.35145641219718315
ck_c68133edcb86ce94,0,0.23434250945582036
ck_1644e1e12972af30,0,0.5540256142455229
ck_fdc13af5c33a433a,0,0.865105895911451
ck_60967829c0d10423,0,0.17871053935602352
ck_b9ac93aee7d1f363,0,0.663339576474805
ck_bb8db03ec6049c90,0,0.19431043042085794
ck_c6549746dcc43d0b,0,0.6861659100208836
ck_872a37ddcff867ad,0,0.18972222774949415
ck_98069e78ada50399,0,0.9359939663759902
ck_b343d606e12f2083,0,0.23342486977982319
ck_e3f3803237948fbc,0,0.7572830606194657
ck_9f267d9d63b897b3,1,0.9548058131355767
ck_a2082240ce9e4350,0,0.5030965510588824
ck_1a5b4fc4122a13c7,0,0.11378745519731985
ck_15294afa452bd362,0,0.4202794713810293
ck_776f120dbaa2b76e,1,0.9935765033995252
ck_8eac9b868e471dfa,0,0.613901679633792
ck_a84e3115725eb491,0,0.9192468531654235
ck_0f673998f81cff47,0,0.866941181572311
ck_cd1107503a49f054,1,0.9935764998867898
ck_f021db71b89e99db,0,0.28125689386494623
ck_95654bddfcf21e39,0,0.5962370953716256
ck_0ae01776d259dcf2,0,0.48634960786333636
ck_db92305cf38c4196,0,0.6701071798363973
ck_3ce843f89e007e90,0,0.38885027651230186
ck_c9565eae3ea73e3b,0,0.8850646251782938
ck_bf4de5e56093138a,0,0.3742827257235497
ck_e776f1855488fe57,0,0.5818989536292508
ck_8121f92b16dd46c8,0,0.6813482782227585
ck_a04e40417d820602,0,0.6151634329740009
ck_ff021890dc4375b6,0,0.1573753910869453
ck_021699ec585af905,0,0.5294787262444717
ck_cecac42f635eb167,0,0.33906826296700854
ck_5e85c9e41cdcb817,0,0.7981180859299125
ck_f2cb0129c1f347a9,0,0.23032783141411378
ck_f7edc8d49ed00993,0,0.10656103336460536
ck_f0be92897a7aae44,0,0.39114437628031445
ck_14983e57c3dd1003,0,0.9392056891624715
ck_050f1a889056fed6,0,0.03670563129855815
ck_a3b1123e3ea1a6d0,0,0.3123419741276671
ck_15549d9bd61eadfd,0,0.6065605524370379
ck_dad551a7bb3647c3,0,0.7798799721926017
ck_35fb3c635f1f7c3f,0,0.08981408934556719
ck_6cb63837b710b3b4,0,0.0911905503441329
ck_bc2f8633680ffb5a,0,0.6161957793950272
ck_e457a40bf2fac1fd,0,0.46203213101269736
ck_e7f7be528936968b,0,0.10094048317123216
ck_85f0ad0db5002bd7,0,0.7887122659888386
ck_ae4f315163cdc9e1,0,0.5216787809554888
ck_4ba9f1aba87df86f,1,0.9717823499187112
ck_802e8bc729e337f7,0,0.828400244883288
ck_fe0854b47a990b0c,0,0.4269323751821429
ck_f3a408d9d90ac407,0,0.5650373218940181
ck_d31676d3151ed1f3,0,0.8820822860278277
ck_b494050822e3d679,0,0.45216748719938954
ck_55d5acf5e28870c2,0,0.6744659728543935
ck_5446adf9652f7baa,0,0.6545072843391313
ck_abbf4d37684baf8c,0,0.590960656564165
ck_6abb93dda08215d6,0,0.6874276519689246
ck_7d8cf38db1eed61b,0,0.15771950671451607
ck_48dbf6c6edabd08d,1,0.9557234730095482
ck_f28a2ff217821306,0,0.11034630223291936
ck_c81d654653c52597,0,0.9442527985847143
ck_edceaecedf7dfd65,1,0.9316351023449336
ck_5c7e18ca81a81cd6,1,0.7985769189844715
ck_fb4a4b48db967378,0,0.8066062682811297
ck_39fb5de59e9031c4,0,0.5069965244572249
ck_622fd187bde30e74,0,0.1579489162299473
ck_432eea52c0b6eae0,0,0.37955916137446605
ck_25b31db8c46573f0,0,0.5698549198252033
ck_b37fd3e64627ca99,0,0.20119273756917294
ck_c16a2237844bb10e,0,0.496214246946459
ck_05cd6f9cb163bafc,0,0.15921067149202686
ck_cd9d169b3bd093a4,0,0.4498733871268803
ck_db9bcb1df0f27434,0,0.5339522220359871
ck_97fdd54cdca98fd9,0,0.47602615063243797
ck_8941ae2621f55dfd,0,0.10874043072755364
ck_7a46b43adaee8a82,0,0.22872195879632032
ck_9a2b2f74fb59bfd3,0,0.32346836915005467
ck_2d0b88945d2ee16d,0,0.17412233692815535
ck_51ee80386e9bc0ff,0,0.19362220178599204
ck_2bf31492413c71e6,0,0.7455831649733636
ck_01ee8f58929fd663,0,0.21507205452103587
ck_1d137ce1de7ef18d,0,0.6751542073101934
ck_908af74eef527efa,0,0.6375309281216708
ck_06195b4ed0f68082,0,0.633401549629624
ck_8cdc06dbc392b92a,0,0.6590954876182831
ck_d60e116bfe380eff,0,0.04886437043781224
ck_36dc27437bcb1b93,0,0.44494106559728874
ck_1f7a574b86d0432c,0,0.4125942279900886
ck_2ade80fc5fae961b,0,0.6398250320130894
ck_4d493c1913a48d5a,0,0.3016744012530918
ck_2f7f3e54011d3776,1,0.9490705023174778
ck_1ee6513b9c702ac2,0,0.21381029798418072
ck_b4d8ea9bfb9d7821,0,0.2639364256018197
ck_e7b5ab235af12bdd,0,0.7169068702455709
ck_b68aa6fbc6ed24fb,0,0.8449178137465786
ck_d598c99c845fd3dc,0,0.6285839546698808
ck_93d1af491c4f990e,1,0.8628117920057984
ck_996c1181a5a8fd0a,0,0.14361077804802208
ck_9bda866f3e4eae01,0,0.6221604447836406
ck_cba7b949289b0165,0,0.09979343284929149
ck_abf755540edf9d92,0,0.2204631934768726
ck_8d40290f38b61a49,0,0.31073610301395155
ck_fcafb91c8e60b58f,1,0.8561589011794378
ck_2ac0359e12efc089,0,0.587748917964552
ck_8844fad2aab4b77a,0,0.1392519851517487
ck_c4b953a53f20c22e,0,0.665060155544018
ck_a6fa2737b5167a80,0,0.08040827250059342
ck_0b6c24790cd91f9c,0,0.24982770090363154
ck_c98adbe562bd5f30,0,0.7357184996114267
ck_3aba86ade13f5ed3,0,0.06434955902297844
ck_83a2dc5d48afa7da,0,0.6189487043747504
ck_02a58cc1bb40bb6c,0,0.268639333492263
ck_b8d142731fd84d86,0,0.1485430981471801
ck_c9ed6c5e57ee85ad,0,0.37256215097335355
ck_0291320c806c1eea,0,0.7237891701426734
ck_ef487097e48b2c6f,0,0.24936887618497922
ck_f262978856af5c35,0,0.6347780062440694
ck_41afb8e616f974ac,0,0.03601739993018212
ck_5ae605a22d6632aa,1,0.9541175506955158
ck_f7f15595de3b368e,0,0.7799946842833299
ck_d6f631ce63b12b1d,0,0.8995174881206128
ck_2288e785e83fc4cf,0,0.6245692519359695
ck_35200851dec0e75c,1,0.9355350986563823
ck_883b1096048aa92b,0,0.6081664247355936
ck_dbe52981b75d1f05,0,0.41729713832731746
ck_a5de7ea19f295d3a,0,0.16035772250114436
ck_27cc5eb5cecb3c6b,0,0.4507910259900237
ck_a1c9a2a4629b0598,0,0.7664594759351422
ck_f2adea95a7f44d88,0,0.21851320572925476
ck_3ed33aaadcff9556,0,0.634548599824024
ck_6ad583e3204b0357,0,0.07983474588748495
ck_8171a08b19d5190f,1,0.9690294110205128
ck_f294cd9430460935,0,0.45285572636802607
ck_42a3195b7de3f471,0,0.6625366472574035
ck_8daa006b33de9214,0,0.6260604181050732
ck_b7e1bdabddf1b29c,0,0.798576913836438
ck_c7c0bc013e463eeb,0,0.8719882196010702
ck_5855c8ec8cb98f51,0,0.8848352019344474
ck_c4742915044cee1c,0,0.6214722188955524
ck_8212cc4ff1eddd0a,0,0.2333101661475605
ck_2b5e62ab836342bc,0,0.669418947129006
ck_95e227ae27881d1a,0,0.8401001902210739
ck_24760643474fb190,0,0.0730671457188605
ck_078af688e02c73db,0,0.6912129171368369
ck_933bd3d5058aee1f,0,0.16391358041854043
ck_ba8d9ffedc210ecb,0,0.6558837551368949
ck_488f214ed69346b3,1,0.9309468624786454
ck_986da7dc74432db4,0,0.7561360167641259
ck_9fdff0db49daedf5,0,0.5347551704584064
ck_0663be2ea3d3d3ce,0,0.4291117618087427
ck_aceb98a9bf5d8ee8,0,0.21197501617230746
ck_ab6a35cc2f8e26fb,0,0.9265880651755865
ck_d0e72f37e19fa09c,0,0.7584301147187382
ck_3e29488c92156532,0,0.3815091503871184
ck_06ff18395be0d351,0,0.3792150463205107
ck_b0c8fa7fc1876ae7,1,0.9339292152272554
ck_d6b0ac9854165f7a,0,0.34159177522999545
ck_e5f1961b72e368e4,0,0.5922224132026563
ck_7bbfca92945313d3,0,0.06847894223963295
ck_296dbe39301830ec,0,0.5799489667813889
ck_95b3d2a53b419c49,0,0.6086252531085082
ck_b4406e837e4b520a,0,0.04267029616833662
ck_038e8ace7249f2b5,0,0.17951347343157506
ck_84b42d1b8f97f4b4,0,0.6724012804709208
ck_dec51babc0610645,0,0.2760951643667519
ck_cb8673e233856a4b,0,0.6328280261880691
ck_8cdb9bc96785421f,0,0.05402609953334458
ck_11569b642e2b241b,0,0.6095428833581111
ck_ae644cced332c134,0,0.3089008204087326
ck_16f28b5b2c615e0d,0,0.47212617462000844
ck_11c1b2145281d434,1,0.9577881794837575
ck_b15e43ce37f853f6,0,0.776782971687273
ck_505755c5e733bbf8,0,0.2744892921422731
ck_a20e599348170030,0,0.3663680783949804
ck_9f455b586208a111,0,0.17641643591231046
ck_bd0342f3ea66107b,0,0.45446159451883983
ck_693a1d0ed904186e,0,0.7912357798951385
ck_01383ee95aac0908,0,0.10449634168799303
ck_ff0ed000da1b0216,0,0.1019728298645737
ck_79aba6791f696d1f,0,0.5849959911773417
ck_766316d85ac7effb,0,0.1394813950169655
ck_e4e17c9e7bf4b28c,0,0.8616647447739018
ck_424e9fe1a98db698,0,0.4552645270421528
ck_126b81767d20d9c0,0,0.8131444565063074
ck_7dc4942b0797bf2b,0,0.6712542295308854
ck_2e31889f022da848,0,0.5654961241185278
ck_8ef99abf67bad6bc,0,0.5925665278949171
ck_3a077855d790a15b,0,0.13007557855515187
ck_a5aff7710d2da56f,0,0.3055743737078577
ck_3a41cd16305209bc,0,0.23434250855496852
ck_b2e44e6b927b2a2f,0,0.8843763792935541
ck_5998599a0684b133,0,0.24512478764959095
ck_a961886fe979dd98,0,0.5804077972762292
ck_267be5092be278fc,0,0.17779289828648825
ck_73518c6819cc3948,0,0.8211738173943214
ck_d0b95e9fcb865b39,1,0.9405822779225846
ck_be088cba3981fffe,1,0.9359939268615388
ck_c2899c602723f668,0,0.24306009660077424
ck_4fc91ba40548d19e,1,0.9277350964340844
ck_af44046cc0346d5d,0,0.48612019589095773
ck_62a3f26dcf8ea165,0,0.4668497480479335
ck_d2442bc4ad953d56,1,0.9752235242413783
ck_baf7389f76bb7a74,0,0.29295681717160105
ck_6d05c0940e13b39d,0,0.7428302278371893
ck_0ae650f42d87366b,0,0.5432433363135961
ck_76dc83a0c3e9234b,0,0.4599674361723883
ck_ef79b4788192343c,0,0.6607013659123966
ck_3c406752569da11e,0,0.5753607734784383
ck_4fbd22d9368794e7,0,0.22493669105237055
ck_1c01476c9003ce2d,1,0.8522589287990341
ck_25408a35f1716508,0,0.2615276162501426
ck_15a221e1aeca493a,0,0.03487034963760336
ck_ba9ce4bbc942b822,0,0.669877786549257
ck_832da501d07c93fd,0,0.3298918566081112
ck_c75ef9a9ede92723,0,0.07857299106529592
ck_086b592a7081f980,1,0.9529704822635243
ck_281de659e23c2d2a,0,0.508602401399769
ck_7bfc13efa7e4dc70,0,0.038311502637984926
ck_c5b0f8d6c24772a5,0,0.04932319085095903
ck_4d4945e7690b52c5,1,0.9385174492297365
ck_97e997858da00cd4,0,0.4606556666330719
ck_5c2b05df361288f5,1,0.43369996990989534
ck_65b419fc9890bde5,0,0.7517772157576017
ck_b75458f0cc6a7abb,0,0.26060997656033774
ck_209021ad1f79afa0,0,0.48566138924873836
ck_a06665cde4cb4613,1,0.913740986157799
ck_a44ace7d45929120,0,0.10954336534740579
ck_3879063989f95bd9,0,0.6359250580025514
ck_200129e29450ebc8,1,0.9972470711863635
ck_0d842e73ab340814,1,0.9311762681704135
ck_344f2fe6b5611405,0,0.6685013078442461
ck_9da576cc435eeb51,0,0.7637065504408677
ck_fdef662dde2fa71a,0,0.3695798397577623
ck_05fa7e05cfea06b0,0,0.7352596832518733
ck_432abdaea69dea67,0,0.849505990193463
ck_f6643e9355e0d570,0,0.15599892953168748
ck_a130a4380647d638,1,0.9479234334457405
ck_5a656f04ab57a400,1,0.47476439163982687
ck_f710013a1c2ef15d,0,0.34847407882803194
ck_11e33752f879103c,0,0.16288123737808605
ck_bb4bed125e62f83a,0,0.6558837453292802
ck_768f9e783710c8a3,0,0.8033945247357607
ck_51db5af1af0597c6,0,0.6430367744830172
ck_6c2ee0bedaea53e6,0,0.12984616820480846
ck_6abac35c762a5efb,0,0.42280298143804496
ck_9f073ecd2e7cf089,0,0.20991032494175565
ck_5a43f2e9e43adf4b,0,0.5453080627741433
ck_15df88ec20e58a81,0,0.08396412990280035
ck_d0b9df9de56c5f0f,0,0.7451243200316517
ck_ed97a461278ed0ac,0,0.479467317484251
ck_66043b8e50011276,0,0.3255330657970383
ck_ce2371d0962ef2bb,0,0.6538190524280725
ck_92e2b44108ea9b5e,0,0.4991965772198357
ck_a760c00469f37efd,0,0.7274597332591831
ck_1a9580fb0b0d976d,0,0.798462198949557
ck_f0559f8017b9e2ec,0,0.5200729048671646
ck_dd2bc9154e14d27b,0,0.7630183283945252
ck_7c80ed0cafabe28e,0,0.29869206721429153
ck_12ebca052275364d,0,0.8635000414781014
ck_3c5936dee6a1b559,0,0.30282145269564315
ck_d1b45aedb6708758,0,0.6891482257278095
ck_a4008fd8e044aa60,0,0.07788476038530152
ck_c541d7d0002c31a1,0,0.45652628353039076
ck_b913b7c590facf4f,0,0.9628352799404865
ck_89ff660ffb95d5aa,0,0.2229867068302715
ck_4dec03a5ec43d301,0,0.5026377311714397
ck_348b7112aa33ffe8,0,0.7540713177189726
ck_5435d5a67b8170e2,0,0.6395956207449248
ck_941c047ff326f6b3,0,0.6526720066097086
ck_64e9f21ace5bb759,0,0.5395727718883868
ck_973eeffcb72b8da4,1,0.9782059217587663
ck_28a84ac6107f1dee,1,0.8326443306608078
ck_d64798536c431d9d,0,0.18570754998833774
ck_5d039f6671dc1f01,0,0.12537266893998017
ck_467de67646a4a6bb,0,0.6623072304266194
ck_27d0792c9e9e8eb1,0,0.23996306224902136
ck_90ee3749269d5e1b,0,0.4429910800519207
ck_cedcd71d702559f8,0,0.7045187101800587
ck_f9579bea4e321445,0,0.12434032264256246
ck_0e96de48d2bfcc81,0,0.2185132108824482
ck_7df2e0dda90ca454,0,0.08534059078048731
ck_3aacbaced2307497,0,0.18834576667608202
ck_ec056416179fe7b5,0,0.1010551887631228
ck_507e7f950ac4be2b,0,0.7001599165275847
ck_e3f4010ff5349df7,0,0.5857989270056181
ck_e917f88d791ae630,0,0.8621235720220657
ck_cea1b8a29fafad62,0,0.9194762888969371
ck_2372e874ad12b056,0,0.42005006284122437
ck_f954b28e7c80e98d,0,0.8992881143015313
ck_595995d5ad0832c5,0,0.9024998391273931
ck_6bae15bc0fd809f7,0,0.12755206718670836
ck_381f632bd03be657,0,0.24822182556172986
ck_5cca559384dd1832,0,0.5537962090950568
ck_b4a3cf29e45e943b,0,0.3830003127360136
ck_5b3c6ffd827af04d,0,0.8518000940019371
ck_b24fd35fd7378366,0,0.06928187797611639
ck_0baa9c8bec044c8a,1,0.808900366432413
ck_745899a97e2ca0a4,0,0.8829999191007794
ck_4cc4562db0554a7b,0,0.6843306175052998
ck_0568e431b62d5471,0,0.11149335293991537
ck_33f1dfd7eb36cf79,0,0.8126856422274821
ck_ebdb27e339a8241e,0,0.8052298097231025
ck_3fcdfe6d08d83f94,1,0.9931176764214288
ck_88766907c1ebb367,0,0.48497314790803653
ck_ec6797a3c88813ce,0,0.38999732447481417
ck_3263dc1978bad64e,0,0.042326180805961844
ck_2da925b28d3c9454,0,0.20509271314427735
ck_1f6a027785456b34,0,0.1615047735758544
ck_5f65ad56c9003717,0,0.7891710852459832
ck_25ebe3d8420cdef8,0,0.16173418687310645
ck_ea0dc47f719ae4a6,0,0.785271110467103
ck_94eeec6232604262,0,0.09291112818992282
ck_2140a2cfcb729b36,0,0.21816909028718678
ck_4a38f8b94e50215c,0,0.4127089340298838
ck_523701adcaed3b43,0,0.27724221531402427
ck_c655bd06c696ead5,0,0.13971080657863733
ck_263001dc21765915,0,0.20520741551137345
ck_d3f0c77a5ea32bc1,0,0.2668040515725232
ck_ed2977558ec0eac1,0,0.7166774519823454
ck_53c7dbf70607d329,0,0.7611830623159592
ck_46efd8f63cb02a6d,0,0.22344552499728565
ck_06cda2298e14b060,0,0.7148421776894865
ck_92f8cde796f1f4a3,0,0.43106175137681946
ck_8fe1bec1f793de32,0,0.20222508536292713
ck_2063cb7eefad98e3,1,0.9933470913158243
ck_be4fcc664c2b24cb,0,0.6374162258525338
ck_2f6cd49f5fad71d9,0,0.8538647887021122
ck_788b7a1d1879bfd4,0,0.10495516287599674
ck_280b67e765424f88,0,0.9800412178667955
ck_ba27aa43bf7a7e48,1,0.9892176796812728
ck_a7baa1bd09b3669c,0,0.2596923373914378
ck_700d0eec2d36e866,1,0.9600823087859723
ck_8f5772d19f6efad4,0,0.4790084839467449
ck_3b63b339f0249a3e,0,0.5987606057028622
ck_d797e7fccdcb03ef,0,0.8628117911861759
ck_e4db37b11a503c9c,1,0.9974764674448333
ck_f0dabebcdcf913fa,0,0.22573962762324942
ck_2b8fdbc7714da8d3,0,0.2476483005086445
ck_672e5b4edee26f78,0,0.19912804751729693
ck_ce490f41d4fc9628,0,0.04886437161761397
ck_074638fb0fc28b25,0,0.17802230812379868
ck_7dd286982290b8b1,0,0.4833672737764836
ck_f6e5048309f10ee4,0,0.7171362717885748
ck_752b3f1a4afe9d51,0,0.8263355540931706
ck_f7abda7b54497887,0,0.38609735081016183
ck_a54f79a89e3337c7,0,0.5331492865930505
ck_d46c40a92daa1afd,0,0.4896760666231882
ck_d3685ed83b50bdd0,0,0.6756130246478687
ck_be9aa9b032bd7719,0,0.4985083461610005
ck_2d4d715e93897514,1,0.8630412222141947
ck_d9b8038ea82a4e6b,0,0.4345029119659069
ck_a14e684a46836269,0,0.41546186149189457
ck_7d4c15961add45bf,1,0.9509058228243892
ck_81b4cc4ab4670864,0,0.7579712915250427
ck_4b539ae09e411147,0,0.7260832845380547
ck_edf962684b530038,0,0.8566177141814774
ck_41b061ee6cbcea76,0,0.4604262535458152
ck_5e08809baaf0f4ca,0,0.2560217753391717
ck_9cdd9821cac6554e,0,0.055746676057585
ck_c86a122a6c1cbbd7,0,0.38839145230538813
ck_6470f8224faacb50,0,0.4637527045180939
ck_ba343ab211d62217,0,0.18639578058803521
ck_de08deed9f32d58f,0,0.4780908381736051
ck_9610b7ba19f8f2a2,0,0.446432243532169
ck_f7fbda7b94b220a9,0,0.22872195846622775
ck_9a65a44d8674efbe,0,0.11034630114357886
ck_e471dc2e892b8af4,1,0.8905704647692957
ck_4d37bf6fc773e687,0,0.6597837624352266
ck_7a4955f8c2a9241b,0,0.5960076848260465
ck_635836e7b28c6674,0,0.7270009175336553
ck_4089fd48cf1445c2,0,0.5537962039913013
ck_5e40d2452cfa20c5,0,0.8091297797821925
ck_a4bfb12f54d6f1c6,0,0.6469367462006012
ck_d6575b49b4e75f6b,0,0.7118598386518881
ck_95deec588d114dff,0,0.5400316160426335
ck_728fca864ad43f6d,0,0.4268176648207704
ck_5d66a08ff40fe0df,0,0.6584072577622172
ck_b3ca9f3aa957118c,0,0.20578094344686804
ck_0b703536b39bca84,0,0.4930025022394888
ck_5ee5a452422441fe,0,0.6565719771389402
ck_a03e3cee7d9b6973,1,0.8935528628285258
ck_86549ffd18a58c19,0,0.33287418758200477
ck_c1327804a94fefe2,1,0.9933470473736024
ck_0e4a3367313e75b8,0,0.08006415652584757
ck_291536602550b001,0,0.09187878143682204
ck_5f73be4843c26420,0,0.6225045598466947
ck_e65240feb456e0ed,0,0.8972233833828055
ck_900be3bc3cf725c3,0,0.15496658312566716
ck_f45deb3f733df0ba,0,0.7288361936124877
ck_1657ef3e56c55ac1,0,0.8008710352140572
ck_3d9ab7f58f4d4f5b,0,0.09956402246595174
ck_63f9c1d8dc49da14,0,0.1393666931974863
ck_cd9728414b759c03,0,0.3682033571167178
ck_c5ff27c2b0b8183d,1,0.9853176869737665
ck_c84c5f1abd5bb798,0,0.17515467956133352
ck_bc3b1c012dd48ee5,0,0.7978886737625982
ck_f2622d28ecdd1dc4,0,0.4900201743269577
ck_5343dd38b4af822e,0,0.01904104618017126
ck_bbd793b8b33c95b2,0,0.6120663952858502
ck_8c51bf342e36d135,0,0.47889377542166156
ck_a9ac656c026a2bb9,0,0.8674000144521461
ck_a7e12ae676f6c18d,0,0.4411557982052032
ck_7a7c4498a1e5e800,0,0.3097037561882753
ck_c29df34057a45fee,0,0.6384485695561617
ck_e79b8d35eeaaf5e7,0,0.7015363774445265
ck_61469942613974b1,0,0.25544824683194695
ck_3ce4c717e9c1bcf1,0,0.3413623646879533
ck_a32f77b912ad44a7,1,0.997017659447422
ck_94ddd2bd7db290ec,0,0.4075472039454369
ck_5131bc1823d23c78,0,0.08809351375049138
ck_41b99a0853bf1152,0,0.37898564163382475
ck_6bb1ba8a6f189111,1,0.935305713788773
ck_1a333abec59f3bda,0,0.5948606375489495
ck_1b878a1fcfca4297,0,0.9258998055042202
ck_e721799cc7d56021,0,0.5167464584710213
ck_ca93973518cf4dfe,0,0.5021789185792946
ck_80552cc62e57cccf,0,0.8676294132042082
ck_8be03488a4d4428e,0,0.7465007820938678
ck_2db7a60839faec18,0,0.44390872038290474
ck_9c3099e134d554ac,0,0.11000218660697357
ck_a235fbdc34eb2a41,0,0.6464779266625171
ck_2be07038c63028c1,0,0.8630412031224148
ck_5a887589eee544ee,0,0.567102000136751
ck_125d8adff805cc8e,1,0.8561588932767432
ck_4d54241403e60180,0,0.15427835282293736
ck_4ab34f379cd6eebf,0,0.5391139510084747
ck_a3245d53c4d215e7,0,0.10701985409690967
ck_0d6f04034962d80b,0,0.15817832602661952
ck_b9396cc4a26906a6,0,0.3287448026782612
ck_951e2fbd7299f422,0,0.7531536781144982
ck_0bb6ea72f6b5e0b1,0,0.18261051146374385
ck_72ce4c3d9ef98c00,0,0.13959610096503408
ck_cc30660271e05b2d,0,0.6976364042665203
ck_4530ac0b791e1835,0,0.8602882810871944
ck_f1501e8146cb0210,0,0.912364517104615
ck_6966b6a42efd0214,0,0.2181690931126511
ck_124360fcd039a514,0,0.90089396621921
ck_811828a96b1fee18,0,0.6581778485181603
ck_a1ef6b88450e3961,0,0.7359479156467563
ck_6a7e6fd1a0d59f18,0,0.11780213284046785
ck_5f96ff63ddfd6206,0,0.7647388964684269
ck_52122e0f9bb3de26,0,0.6077076034801497
ck_2cfa280f18aaf8fc,0,0.1516401365289612
ck_db43729c73514243,0,0.09795815254030439
ck_e55314198dab4a0b,0,0.7474184266167088
ck_f45633c347df84cb,0,0.1265197199882598
ck_909c0acaf22e06c7,0,0.7471890140111648
ck_dcd0c37e023086ad,0,0.8907998977353787
ck_28628ee7c144ba82,0,0.883917560476146
ck_732261fe86d3b39c,0,0.7556771978942267
ck_2db131765261129f,0,0.2670334622384488
ck_5e6bd8ce513000cb,0,0.5572373694807371
ck_c19012b1cbd0fd8f,0,0.17710467198011762
ck_d22fc7e47cbe0ec9,0,0.45652628289697433
ck_d512696b67c02f1e,0,0.7591183446027575
ck_2866cdc0b51d4522,0,0.6236516101805701
ck_c86b805961282822,0,0.1535901237992552
ck_bb7d42b1bd8957e0,0,0.06790541769440883
ck_a5d68036d06df0ad,0,0.6834129746088387
ck_56e7b0f764e293ff,0,0.4059413329119405
ck_5dad81f5a1ecfa5b,0,0.8499648495427167
ck_c2ac73f63decfaff,0,0.30786848025143776
ck_97e1bae0a0bb7276,0,0.7642800793004877
ck_714967fc140f6779,0,0.1382196408040039
ck_2c7c3d915ab8c7f1,0,0.5164023452006495
ck_7cc7e9fe0ad35b18,0,0.22596903635127064
ck_77b7e9da7c4a8eed,0,0.4453998871328461
ck_6ccb5097f0e9e233,0,0.5661843588222689
ck_a846b67d2c320cf8,0,0.3028214512702048
ck_53118d06e424b0fc,0,0.6526720088280239
ck_0f48fb782e989ed0,0,0.2773569191188656
ck_8e58ae33a115274e,0,0.16964883602262743
ck_7c303762f3ed8dac,0,0.2420277503978041
ck_ec90dd5ef8048a8f,0,0.19350749506139467
ck_21ed699b09b1dd25,0,0.036017399904620516
ck_8b1b4a27e6822225,0,0.12250504287782929
ck_be6ec9c35100758c,0,0.6880011792208423
ck_86d19deddbd9003a,0,0.668271897297604
ck_b496410fd21396ad,0,0.6467073358576386
ck_e5db97c4f4c5cf9b,0,0.38173856731126793
ck_483e08cfbb09efe8,1,0.9830235455645819
ck_bc36dca4d32ba94f,0,0.8157826853264035
ck_7af7e819a8db5333,0,0.7334243975030845
ck_301442604d203d17,0,0.6285839308985736
ck_3ad44718c94f5cf5,0,0.6070193712944285
ck_ebb43fd54a42421a,0,0.2759804619845694
ck_87c3c1ba78257678,1,0.9609999614469418
ck_a29b0f2b23bb37b5,0,0.2873362648075832
ck_0516da353808aa39,0,0.47097912409386344
ck_156620f6a3e1042a,0,0.7359479095529912
ck_5d765c4d38112f0b,0,0.44826751646184937
ck_0a12b6eeacd04fec,0,0.12835500119229584
ck_4b6ea213a8b2d656,0,0.04886437086347166
ck_799e9ad64b0a84fa,0,0.5094053304406222
ck_c0833681f366aa7f,0,0.4276206057190259
ck_ec4d67f094ad7eac,0,0.5024083200136606
ck_d9381fecab012fc8,0,0.2724246012622505
ck_8457c11a72693b50,0,0.17068118278682
ck_d25bb03cec3ff1a0,0,0.6278957021535782
ck_cd572ca63756ad48,0,0.03521446473366897
ck_d37314b957b13829,0,0.22344552648192698
ck_0567a36a42f09e92,0,0.8887351826808046
ck_0739a55256698bb0,0,0.43381467169015336
ck_0512303bf95c7d36,0,0.7416831852056248
ck_004ea2031eb47626,0,0.4406969765942041
ck_c0932cbd77e50395,0,0.4744202757809661
ck_d8ce5b8e09f07914,0,0.7013069722907165
ck_90354fb779dc344c,0,0.13925198585771165
ck_86458c11bed79785,0,0.03739386111876423
ck_c093fbe4e6d907b9,0,0.43542054918321654
ck_37d44ec457a9a95d,0,0.3102772843736736
ck_7c70c5a33c3ca6e0,0,0.4471204672208373
ck_af7c6d40a87a42c5,0,0.11849036569273184
ck_39f4206fe2490eee,0,0.5622843825236146
ck_3acb72cb1354c082,0,0.33310359795943606
ck_90117408096a2fc8,0,0.32943303453607564
ck_9afefa2e1278ab3a,0,0.05138788249600672
ck_8fbac74980c53364,0,0.4806143519155508
ck_318ed05c6ee14c4b,0,0.49839364393773544
ck_6f5e262feb3a009b,1,0.9866941283179563
ck_f326c38e1996a909,0,0.9043351200013147
ck_e2a6fa5b9290acc3,0,0.05574667682704656
ck_af3a854a40d79eab,0,0.13099321829889352
ck_d116aa516515a079,1,0.988300041034058
ck_5d746ba53ab28586,0,0.06171134152982575
ck_5592f83a91ab63c0,0,0.34078883702775964
ck_f8abfd2981ace5bc,0,0.8203708912049799
ck_abcb33d9e334de90,0,0.8779529018061387
ck_d0e4362233cc1602,0,0.8706117487161076
ck_bcb82e74605026e0,1,0.7887122641639996
ck_d4c2a0994d1b34e2,0,0.28423922675670843
ck_df2f216c9f5ee1c3,0,0.1309932209690738
ck_1447749fdc45c5a7,1,0.8118827167773243
ck_e13efb8ec5a9af12,0,0.7442066919204197
ck_22cd6c985e9ca304,0,0.11206687724560051
ck_4d70e8e03b078415,0,0.48657902586985086
ck_39cfbe1933808a99,0,0.48336727282796893
ck_bf49f7e44b3e20c7,0,0.4707497128198201
ck_70435042f6652f4c,0,0.48726724946525624
ck_b440fc20fa90520d,0,0.6531308227029945
ck_cc8ae376443b5896,1,0.9669646950048866
ck_0448c1ed66704109,0,0.03819679717969668
ck_133db011035c94e4,0,0.6710248234477765
ck_9d5612aa95127356,0,0.5845371711109036
ck_20e91b4805b20cbe,0,0.09096114209054258
ck_d485cf00a3760434,1,0.9231468576707896
ck_491599e6793133cb,0,0.09050232087332555
ck_dc35008bc9673e6c,0,0.47258499521267766
ck_b8568c2cb718f6f0,0,0.6615042980686549
ck_45445bb2c5310f36,0,0.8375766606175975
ck_8948f84aa0f27388,0,0.3116537448306257
ck_10aeb919289b4d9f,0,0.3285153927441039
ck_32f93eebe85c0004,0,0.09841697302219514
ck_de3318cb6187cdb0,0,0.280109841520287
ck_f3a1f100f29ab9c6,0,0.47923789008382495
ck_f20ab77da4471537,0,0.2395042391571381
ck_38a804eb622ab178,0,0.6097722943095518
ck_805e5c12c289840d,0,0.07765535067153537
ck_131fe270ce555917,0,0.42785000586633803
ck_75eeefcb57296cb9,0,0.8891940086309699
ck_47165eab5ddbf175,0,0.7687535808077613
ck_d8a29ff95d7c830a,0,0.2460424295634513
ck_a5fdef5e8647a0dc,0,0.09749933109381768
ck_96ec9983c9d6ad4b,0,0.7627889063181151
ck_8b2c7ab7e6ce4188,0,0.34583586176555964
ck_323942c2612fb547,1,0.9199350861571807
ck_f9bbfe352ee0cd2c,0,0.2898597749076634
ck_7713cde5002edefa,0,0.9492998655734982
ck_35696932aa146f3b,0,0.22505139838381263
ck_ecbd82220e537cd4,0,0.7490242933957489
ck_d68369d57bd827dd,0,0.36189457623060195
ck_f8ed6d73e837e1b9,0,0.08946997536658281
ck_c9b7d3abe8a07ffe,0,0.5225964176196397
ck_c1c36757b46811e3,0,0.5925665348295817
ck_1240d9f099215567,0,0.1589812624449895
ck_1f7f5c5336f5b693,0,0.5541403204987454
ck_01563097de731a96,0,0.38976791515518094
ck_1963255eaee379f7,0,0.6861658942157616
ck_80c743f3ad404ea0,0,0.5074553435518552
ck_57b5c7bd1b0a425f,0,0.504014195067105
ck_56305198ed661d85,0,0.22849254928409538
ck_7dcbc0e53b47b3da,0,0.2966273783771843
ck_80792149f32bb4c0,0,0.281142191855629
ck_990b60a2367c22f9,0,0.5067671236541365
ck_1d04942adfef9382,0,0.4510204386451964
ck_88c274fe753313f1,0,0.568707869826569
ck_b233de47151981ee,0,0.5106670934301938
ck_44354872ee5e00c1,0,0.7689829830142646
ck_c2bac7f08ef5c149,0,0.8215179371113024
ck_df3469823ebd7e37,0,0.8894234122673572
ck_3021f3aea5d975ed,0,0.20417506983416375
ck_43c4e0b4e96ba0fc,0,0.15966949592168073
ck_744b07d4798ff854,0,0.7132363009543052
ck_6984026f4c5a015c,0,0.33195654863703605
ck_ea8fab037609fcf1,0,0.7983475014947496
ck_1571c349130d78d5,0,0.15267248154593463
ck_86a716fc2b61ef57,0,0.5450786283332852
ck_6e5f9928dc9f8748,0,0.7235597584441376
ck_2228bc8bb31b2d36,0,0.42968528765437336
ck_217f9501d71cfd74,0,0.7969710516479199
ck_c648aed42305fd21,0,0.38632676344463623
ck_621d7272f53af443,0,0.6581778529288544
ck_ea9cea58f3b3e987,0,0.3536358092649917
ck_edd37f4c65a00724,0,0.8834587425959628
ck_0a91cdfdcc451f5e,0,0.17928406512664638
ck_5687843ff149a073,0,0.6958011238889875
ck_c83d968a2f5c65e2,0,0.4787790704157414
ck_1dc9a6251387b2c9,0,0.2621011440923039
ck_224f76d36aeecd6d,0,0.3830003135761324
ck_07c0a3c5ac1fa7a3,0,0.032690952605630194
ck_285829eb3995d391,0,0.29685678874950333
ck_0083d83db2fabea1,0,0.35730637375380314
ck_fc72a7e167709a09,0,0.8199120622349672
ck_660ccb531c2cca3b,0,0.3842620709323677
ck_26921b109d12df0b,0,0.6235369079940887
ck_77130037bef38766,0,0.13294320524397393
ck_dffbe7012e5b5682,0,0.7185127345313297
ck_492caaca9d0fc1f4,0,0.7951357520113144
ck_1b1f133b9cc74ad4,0,0.33964178577884746
ck_eec9325873140dbd,0,0.8272531916255925
ck_d15d67b4158442e8,0,0.8167003161640993
ck_5a736a4add733e12,0,0.5877489136449742
ck_60f11be59a644f68,0,0.8983704468589618
ck_fb92f179be683c87,0,0.7097951448319065
ck_f84020106f37b751,0,0.6421191348984372
ck_ed22997779411f22,0,0.4982789370340465
ck_cdd435000c157f3e,0,0.7354890904304449
ck_c01626b3a0357a14,0,0.9353057014213396
ck_a43ad74e52531c0c,0,0.16368417093595722
ck_67ae6116fbafd629,0,0.5138788368075026
ck_d77ecf800320b5d2,0,0.4736173397180131
ck_fbed2d850e7a4359,0,0.5893547888224446
ck_02198cac9e1cc48a,1,0.25934821867034275
ck_cef41230ba94ee28,0,0.6595543091511009
ck_5eb1c40b5f5c1ee8,0,0.2704746177418859
ck_c32fe89a0203f02f,0,0.2183985007052751
ck_e83dc19d828d85dd,0,0.5875195041294855
ck_b841c20bbf7ae005,0,0.40077960499092347
ck_f1311c8df8ff8f23,0,0.2310160647391333
ck_f53e7145c3a02b3f,0,0.37302097144297497
ck_1ca36836a9ddbd32,0,0.49346132848426216
ck_c63138280bf964d7,0,0.29341563485888833
ck_a8cfcee7f92c8d00,0,0.07100245438022598
ck_084fbf95ec59f1cc,0,0.6457896953920504
ck_915c4911f1984e7c,0,0.5310845944639904
ck_a6df1c2ce10f02ba,0,0.5044730118351715
ck_74bead69546c2e71,0,0.9158056916454741
ck_e349b24051123eb8,0,0.18352815517211624
ck_265af1783f0e8aec,0,0.6994716845484753
ck_8d4f2cd5136b4127,0,0.17068118248637923
ck_db73ac719a51ee21,1,0.9660470382690775
ck_8f27e407b5113c32,0,0.929799856684536
ck_7936c015bcfaa2a4,0,0.26634523370780816
ck_4f00cc49f116aea4,0,0.40422077801383904
ck_b350b8911fc55265,0,0.6689601264145533
ck_c5af226b41d3e852,0,0.1635694667672118
ck_3c93859636bfffba,0,0.33849473563987187
ck_b4c90908ebb57138,0,0.11023159614974294
ck_e0a97847b2533def,0,0.49724659018038264
ck_f924c1d7c7f1fd1c,0,0.9141998050572959
ck_fabd22773385720c,0,0.1071345591144825
ck_b80ee6c8eeb7e50c,0,0.3955031722044573
ck_e1be6a3cb458669e,0,0.5336081084752982
ck_1e3be84191c55b11,0,0.5164023438617253
ck_10dfe45c60292599,1,0.40227077117948706
ck_68c42fa554587bd2,0,0.7260832701363552
ck_2fdddb60f2dd450a,0,0.6040370386154041
ck_39d508312f007759,0,0.3578798994949716
ck_2967fa8fa5bde9ff,0,0.2303278344108091
ck_8fe7914569bef6ab,1,0.9784352907129708
ck_ed85d57b0542b428,0,0.49873775707898316
ck_a2f8e6aab307afe5,0,0.532919878453726
ck_f854451e2d418545,0,0.7586595294592032
ck_5cdac93d72b73d25,0,0.8889646152928624
ck_4e0e9d6efdd1b772,0,0.6005958874505991
ck_0976d0fbc6ee6569,0,0.5368198500465109
ck_b609711e310af3f8,0,0.3831150182001887
ck_e03a364f8423623f,0,0.044964398026874054
ck_0f94bd15255d0a1a,0,0.9178703783387661
ck_168a6e6a5291a369,1,0.9676529403698495
ck_41f3e3774988fe6e,0,0.4849731466968222
ck_e7fc436ae058e57c,0,0.5638902542433064
ck_dcc5d1bae71e3e67,0,0.6834129821251903
ck_7761fd49fc02f634,0,0.4821055193690437
ck_f5778d08c59bd537,0,0.8742823132153434
ck_2ecce376503d7391,0,0.4190177131433136
ck_fda5a529fb2af432,0,0.5058494745149168
ck_332308fb1b66ea13,0,0.4011237190561833
ck_5c12edc59bd4557a,0,0.6632248746157772
ck_5d30b3ecc4fd291d,0,0.2640511294267457
ck_ff5ff4693d8786c9,0,0.1548518794324594
ck_cfa52d412cf9e3d9,0,0.464555637273658
ck_3f35693aa5081ad6,0,0.4354205444620144
ck_8de9feaf8f6ec48f,0,0.5722637260749224
ck_117576184558749d,1,0.9557234957470305
ck_e3ba9281c5220c26,0,0.8456060371260137
ck_bda76b4d59879ca3,0,0.6288133400685852
ck_4ec3d9b361e7eb5a,0,0.7189715556864726
ck_e82573d69a50fb53,0,0.738012607220899
ck_f2cb58dc95d83a29,1,0.9483822013468188
ck_418dc2e7fe20048f,0,0.18157816555208223
ck_2f5c56f7104bb642,0,0.5206464310112178
ck_614f5fd9d8bf8772,0,0.8311531631704605
ck_79e6d356c98cd4e8,1,0.6256016022787507
ck_9379ce9c7aaebd74,0,0.4526263074853967
ck_e86612d1f966cb53,0,0.07650829883143176
ck_9f76996137b03343,0,0.4732732247403955
ck_53e11beeb653c7e4,0,0.1688458994960222
ck_1b82a8109b3ebd24,0,0.9121350967804108
ck_d6e0cd93b8d1565c,0,0.18880458779754497
ck_e756209d407a39e5,0,0.16540474786321524
ck_ddc229df8e675b6c,0,0.6866247136264011
ck_c375c0c755738871,0,0.7387008334225468
ck_b8351ac3e829be0c,0,0.8038533397450824
ck_f7379afae6aa176b,0,0.10013754827878815
ck_a9c0851b37e3ff09,0,0.2545306069196794
ck_e8fdc50bcd1f62f1,0,0.2946773888583579
ck_7c6a33b775818bc2,0,0.059761354249314926
ck_3bd09b9d83213fdc,0,0.30052734939875086
ck_5f804d38a744fb3f,0,0.30305086191197744
ck_c0e6bb24b41ca649,1,0.3948149434352087
ck_85f1f9afa9f0bb10,0,0.45973802388959495
ck_0d7e121f3f699cab,0,0.7467301929514819
ck_dde080162c74ce75,0,0.03257624767050845
ck_a532b62b024afe78,0,0.4881848895500887
ck_a276c3111b1b33f1,0,0.4693732528003158
ck_f326a4cf8ed9cc50,0,0.2869921514749265
ck_bb4ebc25a8f3db4e,0,0.47453498328968813
ck_1559aeb18ce29912,0,0.5281022627586033
ck_9fe6c8ee79beb043,0,0.029135094255690205
ck_13f913b6be555a29,0,0.3290889202549659
ck_5905314511c362f6,0,0.5866018627414947
ck_495ea069f43d3a14,0,0.5420963050364607
ck_381728c8d11ed2f1,1,0.9426469127217338
ck_498722f464cbb737,1,0.9559529014403265
ck_aab61af8875c9300,0,0.18100464006728018
ck_eaf14b83394a6758,0,0.5978429626345563
ck_95aac7224ecb8f47,0,0.8495059910663959
ck_b52dc944482402d3,0,0.4670791495748999
ck_c4f5d7d3b97ca6d4,0,0.23262193311525248
ck_0878306c77d589a3,0,0.26003645071156467
ck_455dc40e3ef0d89a,0,0.1502636758376333
ck_5e2cddf9f39a0203,0,0.45950861447343355
ck_80304e94785bd573,0,0.11252569814060612
ck_9bb498ded5bc997f,0,0.24764830185139083
ck_27c49ce6a70db588,0,0.08017886274994905
ck_663ae9fbd4204640,0,0.45400276856193006
ck_d507e821322e7d10,0,0.5767372243279736
ck_166c9635324fcd2f,0,0.3019038128678122
ck_731ec1f751fb8ba8,0,0.6141310908477775
ck_a216dbeae7034b8a,0,0.8054592280373484
ck_7cce1494b756693e,0,0.34572116612125997
ck_e3009c0fc132cfcd,0,0.6586366754439895
ck_e5790560f695af8d,0,0.14074315219561057
ck_0b9be06f106ab080,0,0.5804077981609433
ck_ddda5cb48cd31185,0,0.41385598472964563
ck_454d3dbf39a0142c,0,0.09061702469312362
ck_a6fc89e2bf6bdb84,0,0.27942161063295595
ck_27d64d0126e7b405,0,0.2764392806102915
ck_77e47bc3e44cad05,0,0.9628352483835668
ck_b95bb10f3c61c1ba,0,0.30328027147585807
ck_7868bb90e685cb7c,0,0.33149772539191363
ck_91bfa20d68b21766,0,0.4136265741191987
ck_9e47147ccfde7949,0,0.5813254321472646
ck_c18b0c28ee8e9a21,0,0.7182833255643193
ck_6c873c2e5e910ace,0,0.7141539922761475
ck_ca8903fea9d42b45,0,0.24833653161720765
ck_e3f94603658f5630,0,0.5707725621493738
ck_4218268b15729151,0,0.03899973242510819
ck_457f22491bb14fff,0,0.5501256411718172
ck_9c64127667080270,1,0.9940353062660052
ck_85de9f9380f791e8,0,0.5088318165820639
ck_4f5e35a77e2c9454,0,0.08579941216113457
ck_2388a6cd4f542860,0,0.487152541923686
ck_068852d898e5dbb5,0,0.4934613227780087
ck_190ea666bb40a9d3,0,0.16460181178075356
ck_53bdb1544c4db845,0,0.20096333219093684
ck_9c57c9e97f373e1c,1,0.4554939357695744
ck_ffc78b3c4904b08d,0,0.4592792060779111
ck_daeef9fbe17d6145,0,0.1009404845573627
ck_34c12d4dcc54956f,1,0.979582376541627
ck_c3e89677e5c4cac0,0,0.3314977251139572
ck_de8a6c6a3023b4ee,0,0.5345257501349754
ck_b158a374f2b3aac4,0,0.1600136073397769
ck_e9b52d096dfcf3da,1,0.9369116460230822
ck_7cf66c9d3e32624c,1,0.9756823595374589
ck_6a9e3a2d4fbabcc6,1,0.9651293754808906
ck_0611c69e66ae4df3,0,0.5337228127122561
ck_d276021da44caced,0,0.8641882754636661
ck_0b03c71b8935f086,0,0.6111487546496713
ck_131b7787453b28a7,0,0.0934846526187
ck_f65220877934e815,0,0.6106899444451297
ck_87a3f468a86898b1,0,0.0715759805106991
ck_e4e6cd2e1bbd0e8c,0,0.8155532713724358
ck_45ae7df559cf757c,0,0.09864638342105381
ck_3f7825233479fb54,0,0.3952737584978674
ck_8e3d0302c3e8ae5d,0,0.46960266272555057
ck_c803c88d0e5e3bb1,0,0.10323458648829918
ck_b06a4bff7c754581,0,0.5537962045033972
ck_2288e80d016a583d,0,0.4156912670392664
ck_e18d107001f819e9,0,0.7852711328401223
ck_2d9b1786ab73d9ae,1,0.972929413865183
ck_c3f2e581b2d302c3,0,0.33287418725169143
ck_5e3f72ca51f78822,1,0.961917607298885
ck_ef3051fb4862499f,0,0.5283316778217103
ck_0fb4869b8db5b3a2,0,0.8050003922303577
ck_5280ce384f94ed2d,1,0.9396645301104936
ck_32ab5e462d1b927b,0,0.3168154728813587
ck_c6844fec3de250fc,0,0.42498238295652657
ck_cb2af0ac20ec304a,0,0.45331453912390035
ck_a8a85b8df5c831ee,0,0.910988042448053
ck_73956accab20d095,0,0.35489756996231303
ck_d5fa66b256177448,0,0.6993569873675948
ck_885672afb4401d8d,0,0.5983017870327352
ck_c47e1a4dd4ee5f78,0,0.7678359321701944
ck_e12e7445a5e785dc,0,0.7361773385194754
ck_9d7865246dc41d03,0,0.13546671758271606
ck_6b8c4b5c4b2bdbb5,0,0.0426702954384724
ck_c8dec2c5e46df27b,0,0.3737092004646327
ck_1e79326ac97a6156,0,0.7267715028866462
ck_cd87f99c7566d018,0,0.5955488646970302
ck_d59901f79fb2b19f,0,0.9086939443665071
ck_a8956dc5c5bbadda,0,0.8389531227835313
ck_b05785b12646e907,0,0.142119611846532
ck_d7b5f08b55b393a2,0,0.7841240606380457
ck_eb2eef155d250f01,0,0.5542550334542721
ck_f4b7a7721a7ccf70,0,0.11298451844557453
ck_14cc50bfc2b0b512,0,0.7822887781832194
ck_cf1ab305f08ba376,0,0.3714150980122714
ck_f72dd377134d07fc,0,0.7799946915647197
ck_fff88a7920fd0fb6,0,0.550125640768129
ck_1f28a75d0131d534,1,0.9827941653345225
ck_a27b5b8d0f6f722e,0,0.4184441905873805
ck_516a76c80530affb,0,0.4884142994520978
ck_b3636721d0430be4,1,0.941958662248701
ck_10ad7d7880e11518,0,0.29043330700862957
ck_70eabc2541eb25cd,0,0.9295703970012196
ck_9c9059800a7eb72c,0,0.26038056778377144
ck_df4135dc22b23895,0,0.4866937209069583
ck_862e23da466fb105,0,0.5125023700022335
ck_8f50631f6d592576,0,0.71644804383116
ck_ce95f09722357600,0,0.2562511823323503
ck_d3069d19ca14edb5,0,0.5021789163795469
ck_c849a8e0eecc90d3,0,0.28274805902231215
ck_f30fbbe95006b4a1,0,0.10575809775939668
ck_08b13a59803f63d3,0,0.692130582759326
ck_a52dc4386638ae3e,0,0.34560645233998916
ck_15b6de619fdcc608,0,0.11218158385542344
ck_318d5b1e9566d572,0,0.1397108065932551
ck_67f256b3e7ed9271,0,0.1523283682775942
ck_bfcc8625a4f43525,0,0.36843277379854117
ck_547b7afaaeba99e0,0,0.38495030482642784
ck_d85dcd5873a285db,0,0.4108736515336719
ck_c806b065e9a34de0,0,0.6535896439556571
ck_8123e9aae639ae49,0,0.2486806462837015
ck_c003bf808744555c,0,0.5381963147683835
ck_75d8c8710c15793b,0,0.698554045820498
ck_4e2fca91212d3634,0,0.13925198663162627
ck_54539e498d5bce38,1,0.9747647017388609
ck_bf75fd142d280d1f,0,0.7891710853577868
ck_404c7de4619a722b,0,0.14808427859979575
ck_096ba2b1890b8de8,0,0.22378964038631735
ck_2d2dd3f309b49f6e,0,0.701306968016255
ck_0b050e8d6adc22d2,0,0.3562740270047649
ck_cc31776a89811ad5,0,0.7724241378264236
ck_e0a9cf4a0f7ff47d,0,0.18811635856355022
ck_0ad24a6e3748a760,1,0.2219543610843836
ck_f3f8c6474f8bc327,0,0.5966959188827013
ck_4d0eb820b163ed8e,1,0.9986235340576028
ck_69202517c9ca608f,0,0.5914194831364006
ck_eeb29101015f19d2,0,0.6984393405561012
ck_da53c4d0086824fc,0,0.036820336275708465
ck_1265c7321672ac77,0,0.7178245075913067
ck_078d74873f7e24c9,0,0.6838717911467389
ck_b0cf72d42576875a,0,0.7804535008331712
ck_4933721e18d399ed,0,0.8570765685552163
ck_590d143618287449,0,0.05540256189932971
ck_a946ef0e4e1ffdf5,0,0.4791231850899567
ck_4941c2737e34999d,0,0.36315633216610055
ck_38468d8316b0953c,1,0.9197056864004932
ck_9839de517c1351f0,0,0.27632457415524997
ck_f13df9f4def3a21e,0,0.4271617786648547
ck_b5585811a4fbec7b,0,0.668271896471006
ck_1c93a17f3e3a0e06,0,0.2325072275612339
ck_5310122e6f4404e4,0,0.6694189485436471
ck_22c066abae38cc05,0,0.6625366447529998
ck_543748f91c3a011c,0,0.6350074207721554
ck_4400f9253344062a,0,0.2677216917783537
ck_9cd055d14c8f3011,0,0.23078665060193393
ck_b11bbdec8a676cd7,0,0.2543011965003541
ck_12914b8fe434ef24,0,0.6299603925197245
ck_4aa9857739877f60,0,0.5531079754930104
ck_308d37633d0a48ba,0,0.04014678415611516
ck_db6d41cb1eb7ef88,0,0.27070402503682006
ck_294d92ea1fbfdaaf,0,0.3904561443525043
ck_f9d4d99d6c11cc1b,0,0.5165170495643236
ck_6923d53c16683171,0,0.09715521708553321
ck_c7cfb7c565cae773,0,0.7448949084775484
ck_ff68533f5787ec2e,1,0.9440233718486992
ck_f18cabc96cc2477f,0,0.2902038921984455
ck_0799698e48333f17,0,0.4980495283183256
ck_dea6861668f1674f,0,0.4700614903669173
ck_12595c7d5fff93aa,0,0.8294325868786477
ck_217cbadfdb1918f2,0,0.6994716859516883
ck_3d67d602c34be512,0,0.11493450511882419
ck_947a9c170786e028,0,0.05299375433594449
ck_355867804c06ea27,0,0.7951357506747615
ck_1ea7c4065bdbe453,0,0.4491851546732014
ck_4360ebe4429643dc,0,0.91075862864951
ck_85248c8fd121282b,1,0.9761411984434071
ck_7ab511822d1e8904,1,0.9222292014126107
ck_9dcd862b7f143735,1,0.9646705632000951
ck_59a6ea35f3bb5834,0,0.873135259534028
ck_426a8884fa7c8229,0,0.1711400021651783
ck_ac0ed1b7246633a1,0,0.039458553639173666
ck_4db391d52f0b0e8e,0,0.31819193427432096
ck_46698762ef843385,0,0.6184898851975399
ck_067254f3230084da,0,0.7139245319876206
ck_f814f2fa07b63fd9,0,0.555860895938865
ck_83a3ec2e2ce16595,0,0.1639135806320641
ck_1e4097b1df91233b,0,0.5209905483175484
ck_cc6cdb2b78741f50,0,0.11080512356976628
ck_31fb2edfce7ff9a9,0,0.23927482821895305
ck_5ec0d8cdb9391b2e,0,0.6311074632945898
ck_fba9fd332fcc3356,0,0.4275058933795775
ck_5e2910ddd2967e1a,0,0.8646471424312029
ck_a98d57d0feb6af60,0,0.5356728023390974
ck_9e6961d9ecce8e39,0,0.5765078174808139
ck_99dfd9c8b1ef960b,0,0.12066975932287666
ck_3d686f65a1fb76ed,0,0.4349617226614072
ck_4d3eb288be380971,0,0.2312454712477021
ck_f9143f66cc39fba0,0,0.22952489683550514
ck_c83a6c480763928e,1,0.9871529540877361
ck_a76602fd0b3d8aaa,0,0.5076847542075574
ck_431c03e8d372540c,0,0.5533373838017563
ck_37c02d66d221645b,0,0.4406969819207225
ck_b5a8248ac1fcbfa3,0,0.7799946750447571
ck_57d914d9ebfe57ed,0,0.2351454443057128
ck_93ed0340d9813411,0,0.5735254905487426
ck_397532d5398020f8,0,0.6118369977489064
ck_f85bf243ce07c788,0,0.4927730914408804
ck_71bf19c32e232ff5,0,0.7504007580502395
ck_4dfc788dbc95e242,0,0.5219081880989823
ck_e4fb0223e635080a,0,0.6740071541703601
ck_d0c3f2821df89770,0,0.6221604457122629
ck_dce4f06bed01b961,0,0.19362220031835065
ck_33cae864a1c779ab,0,0.3878179284393994
ck_98d7fd1c3cc199ed,0,0.012732265720164357
ck_92b6cdb286349983,0,0.5918783018879333
ck_3c9a5960f13eb7e4,1,0.9965588298895034
ck_9adf3a980b3a5d89,0,0.6751542029360729
ck_19fc80860d18454f,0,0.2732275381395829
ck_141b6eefcc7315a1,0,0.5804077873788143
ck_455d06f107d25fd3,1,0.9669646959077086
ck_c644dc43c4291ecc,0,0.7969710536590138
ck_260175934430b8d8,0,0.27276871805882297
ck_dabf5f538f631a87,0,0.42773530191723774
ck_85753c8c5fe369c8,0,0.2748334113677673
ck_1ae4223703fd11bf,0,0.7829770063915791
ck_f448a14a82375c55,0,0.21793968016287218
ck_bf8d5e94c79b51bf,0,0.19281926503203276
ck_129255257bc76a34,0,0.8625823834396907
ck_3a2505ac70685314,0,0.34159177458623613
ck_8afe7990471e02c9,0,0.7662300619398297
ck_bfaa363e190fd4c7,0,0.7974298548447125
ck_7b746aad00f1a015,0,0.5735254820493373
ck_41cdc23667e3be28,0,0.7042893011840631
ck_6f578356d30f0bf9,0,0.0779994655092693
ck_4099731c9f205e89,0,0.7143833491716742
ck_e905259a7a52db73,0,0.29479209947293783
ck_e3a5d57a57288169,0,0.31130962752014957
ck_3423f07ffe337b9e,0,0.31268608947808096
ck_9782a7a504d78a2a,0,0.7029128385124065
ck_e80a5e6d9cbb9144,0,0.13512260362176082
ck_06ad60cf3aa94ba5,0,0.30752435967964525
ck_9ff85782d428e4bc,0,0.4858907890464711
ck_14e591ee0fb4efc5,0,0.9116763144485747
ck_4fdb29f4b4fd6f6a,0,0.42303239323824554
ck_4929ee469e2029af,0,0.6402838507079245
ck_3ad15d52508c0e0b,0,0.8589118272944446
ck_153ab349debf9909,0,0.022482199337240303
ck_96fe6a0559fa22f3,0,0.4301441098086949
ck_d8d9e5e7ecfd8de5,0,0.33677416170383717
ck_e9b204bb3f64aaaa,0,0.8302355338275577
ck_10d53666889bd006,0,0.3245007170905107
ck_1d5ba2845ee5a34a,0,0.7448949097606948
ck_5d639cae346070b6,0,0.39366788668664704
ck_a1b186e33e8924c8,0,0.2583158740449808
ck_e8e96ce2a2a592fa,0,0.3344800566496217
ck_46811db41a93d646,0,0.31566842219553065
ck_b9025d2401937896,1,0.6746953820059363
ck_cfd4d77f8158baed,0,0.4764849736662435
ck_6952522d51d3a4a2,0,0.40995601110316804
ck_e972cd56064a33d9,0,0.4231470975019855
ck_b9567822e33e726a,0,0.286992149101229
ck_cf29c448323b28e7,0,0.5248905218216663
ck_e2ee99a5026f0ce5,0,0.8616647392686656
ck_bacc7682eb3b5fd1,0,0.7416831648596375
ck_b201eb4fa54ca7d3,0,0.028446864366497494
ck_bfa1b3698ce673f7,0,0.40961189536142295
ck_a706d89aa7b404da,0,0.19339279168931206
ck_d3a89d688b98fd14,1,0.8038533422468284
ck_8c65e586cd0e6fcc,0,0.6808894689472628
ck_5fa4247bef6ed9c1,0,0.4193618287744116
ck_5268f563727ba734,0,0.9006645577021914
ck_e905345daa9d831e,0,0.05586138180307305
ck_906236d6522f2349,0,0.4975907134347612
ck_3e8dd4f84e910da8,0,0.24306009716178392
ck_944e0bba8bf8c492,0,0.5303963675673349
ck_a86f2346f855f3d0,1,0.8644176651698742
ck_5a34de8ebfedeae2,0,0.5161729335622609
ck_a13d6cbfadedecf6,0,0.04657026888592619
ck_16ffe695eedc9bc1,0,0.8472118930677621
ck_afa1b1d9e272cea2,0,0.4872672534084075
ck_ad1a0131663f5759,0,0.6336309544974761
ck_4844dc959829cca3,0,0.9022704388269387
ck_5648af8fb8068717,0,0.8169297382854087
ck_7ad603f0573ded7d,0,0.35134170945852855
ck_49c59b1330de0112,0,0.3051155530746811
ck_7769e24738ed5840,0,0.08706116768635073
ck_b555a6a02f9576e0,0,0.4796967119919793
ck_c40db162f1e1c6ce,1,0.934388028440179
ck_1a8ed46b021c25c5,0,0.6012841175113304
ck_8071e6f1aebf2a93,0,0.595548866750175
ck_148db57fef5a4dd0,0,0.13799023088043494
ck_55cbaae6a01e62e3,1,0.966735284449741
ck_5c9bc9c61e905a50,0,0.28894213481464415
ck_68699ced2682f0a8,0,0.7338832219051994
ck_aee6d782887a49d3,0,0.6207839842492161
ck_b4323a3ce0f3adb1,0,0.5083729876118384
ck_dcddf4a83c9e51df,0,0.8584530012617969
ck_4d0a4574c99e5405,0,0.7805682038539499
ck_1b6fa0528f048caa,1,0.9589352479465867
ck_fdf0c27f2f048068,0,0.8467530716972901
ck_15a4112b5daa8036,0,0.48267904442320464
ck_0e26e9a405cc3e06,0,0.31635665747219793
ck_d4adc713c048165a,0,0.8701529339835604
ck_a0a91ba8ff021229,0,0.4562968711608255
ck_20174d2bf87269b3,0,0.4413852080601839
ck_c7f8ef3c39d3f415,0,0.40651486032896333
ck_171fe7f58c48e32f,0,0.13214027158853947
ck_8d6104d4a49d5633,1,0.232392524035929
ck_09d4ffc4d92be0c0,0,0.6863953041489802
ck_ee51c4a66fc42413,0,0.47074971548299116
ck_d8c1ab1939f8c5f3,0,0.9100703973844467
ck_9eef1053070f20f5,0,0.3999766672981389
ck_0efde34402d8f488,0,0.6547366948777789
ck_68e7b7e214a4eff8,0,0.7735712162078724
ck_e739670fc801a0d7,0,0.8254179186755664
ck_f3dbdfb3a09462cc,0,0.6550808097709363
ck_14780164e145f748,0,0.384720892037328
ck_6de652145233ba06,0,0.6425779535054366
ck_cb592727ee810ee0,0,0.22814843411509356
ck_b4d8cbb34560ba10,1,0.951135177375491
ck_ed0ff418a6044121,0,0.9449410254863696
ck_1d0677c0836131b5,0,0.48726725145063815
ck_797a3b188b64edea,0,0.8217473428883055
ck_ffadc09ec8592752,0,0.2228719990809388
ck_3ec258e4a927ee96,0,0.05402609990347518
ck_e8e1867846b8522f,0,0.20463388953517975
ck_8519320aceea9bd5,0,0.17572820543842907
ck_f36de3878ff44a38,1,0.8531765638082225
ck_1ae44326b07f26bd,0,0.5077994610962094
ck_3236f241bb60fbcc,0,0.7192009658770148
ck_7138e78f7ad4c2b5,0,0.07352596550039711
ck_af712c7f6797afcb,0,0.022711609518972737
ck_b99e035e45bd0cfe,1,0.9839412267574892
ck_eec60728b6c8604a,0,0.056893727491355885
ck_09c0cf8905d75fe6,0,0.5090612165948735
ck_c55e322b5e641a22,0,0.2655422947660093
ck_31bcac004cff0bda,0,0.4881848891271922
ck_2aa0b5d2024a0a9f,0,0.1678135547436383
ck_c60512ff4c35dd5c,0,0.7023393173587041
ck_72f683b50fe45112,0,0.7102539727225777
ck_7e7b2b4f66f460c8,0,0.40697367895203695
ck_2eb5949b7d6e7333,0,0.28756567377006115
ck_d8f57d6a8116213e,0,0.6485426184795259
ck_7927bf55a9252eba,0,0.2436336236155773
ck_03ce65cbb2ccbc78,1,0.8740529091245376
ck_3b221207af8d015e,0,0.14120197198919557
ck_a0f1b46afa004187,0,0.46730855929955417
ck_19b03adbe00ad052,0,0.4133971688381475
ck_0eeca0c9333b86e8,0,0.6737777404198511
ck_76e19b18b99b7e1c,1,0.9043351346672669
ck_e6fb49b083167811,0,0.714842176358042
ck_d7218a6e9f64986c,0,0.05643490708613656
ck_f83b91302d1c2c80,0,0.41706772680091914
ck_4c526db751d158d0,0,0.24030717508120178
ck_a0c3d48534d0833a,0,0.7969710346073138
ck_e758decdab747ae1,0,0.24386303258205394
ck_6ee3e028b5263482,0,0.20738681218178703
ck_1de391a38121214b,0,0.362009281555193
ck_929d77cd606a49d5,0,0.5129611885462912
ck_fc7ce2b8ee7a466c,0,0.2443218518913142
ck_63a9a3eb1417595a,0,0.8850646288964095
ck_ebd1a4ddb0ee6790,0,0.23789836826007543
ck_c49af520716e180c,0,0.6340897834980138
ck_d7ef07d570fec1f2,0,0.43450291598916946
ck_ea4122674ab25b2e,0,0.8637294344092378
ck_7717bacb4691bab8,0,0.5682490492726853
ck_1fe7d9130439b116,0,0.1306491024126306
ck_ac038937b2df8293,0,0.4019266545472678
ck_b1ea74ef74ff0bcc,1,0.9710941178292906
ck_91f2cf2dc8e1c6ac,0,0.3138331409817661
ck_2f767360fa775969,0,0.16322534978569248
ck_a2aa8e2958e23a3b,0,0.7469596021670797
ck_86748642682642ee,0,0.5511579875060798
ck_d3c92c28e4f5a147,0,0.7572830608354364
ck_723e121af181f0fd,0,0.4409263882119784
ck_ddeb016052dabcde,0,0.19431043441817095
ck_0d4f5d3ea890e666,1,0.9520528452161554
ck_0c0704c6dc8b4878,0,0.6616189996971783
ck_2275049b1e074786,0,0.5526491605178611
ck_fca54cdb7de479f7,0,0.46111449021246453
ck_2c2447f2950787e3,0,0.20371624816405928
ck_766bc202cd06a342,0,0.5079141677178264
ck_8c087c31ff2b84cf,0,0.7196597966676053
ck_90b64daa5203c795,0,0.3001832353113243
ck_058b7333b5c9381e,0,0.9084645935786738
ck_70dea6890ce2712f,0,0.734800858566488
ck_a12c1bc26c318880,0,0.49759070883096707
ck_b79d6356466eb16e,0,0.35237405242903136
ck_d4509714f25ee868,0,0.2635923120932999
ck_890724de0bd5e3a0,0,0.5091759220986352
ck_2946b48a8796002f,1,0.9949529674664032
ck_68ef3ffd15dd3dc9,0,0.17515468034729517
ck_bde42646238595ac,0,0.8999763113478882
ck_e861f76cb684e680,0,0.6930482153553211
ck_5e657ad2e6bb7168,0,0.7715065136157448
ck_6d722aecbebbdfd1,1,0.938288078715305
ck_c292158f01fc2713,0,0.10770808471116126
ck_be855a1c12b6db95,0,0.5810960200713267
ck_fbd3636f59db8d74,0,0.11436098037587601
ck_34433ac56c21e488,0,0.8316119880552504
ck_7f23a2c70e9332f6,0,0.06136722629616381
ck_b2f334abdfae7c29,0,0.49208487030388304
ck_f97f50445faa27ae,0,0.09520522844122088
ck_cfd8c77d7291ff1a,0,0.18169287013755783
ck_723c7d6d286a5b40,0,0.35317698831706834
ck_03169734a39dff3e,0,0.19362220071856992
ck_a32cefae5eec9be7,0,0.5138788362263403
ck_e47c44756b571054,0,0.2934156359885525
ck_cfcb0af18bcf9cab,1,0.9772882503755539
ck_7872364078bc2104,0,0.08981408882740735
ck_e37c72498e8965a6,0,0.507684762489605
ck_dae6dd44b47e2ce1,1,0.9587058486655099
ck_91eb00aeed60648b,0,0.7543007463807442
ck_724caddb879126a7,1,0.9947235445102633
ck_f15eedeaa8e99df8,0,0.5900430196552565
ck_e90af91fe58814bb,0,0.5086023962104215
ck_21dccf0199957b33,0,0.6756130440528345
ck_46eaf94f142b98f7,0,0.24673065874614264
ck_28f4f3d3ffafd819,0,0.19970157140114536
ck_16c9b12c2561cab9,0,0.9139703886549245
ck_73fe9c55e9a067d2,0,0.13500789674423844
ck_61aefb508bbc1a6e,0,0.675383620736819
ck_a73180df71c38a7c,0,0.4475792841169944
ck_609d9fb2ea32535c,1,0.9791235435041783
ck_3633886c90af1891,0,0.5049318358244489
ck_326f3d823f746d70,0,0.24432185177426688
ck_ae24094c5f5ab041,1,0.9844000502684321
ck_4b849867f5150a2a,0,0.26003645156915334
ck_e1070bf286c1e09b,0,0.4115618821667878
ck_e519684ed6ef5013,0,0.2276896132749682
ck_8954877431c052e8,0,0.5102082681755761
ck_b9e71cce9cb8d188,0,0.45423219057967296
ck_b5584928f442cefb,1,0.9465468819154504
ck_9c3040a490004590,1,0.986923563890282
ck_e13d5596b3884443,0,0.30064205595762744
ck_042f67200c6a5b4f,0,0.4080060240494883
ck_346fb6d35c2383b7,0,0.4700614860892193
ck_4882da5e27d25539,0,0.8625823932732478
ck_19fd8ea33deda17f,0,0.5552873706485861
ck_2a923a68de5b056a,0,0.46329388057971616
ck_c139479a1b1cbcb5,0,0.6405132633557005
ck_e863d558f10d4665,0,0.3590269525509606
ck_8de2499a0f6c9726,0,0.7533830913272571
ck_63a9fa66ad2c2bcc,0,0.6391368022799386
ck_273a7f31aa1ef0fc,0,0.9364527887403499
ck_e7ecf08c6184b8ac,0,0.1974074681277732
ck_b2e22846e10fc073,0,0.6980952248394626
ck_32806789bdf9926b,1,0.9424175361992387
ck_b077e1772adcab63,0,0.26531288664387476
ck_67f1e67975a2a45d,0,0.6593249063414525
ck_2fcc6988d4424646,0,0.4436793112186096
ck_527acf98f4d22dc5,0,0.6510661388709644
ck_ef6ddbc61b3d32ba,0,0.7946769320901839
ck_c4d225fd6391ef4b,0,0.5193846749314762
ck_f37a71faeae80a9f,0,0.927505679788048
ck_7df69de5bf8f3879,0,0.8442295568214693
ck_03cca56bd654c1fc,0,0.5659549476831802
ck_052e6c01d289afd3,0,0.7921534208279152
ck_f13908fd949d5972,0,0.33264477771995377
ck_b2349b5a6d26b485,0,0.5017200895741094
ck_f66b7f37ddce9f09,0,0.16391358085413724
ck_611cf92cb852ecb3,0,0.14888721388466417
ck_c6911f35fcef18d9,0,0.4886437154346343
ck_aa612b14ed08f292,0,0.20532212044220516
ck_3167fd6e49cfd7e7,1,0.9531999304275032
ck_a6e7897b528fc7e6,0,0.06412014852089067
ck_4b0401cefab961c8,0,0.6418897248851922
ck_e71d4358ea2ad590,0,0.8536353786866917
ck_5056e9b41ff708da,1,0.9917412025605903
ck_dd618cc8bba7be81,0,0.696489368338034
ck_84dc57539f39ee0e,0,0.4047942814552284
ck_97197c0993debe62,0,0.6503779102129325
ck_1e18ecee217250d5,0,0.2000456857669913
ck_87a61a16e640ac0d,0,0.7600359895362968
ck_37c6b61fa5871395,0,0.8417060481386748
ck_963ca4e47dc69f21,0,0.5086023967723585
ck_c818769b3b47dcca,0,0.45193808146464476
ck_c993eedb1ca50e8e,0,0.1110345318005135
ck_281477f93ca6d873,0,0.44884103984513457
ck_5206475876dceef0,0,0.2514335671929566
ck_dbcabcee8eb9d9d3,0,0.10747867339406353
ck_4476152d147c2664,0,0.38495030098622657
ck_2dfd1a27b5d7d4ee,0,0.16345476042750234
ck_e56b0c3b88a0e35c,0,0.5774254545606031
ck_ce7878f056cf3b8a,0,0.7955945860567789
ck_11ea4f81d2d977d5,0,0.7210362534966264
ck_d934ccb32eddbe12,0,0.6990128685108441
ck_ebb8bbdc47c29186,0,0.4637527025602089
ck_d34fa008805331ef,0,0.3460652719895584
ck_bbc3b410daa7fdef,1,0.9868066395504264
ck_90e9fbd844b02f84,0,0.050888481074423425
ck_18b6e2f63a8ef233,1,0.9025302084800679
ck_2b6ca1da12786fcb,0,0.26575095267622184
ck_e64bc7e48e112b98,0,0.225632524979222
ck_9dfa661f94fb5199,0,0.449111035847716
ck_5d4e71a873fdb63f,0,0.5403871995750313
ck_5792ed7de804453f,0,0.7172852592898942
ck_ecad402b41381248,0,0.028271378249409892
ck_a55bf19e8b19f08f,0,0.7942911211483112
ck_d834713d6cd6c8fe,0,0.6701662917979135
ck_f2943bf559f33b2d,0,0.07337095749877313
ck_af4fc1def548014c,0,0.895529667786458
ck_3abada54d3af9e1a,0,0.44534152272104366
ck_2429c36204a3cf00,0,0.7864828480864502
ck_bc59c7da97884378,0,0.4481686525154471
ck_014db4f6010cac2b,1,0.9216471136414136
ck_3afcaab1866d41de,0,0.7498646609955354
ck_a2c0fd31bb5ad31b,0,0.8306400832729797
ck_8d7d008cc271bff6,0,0.7057074554151898
ck_a2c3019116326ea0,0,0.840063848240975
ck_a556abc470047a5e,0,0.6825518483079486
ck_dc6b118cdb246a47,0,0.5446952191154146
ck_642e541f9c299baf,0,0.45786169855642983
ck_d671b673f2e7a9ef,0,0.4522074244290621
ck_012bd4d6342849b9,0,0.27880963514478196
ck_256d467aa6dffca7,0,0.6890138783674977
ck_f153d9d932f96ab3,0,0.2775980041189206
ck_9fcd896dfa480a44,0,0.8690083764038675
ck_6d4f346092e15f5c,0,0.5407910772257619
ck_f7ad716b4d2f8bd1,0,0.07700584863557088
ck_a500ada3871d1e63,1,0.9574579698591624
ck_ee852d5031674935,0,0.02288635416818661
ck_1c0733a10f2ae3c4,0,0.5328481700685683
ck_22ddc6ec4ed74e71,0,0.5506187459656077
ck_4ebc4696a98715b8,0,0.25282689263754604
ck_e269d4618062ba33,0,0.3807212225607831
ck_dd45d42c12fe1719,0,0.7197085203610398
ck_283a0a5b9cfc33e1,0,0.7221318023657538
ck_a7a1a09aa9fd8cfa,0,0.826601284513553
ck_f25e175167c59c7a,0,0.8163697303455718
ck_bc3a9deda5d3c589,0,0.19574563664225164
ck_4d1a0fadcaa1b971,0,0.24259534897218868
ck_544439dddcdf75b8,0,0.7070537132687398
ck_cb383aea8ea12a64,0,0.07444796107025341
ck_21f5439344781d6a,0,0.19628413832854077
ck_a0d800d42f1d9851,0,0.23990283562127465
ck_8f17eb725748430c,1,0.7312863333007396
ck_707d70853474f65a,0,0.8527186628447526
ck_3ae5915a56af699b,0,0.8909523833771266
ck_06235cb07e6175d1,0,0.41155048651405546
ck_35f7637ae3896ff4,0,0.309369648559408
ck_94d72361b7f275b8,0,0.7447488862650602
ck_5588003bd5c88556,0,0.8204085006711
ck_2d9edec9fd3ceafc,1,0.9913839411041458
ck_f74e494e7595015d,0,0.9391486365197921
ck_147d2fdfe21309f2,0,0.23855657771816785
ck_21f7bcb3c57e0d8f,0,0.36079663369705683
ck_0193bb031088c78f,0,0.4916527267607288
ck_114b0e69d12ecdd2,0,0.9332250399365154
ck_dbd9cf4be419144e,0,0.42178203261474645
ck_8665a371c861a521,0,0.3333330072699662
ck_ac77c1416eb61584,0,0.4095311038331358
ck_71c6a10da40609f2,0,0.36146976485755805
ck_28dc15d2c8086869,0,0.9515343907279853
ck_911f1f9dc0e200df,0,0.7089384701978083
ck_52e02712db8632da,0,0.563004305021977
ck_ebd2e84211275648,0,0.13758737261439205
ck_d3ce1b92b56be466,0,0.2697897206093121
ck_5b75350e8779a461,0,0.19049523895204165
ck_cd9c3a71800b057c,0,0.7109578545810212
ck_93141d5c15e88446,0,0.3777594614246429
ck_f0df934ad46d2493,0,0.9238011566450929
ck_32fd80360d96732f,0,0.6023149825827631
ck_4da0fa9c8893cbd6,0,0.10716198450433571
ck_085c2aa98fca8875,0,0.29833035198933655
ck_2e1e9ccb7e56a5e9,0,0.17609029611461866
ck_59cf02990e9c9b11,0,0.7420563764794983
ck_f957a06e57ea9799,0,0.5436182161980817
ck_eda06b60fade1879,0,0.21917049229636174
ck_aa02ac0bf4f4ca54,0,0.6731280548047324
ck_5e8db455a0b68ec8,0,0.9030687158268619
ck_7b2b0478f1e06453,0,0.44049499468251485
ck_51f1f93f88b5c554,0,0.09262241952270467
ck_d48e2531458f01de,1,0.9932686680466085
ck_9b8b61caa6461972,0,0.7288630706205976
ck_12bb5d8e4a5e9ffc,0,0.2872910491691574
ck_e869868ab042a873,0,0.7054382045159768
ck_5eda3cdd7c01f5e5,0,0.7401716150953297
ck_1fa06442ab2eb212,1,0.9483033391401628
ck_7d24b4df0bc3df8e,0,0.5051152870441058
ck_7db8123a4cc8866d,0,0.5379639361071474
ck_1fc83ed0e8619f31,0,0.13947213108177095
ck_ce3b39e02583399a,0,0.44722627432346657
ck_37e1879475e15374,0,0.08441025846113251
ck_3d644e62b3ca003f,0,0.5864291605269101
ck_6e9969367c204cb7,1,0.8861058568100971
ck_dcea76779450ac8f,0,0.49717237546651044
ck_409af7c2e4a5df49,0,0.48761395670203245
ck_208fa371ab0b91ec,0,0.7600962135874562
ck_8530d5a2c6410dee,0,0.3801827211144758
ck_373a375e5b6f9a8c,0,0.25013438120080067
ck_28c1e36d03b0c7ab,0,0.15778121311763757
ck_8e9ce83fc204131b,0,0.48249819109847286
ck_c74810dae6b0c464,0,0.24178759251576887
ck_1373c75095318231,0,0.39458765979487
ck_82763eb145931472,0,0.07565959271677712
ck_7e3e790561141d84,0,0.6833596059733468
ck_0e23163d99665c1c,0,0.4407642446093557
ck_f46f0556e7475458,0,0.7964451319162591
ck_b55d363ea5981838,0,0.31179290924621567
ck_f9a44cc3704c4812,0,0.20611180607901844
ck_cf3c6634e44b2de1,0,0.5285401444199707
ck_88eb2d99750e37e5,0,0.6596654935505997
ck_3b838114203f1552,0,0.426493937111487
ck_b8bc862d38bfb25d,0,0.37237444209417614
ck_e7496f1e389d43c9,0,0.2751747484395845
ck_dd92ceefcbff591d,1,0.9822293018951358
ck_76feffc268de67f7,0,0.149299799285141
ck_03d967db78c60b50,0,0.29752259763935285
ck_f7fef92ea9a832e1,0,0.9044149958040594
ck_26535395427df656,0,0.38826025750480864
ck_124ebd55b38f2acd,0,0.30667713682454856
ck_2e489d0077875415,0,0.5845443998629107
ck_788a0c63c93503b0,0,0.7802900584952949
ck_7e354460b461818f,0,0.8271397812015128
ck_64717d73e728b540,0,0.5899294261748304
ck_2e588fa3b6741eba,0,0.4458800240523829
ck_b8f096c829823343,0,0.6400101539688949
ck_71c977d2f66040ad,0,0.5102310641900788
ck_48fa237fc1e87db2,0,0.716881383079032
ck_2a8dda18e3f4674e,0,0.8933756734387407
ck_d41875c4b42258c8,0,0.5853521524843835
ck_93f49447ff47d85b,0,0.4229936631885373
ck_e20e740e95765d7d,0,0.8222932553880559
ck_823455d0ffe5e66d,1,0.9434567610415222
ck_5b7c4094ae0b981e,0,0.40064581191707466
ck_b65cda8eb7230b08,0,0.09194929132857865
ck_b39a9eec9e7781b6,0,0.39929955984229093
ck_6f727a55656a88f5,0,0.6448567058873923
ck_39ec721be15eb6d3,0,0.26103905477304556
ck_3cbcab3ff382b166,0,0.3944530364865457
ck_555413ccf686dd49,0,0.7062459591427809
ck_68cb182a65f444ac,1,0.9765750068327543
ck_5c9ae98265f1cb6f,0,0.7598269570082562
ck_35453dad005c4d3b,0,0.5105003115142736
ck_78512e05690a509d,0,0.9003762167140096
ck_d94893c758c772d7,0,0.7840595715066117
ck_f098a8479452c7ef,0,0.39283752694708496
ck_1a6fde5a53924551,0,0.523424370786769
ck_5317cfa8fb3ef0a6,0,0.5875061631766311
ck_3426d079747793dd,1,0.9623045526247147
ck_80c69e8ec222dbc8,0,0.7794822987859088
ck_762c00ce9c0df43d,0,0.14593415964621603
ck_cad9175692e70991,0,0.5126543242054948
ck_1f5314036aa26e74,0,0.5993532166741233
ck_f8063804aa41139b,0,0.2660202026068937
ck_5d845cc4a29bfc9a,0,0.06085077568317482
ck_98b3253ab1cd2739,0,0.29644559126285314
ck_aa90bdc7223266b9,0,0.33548701716997853
ck_de3431345e13c24c,0,0.5710818380496102
ck_2ab9e4404abd35f6,0,0.2460956118683415
ck_4192c080898bff62,1,0.9779212936550588
ck_621def2bf202bae3,0,0.7792130578696906
ck_2edc2c271acc65f4,0,0.35002658422882676
ck_cd6dba58a70a85c1,0,0.2950993346526778
ck_388e959ca5721aa3,0,0.7560574390711977
ck_ad349ee40077dbe1,0,0.3809904738944466
ck_9fa1680552ecd6f1,0,0.6919756425544967
ck_8c9ac55e01ecaecc,0,0.1927838713354731
ck_1d93e12f21b3fd46,0,0.878028347223246
ck_084410cb1ee76076,0,0.37937496545447963
ck_c5dc11ad8ced761f,0,0.8414101054153331
ck_5c69adb8637c6948,0,0.057215883549118135
ck_6b2884014a57a552,0,0.20624643329377707
ck_3f923aff76c8f866,0,0.29671484773584655
ck_fa1e1540f1eeac8b,0,0.386644750649663
ck_b384ef8762928fca,1,0.72805531710696
ck_23880e16a3988680,0,0.8734510245862371
ck_4d3dff33acadc926,0,0.1884758529523285
ck_4baaa6193d0b0646,0,0.06677430284356049
ck_490e035e48555175,0,0.22267075621882848
ck_b5a7d1e86847617e,0,0.07512109011145189
ck_a2fe5cf574f99374,0,0.3717013071515712
ck_efd014ca50ba981d,0,0.32148595299356214
ck_f73810768ec89762,0,0.8319863093629901
ck_48942f9735dadd28,0,0.5573500320945926
ck_15ff9fa74985952a,0,0.3865101227181067
ck_5886b0cb7de1462b,0,0.1610122287411717
ck_c99ccb90fa8a9bfe,0,0.29213757034800647
ck_dc4e4780b966a986,0,0.16841663617348
ck_43f90eb636df6c86,0,0.763327235951345
ck_81078980b62d57e4,0,0.9001069825824904
ck_a0c70bc9d1de14d0,0,0.625470586880333
ck_b5c8a0d97f79aaba,1,0.9725362163948931
ck_4f2e7727ee53670e,0,0.7127079944998314
ck_67ccb402646309f1,0,0.4784594149668751
ck_36b3e3e04ca9a73e,0,0.08400638010456932
ck_60b90ef08c98a8c9,0,0.6680122816105347
ck_8d7b0c976bd2131b,0,0.22240150481540727
ck_661c51e6a5578264,0,0.5107695631007941
ck_5e514be310520d2f,0,0.2707320998199819
ck_723793ab0d3968d5,0,0.13974138235739367
ck_f64f14fcf35dfe49,0,0.9477648118371348
ck_5847d90e66ab5443,1,0.9404949074878433
ck_3b08bbea5b4c62c8,0,0.09693043881266408
ck_0b8e69aa4e025386,0,0.5328481653886313
ck_4c662ef8444d527b,0,0.09329554709127036
ck_42a20c512956b68a,1,0.6365099010104475
ck_7669760a307370d3,0,0.19870739757559358
ck_a5c395bcdde1a940,0,0.4275709353125936
ck_2a6cad46cf04b606,0,0.18255232700608576
ck_3fbca87f98c2466f,1,0.9286478368260652
ck_a781b1f9bcfffa3a,0,0.1598005973302634
ck_5f33a335aaffbc2e,0,0.7810978088172601
ck_2d3b95c2da7e06df,1,0.9483033260842236
ck_215897f16e3580d7,0,0.3476033248423194
ck_36e51ad18892547a,0,0.9246089627943336
ck_02963c863c996cb0,0,0.05492724858664113
ck_9e833b56352301d6,0,0.35729637046608076
ck_b966a0841bcd8a25,0,0.3140815458955333
ck_f00a7e05291dd2c9,0,0.7972528844513695
ck_dcd5842a9276552f,0,0.4145122499312382
ck_7aecea08c4ff8c8d,0,0.6523957110571423
ck_e36a05ee48aaf4a3,0,0.34518006081918856
ck_782f4205a94dd5a4,1,0.9593427760809806
ck_e58d662521387f19,0,0.7633272267001514
ck_9a23bb7c09c9d14a,0,0.6686854110335717
ck_00fcd0b49cf5d1d1,0,0.4531498021298797
ck_b145bd7ba616d061,0,0.6066229997800257
ck_0188c8f631dde46d,0,0.8551419249362723
ck_88abca7fd35348e6,0,0.3166394401584444
ck_2fdc72d45df064e6,0,0.6545497273356703
ck_b56e64274933941b,0,0.05856214024218741
ck_73bd21777f00a733,1,0.9940764403993617
ck_b1011b5e3f50b161,0,0.28944506195089004
ck_46e4b0c9f58e5aa2,0,0.3904142674782427
ck_1ec1fd1659b6220e,0,0.7194392694058974
ck_84da223acd4b5ae3,0,0.3123314162041888
ck_867bce400a0bbd39,0,0.25296151890202223
ck_cbfe0f21df750772,0,0.44211050157028914
ck_1f9b1983e657d463,0,0.9456107530254014
ck_4abf1f7f7626ccc4,0,0.6308556448662292
ck_a6eccb82d5baf2fa,0,0.09046840909718501
ck_3554a72b0c3944fc,0,0.7576729458687307
ck_766fab807e286a76,1,0.9321480571184299
ck_8c7e99f6f2faef52,0,0.4978455050686519
ck_acda0fb3827ce1de,1,0.989229930035437
ck_298c6704a8a788e0,0,0.23990283504033436
ck_6e01b140c7323e8d,0,0.5012111438164968
ck_ef01a4163c51f108,0,0.8683352512145349
ck_744fe9f9ff597e52,0,0.16976289385540974
ck_f35e13936d54a7d6,1,0.6650505203700598
ck_60f31cbfc1848883,0,0.6282977237696711
ck_68bd383161b415cf,1,0.9728054719961818
ck_3dedfb9ef5c60c1f,0,0.6618195239388549
ck_f39926d7df748830,0,0.035271909874321966
ck_6efc7f4b5a79dfa9,0,0.2899835606986415
ck_589815c0dd6670c2,0,0.30317687564674345
ck_3ff9022c139efc76,0,0.4329559605105543
ck_2ca5832ade8f260e,1,0.7730202717714274
ck_e20df27134fa12d6,0,0.830640087596991
ck_247ef5d806e35d76,0,0.006327403846565116
ck_2b0075d4978a4d65,0,0.4579963243425889
ck_dd2e2d038b592a2a,0,0.1432416476288852
ck_24dbcd67cab777e4,0,0.24071058717523447
ck_d22e95d49e97594d,0,0.12399018598025228
ck_9ceb511454314005,1,0.5344636702450829
ck_d6f1326876f21472,0,0.10366171968821855
ck_03b044bc65ac509c,0,0.3240438402460166
ck_283872591a00d657,0,0.684436625319958
ck_8f6222825e5abaff,0,0.6756859591523557
ck_ffb8061911f7b71b,0,0.4445337643150472
ck_88486f01ec83ae1f,0,0.676089818884277
ck_2db4ee809797edbb,0,0.4854599477037613
ck_834f27ec88736e3a,0,0.5308287788339575
ck_faf43a68eb7fa173,0,0.40603083685432523
ck_77cf6b293ffaef50,0,0.06771668183076014
ck_2c7b0a369fa8c5e3,0,0.6190085570087785
ck_bdb28f3bcd3d9208,0,0.35621936166630114
ck_4b7b52e0a6ccd7fd,0,0.70301494764714
ck_1139b99fb86d2bfe,0,0.3764132042683868
ck_e8b364b9ce3dcc78,0,0.38045197622231114
ck_c8bb3a40d05e13b1,0,0.5654275647321096
ck_37d4845789cbb148,0,0.3462570662322894
ck_98fffc1df14a0c0a,0,0.14835742031684326
ck_75cd1b8dbe2664c0,0,0.5446952177133153
ck_4c6b0bc47a34900b,0,0.3667201578752758
ck_a231931aa6909d71,0,0.23963358294230763
ck_f02ac7e8e2306334,0,0.8134080020754463
ck_02b83c883b646daa,0,0.17110914814326117
ck_49ff49c5af288eff,0,0.1750132914084755
ck_9a7939b6a9147f4b,0,0.8459873780634514
ck_4969694adf2f0d56,0,0.08696814357405339
ck_ab31c1ef45747467,0,0.5288093962922717
ck_4b80cdfe4f079a1b,0,0.421108909667109
ck_e9ed95edb6b7bbf0,0,0.9771135150424356
ck_707b9094df9fc2ab,0,0.4166662595329351
ck_1eb9880e9658a693,0,0.23721032355679125
ck_eeb51ca2ad455142,0,0.31879344357438494
ck_7b17140b1d683c84,0,0.15562720481239234
ck_fc80f8e28ba9c60a,0,0.12264393021201338
ck_9b41ac5cb4444dd7,1,0.9666126269142649
ck_e4afb8497586908c,0,0.6790515899925563
ck_c4a1ecc17e28a5bf,1,0.9905761483402349
ck_3d6eb68a62ebaf9b,0,0.6534727174567223
ck_3ae873f25731b129,0,0.7592884551950247
ck_9b710e062fa13da3,0,0.5805056316462033
ck_8664c4e1a0cb7619,0,0.45570768674258566
ck_0a0fb8354cfff828,0,0.1077004869790405
ck_92190a0c2eedeab8,0,0.6742050639588656
ck_2488bf95b0ee46f6,0,0.748787656229447
ck_b9f9510caf29a340,0,0.47549765447053866
ck_c240aa58f12ad990,0,0.37129743314590813
ck_fa6d71a89bef656b,0,0.9321481509757756
ck_28f80d49da25cf8d,0,0.10500797488397857
ck_fd1f9880d5400a2b,0,0.5868330348991941
ck_178fbf35e5e23b21,0,0.18336007832551693
ck_a850b1ba27bbb19b,0,0.7471721482801794
ck_c247cac207550b79,0,0.5005380197132543
ck_57077fc3c2750174,0,0.05048460322729059
ck_d291698d2ed39548,0,0.24124909232150216
ck_03a58abff3e3cb4a,0,0.23653719413416954
ck_28d9facdac3e0ac2,1,0.949380345399268
ck_6c30ee6b7b6d3691,0,0.24488398179461962
ck_20e73979aad10e73,0,0.49946101269291354
ck_7c4b2b7a2a3a7b32,0,0.3730475615449312
ck_f9e9311865e96e83,0,0.7827133152341387
ck_1d57ad5491654695,0,0.2102852022327742
ck_d75154ea73f1bf5b,0,0.1288367065238088
ck_328f6540f2fd691d,0,0.383144483912283
ck_e2b7840a0be1510d,0,0.07054381979401976
ck_e8301736dccd1028,0,0.4423797559467603
ck_d7025f2203c0ab27,0,0.2355948162109814
ck_687fa66118147c28,0,0.42797481539413
ck_e9a224d9ac46bd96,0,0.1457995346849973
ck_bcf1d0439df819d1,0,0.3634891435177552
ck_5503be3cf62072b1,1,0.9644585976269223
ck_30303a39854f0d0c,0,0.9084537538683658
ck_7b73adcc1d867b01,0,0.3441030582199721
ck_1f9c59c2eadccbdb,0,0.2588850450947053
ck_a42fd7f682198998,0,0.6612810026521942
ck_f5bc058b18cb2fda,0,0.2714052291506459
ck_0bb26795b08d3976,0,0.4472262740586094
ck_ad70501eff088f60,0,0.3817982261782262
ck_795a33f87f4423d2,0,0.23155604767280666
ck_8fe85530dc944a93,0,0.5875061876113222
ck_6cadbcafb8a20b69,0,0.6410871629505523
ck_ec7d4073f4abe75b,0,0.02288635408260318
ck_a99f9e510cefd39b,0,0.5541190095719842
ck_2b688d361f184168,0,0.4480340292148528
ck_a2a5bf9546dd96b1,0,0.7905216042676447
ck_07df485800f24755,0,0.18497558874068845
ck_d4357622c3669ece,0,0.2750401181810129
ck_f4df2eb062ad1913,0,0.4689009975606176
ck_f1a0eb5132b686ab,1,0.4687663729352866
ck_790d5f3599a08f0f,0,0.5210011121203676
ck_18a248c70aeeabc9,0,0.2750401191044742
ck_92ec62e9d408c7bc,0,0.7644042316305352
ck_369f23433a4b97a3,0,0.4036075757759351
ck_1388b91f875a4fe2,0,0.02167472336668822
ck_c6ee0bc35c00bae7,0,0.7498646625489366
ck_678e237b7af3aa67,0,0.6287016062911623
ck_e0af6634f1480f3d,0,0.38597162105917765
ck_cbd9ff2a59dbc675,0,0.23424855964563732
ck_03d984aa7e45064f,0,0.7425948821849302
ck_9feb4e2687e9375a,0,0.5328481659388808
ck_39a7aa3867f67c78,0,0.9426489547120301
ck_987552a9907fcdcc,0,0.23478706205668473
ck_cd8e61d0fe6fe787,0,0.32687097785894914
ck_0ab2e5b257690980,0,0.8928371483819763
ck_a423f872d612a0b6,0,0.4313404517288731
ck_56dcb4115e6a2abc,0,0.3636237688434472
ck_5cb0154760d140f4,0,0.22199762952245986
ck_abac2708d27f5c6f,0,0.16074297934042422
ck_a0a454eae1f0122d,0,0.6987069231496578
ck_69e4a26a1d5a7604,1,0.9975767246977324
ck_312d3a8593dfb45e,0,0.5807748858245328
ck_067e661e6216bdc0,1,0.8629502400605796
ck_72658fd133a360fe,0,0.053446366548634355
ck_19a6bc0294b6d7f6,1,0.910607766758779
ck_edd3d399621b35a7,0,0.7897138557526746
ck_287187374bd47bfc,0,0.9703821777484738
ck_3c40d715bc97750b,0,0.19116836857405434
ck_b592eb511ef9936d,0,0.709207736288191
ck_0b16e0887876a7cb,0,0.7641349783106124
ck_eeb30b265d1e7bad,0,0.333333007049297
ck_8018ada22b3814a6,0,0.36941267297597596
ck_ad6676dcbc183317,0,0.7008609432740165
ck_2e180d89a14b269e,0,0.5204626076252625
ck_2f82b784929d9d4d,0,0.13274085131189547
ck_7a0bb9cd9ebbf1fc,0,0.3241784759045862
ck_1944ae7ac6cae10b,0,0.6432411682657876
ck_9200b35094637eb8,0,0.8831440966205953
ck_7bd55a327ef174f1,0,0.876143558107427
ck_7b334f71f523280f,0,0.4913834879862956
ck_3bd88a0d52681351,0,0.8144849758660124
ck_cdecc0bffa854b08,0,0.688206125375934
ck_4d15eaf24cfb41ed,0,0.26023130450792087
ck_ca5858b7d70c5431,0,0.20207303790693612
ck_f25fc72ee48356ee,0,0.2660202020702076
ck_37c5f947b5a4a399,0,0.468227874035078
ck_c6487639875a4098,0,0.8939141541836674
ck_f411eff35c0eed39,0,0.0998922021921892
ck_8a7036d90a0e6ff5,1,0.8559496782111523
ck_b04c8fa905d255a6,0,0.7075922140456146
ck_b572e2be1e06cafd,0,0.41330062490359315
ck_43cee5effe01111d,0,0.31717793691260876
ck_93ff1705dbeea9e2,0,0.20126528529861956
ck_ab660419232af508,0,0.731017077603837
ck_7fcd61d5bf816bc2,0,0.5269246356764952
ck_e391140fb2a2ba92,0,0.9205701159916221
ck_0da26a65d403a3f3,0,0.06394716371405507
ck_d637ad364f0f7e0e,0,0.531501908584958
ck_644452d3cbb757a9,0,0.14458790426797136
ck_aacbc651091796bd,0,0.2609044303467719
ck_aad54137f7e8de31,0,0.5255783804785334
ck_6824bd4b3c05cef7,0,0.08871827668819281
ck_3cc2fff34a23afe4,0,0.8381790931464362
ck_ac6701db25d82d69,0,0.3314482490098764
ck_13c4066abe9d9975,0,0.05008072706956983
ck_945ac72f5a55f38c,0,0.6717818030253302
ck_54bc2374f94831cd,0,0.28473316223306117
ck_e8819ea21f708b53,0,0.7627887228937639
ck_ee75475cec9f761a,0,0.4372639800821773
ck_775f92f761a2c1ce,0,0.9009147358159671
ck_81f362be8d8a66f2,0,0.7127079876096365
ck_21d8b66e1cc9d7ba,0,0.6055459951364855
ck_01455395e7cbe7da,0,0.15764658870996504
ck_934a3a0399573a69,0,0.4111466097637173
ck_d18423600b4c657d,0,0.5223473660200644
ck_152166e3765fa01f,0,0.6235858284314014
ck_ccd7a5d129dc4343,0,0.25686566096951796
ck_a8ef18dac91f6c37,0,0.7412486333859477
ck_419fdbf530ab8a74,0,0.025848117760069903
ck_ebf64e0184a718c2,0,0.813138713279563
ck_c3932d2871e4c7e7,0,0.2579426700453843
ck_64191b936ad0e9d0,1,0.9986537385100235
ck_e6f6130b4d1fe868,0,0.49084497150690604
ck_f478c84839e87cc6,0,0.4256861817053976
ck_37e141264989559b,0,0.8295630551979405
ck_8f10610c72edb475,0,0.6028534851979989
ck_45075e1bd38a023e,0,0.48169043152441865
ck_74138ef43742596d,0,0.5409257017761872
ck_088ec9f727e7d1dd,0,0.37372069432918414
ck_961f815e381bfee7,0,0.5210011127290899
ck_524997203402b27f,0,0.09154541491682491
ck_c8a1e1e72fb334f1,0,0.40495384334257334
ck_4005659e33e84a85,0,0.6537419672926004
ck_8dd890355257ee05,0,0.5422719560119841
ck_b224c369343d7a13,0,0.7870213401040962
ck_f5aabd8b0a50cba0,0,0.18093681807346948
ck_d639c2b46dbc2ffc,0,0.03944530378946342
ck_0de8237e267673c7,0,0.36079663141378615
ck_a8141b9e0b589f7c,0,0.445341517704294
ck_b2f754b8720797ea,0,0.424609171275358
ck_2d924e9efa5fd416,0,0.7420563798252245
ck_36a0c0507075b7cb,0,0.16155072973562792
ck_ee0cefb79220a326,0,0.28971430903272566
ck_8c05e4571614aae2,0,0.8610654635333012
ck_189a40586961f2a4,0,0.059235267924695176
ck_d73831063724494d,0,0.5320404109056838
ck_1817da6a052aa516,0,0.18053294181902577
ck_21f37c3331ff0145,0,0.6212971932615704
ck_8aeed565d0be7bc2,0,0.6109310201947932
ck_e02ac1441af3fa59,0,0.45368830275328825
ck_07bea26db1fd7219,0,0.7915986111369273
ck_e62ebceb34ce76d0,0,0.07121694762014971
ck_5d0b84e0679e41e1,0,0.32256295848482336
ck_1a42a0415a1d7cef,0,0.3768170790790078
ck_37a75a395694ed16,0,0.6198163133765764
ck_f1d3b365c3ac1a13,1,0.9940764368231301
ck_6f855050462c4a0f,0,0.725093546046987
ck_5782d91b37e49469,0,0.20516942814311348
ck_a1696cc25af91527,0,0.8026379245333393
ck_756bce467742d933,1,0.9391486816450737
ck_ee4be85c9cec0ff4,0,0.5390409547728874
ck_5509d59bae7e494c,0,0.32296683491688516
ck_f57921c43fafbe93,0,0.5239628749940083
ck_2e3e2813eb34981b,0,0.6627618832934693
ck_92819ececca6e11b,0,0.9752287531630771
ck_7025fb6c3ba229cb,1,0.9313402575832606
ck_87a7a879de42b80c,0,0.44964953650548495
ck_1a1f88c684db73b4,0,0.1927838722662212
ck_717e31dbd357771f,0,0.825255028914131
ck_28f067603bf53370,0,0.32821723404986813
ck_f1306a5bb6e6fca7,0,0.5842751473460159
ck_89017e9c62fbe7d6,0,0.3411412932969752
ck_8d339a174f3424ff,1,0.9466877854766406
ck_601118815ce05855,0,0.26171218239227767
ck_85e8a9862caced22,0,0.3139469198970237
ck_6d3cad7c41e76daf,0,0.4577270749165838
ck_34e8b0f40aa89790,0,0.5253091301692916
ck_abffc7b2ab94349d,0,0.8042534237421428
ck_2292e721d245f3fa,0,0.7315555858098494
ck_55547f915faf99a6,0,0.5358099290827154
ck_d7daf4b569c44636,0,0.8852981064500663
ck_027dd50cc6d1c649,0,0.5288093945963975
ck_f3f38b57ceed5ad5,0,0.43968724449044777
ck_2acbe2b063b5b3c5,0,0.1746094140540794
ck_b02b0cbb83d6e9be,0,0.4830366863677869
ck_1874c281082f4807,0,0.6427026680856612
ck_fc8c53ef3047f23c,0,0.19870739834608636
ck_bfde361a65f1ae68,0,0.46553535811378366
ck_7234c250dcb22886,0,0.04940759935944764
ck_7d525373eb96dec0,0,0.11954754135305924
ck_25163ffe63a6b342,0,0.5780823702027729
ck_b81194f8a3d4b40d,0,0.7504031769949308
ck_5e2da7307f280977,0,0.5290786473404275
ck_906eb72b7c24f458,1,0.8968759225333366
ck_a0173a9dfa239db4,0,0.4655353582561235
ck_c3257536f1e6f9ec,0,0.5212703629074177
ck_7b50a17c0dda97f1,0,0.9305325673630844
ck_ac030f91f95d9bf2,0,0.386106247092393
ck_4f8e6d21df8836e7,0,0.3414105516136625
ck_1ce4228aa31887be,0,0.23155604595781834
ck_006056759164739d,0,0.7576729511733162
ck_8f21f4d91dd87252,0,0.529347900970102
ck_fda46ff6680174b6,0,0.6335481247370965
ck_9a05ac4ceed7da8c,0,0.9111462743994106
ck_531e8e6ac81b82d6,0,0.4932682330748044
ck_0b50083b9ba210be,0,0.08387175440704409
ck_2e01122ea3b7b287,0,0.3432953041268457
ck_eccd1a6ee878c170,0,0.5032305460837392
ck_116ac0c45cef5058,0,0.8109847211643383
ck_e8f8074479ce61c1,0,0.48653695960250587
ck_3bdbc44a5e3580a1,0,0.3085618969270415
ck_78531fdd628c8fd0,0,0.6661275283846366
ck_cc33a9b4f6674fda,0,0.6777053283918248
ck_2c02b9f2d979a838,1,0.9520729051086485
ck_daa022b230eb5533,0,0.9518036242291037
ck_a9717ff36135b2f4,0,0.4935374844633728
ck_b793c195c5fd3e2d,0,0.8785668107049049
ck_b71dbd77506c3531,0,0.5298864009252239
ck_fced98cc43240540,0,0.2557886591154699
ck_0b63618f6fd5745b,0,0.39229902632539637
ck_fc984c02ead6f6ef,0,0.43093657528196194
ck_ea37b84b16e8cfcd,0,0.7994068963936123
ck_309940428cc2554f,0,0.2841946600663519
ck_95ea6dd0702fde8a,0,0.05142698251859065
ck_6d78cf4b47b8a333,0,0.2735592387606186
ck_5150667372b3431f,0,0.6195470594832172
ck_89282f767375a959,0,0.09248779305649953
ck_291004c88fd09a33,0,0.40549233393786016
ck_c1f6c5a502ab2ea7,0,0.3484110769094247
ck_c80cabc9fa755c87,0,0.6025842345057244
ck_4d3eed4d59e51c96,0,0.053311741718177916
ck_415ce4d2af4ea33d,0,0.3144854222742268
ck_a703519cd60a30e7,0,0.1382604997326595
ck_f8b586652a82821b,0,0.17851355666773264
ck_16047881a2f816e8,1,0.9698436682311393
ck_3c3f66e641f76914,0,0.2829830284196801
ck_3f344dda6267b0c2,0,0.34518006283927677
ck_31448876671e5522,0,0.3747976947194723
ck_836cda523961f302,0,0.14203001875470353
ck_56b95c7f8277d860,0,0.18066756641149131
ck_56dfa6742b800abb,0,0.4044153360256772
ck_ba76f1c5c6c8e95d,0,0.37372069209628067
ck_df69102ffc4f8686,1,0.9771135177465189
ck_bd640f354644c84d,0,0.6058152515080116
ck_d471fccb1d48c891,0,0.5105003111778338
ck_9b6c253b10c48446,0,0.07148619842641718
ck_a7ef7b529d0a5ec8,0,0.8473336382214235
ck_1786275d4d6fe03d,0,0.7521533012247409
ck_87277ca8d7a9eaa0,0,0.48761395783722455
ck_144793b4c7aa021c,0,0.1818791961024617
ck_a0f40b106fbf42e9,0,0.8591806946681452
ck_d8a84678c64e9250,0,0.7070537118710684
ck_a1829c665e34486d,0,0.12627882035064358
ck_73fb125d4122f37e,0,0.6976299191856917
ck_78b6e87b441314f0,0,0.613354280657016
ck_4b54b41ffb0e12e1,0,0.310715904398824
ck_ef88d56527bfc6ec,1,0.987614413141822
ck_a259804dccdd770d,0,0.4501880415854361
ck_0877ed476859b042,0,0.5021535270043137
ck_e5b58a66a39a22f6,0,0.9173391325958861
ck_bddcc9081bc8c819,0,0.1316638474411616
ck_4a35437a91457b9f,1,0.8430256103792332
ck_d497eb1bdb2c8b36,0,0.8686045095678652
ck_251d640d3b1c573b,0,0.1445879049799574
ck_e0232d4c7cc6b0b2,0,0.290656689174868
ck_ed1f608ace9cd559,0,0.018174457509667268
ck_1b9d12a06d0d1867,0,0.681744096003297
ck_01d563a6a5518324,0,0.5756591091103967
ck_76f9036807d81e30,0,0.5463107250416522
ck_17b4141a970988c1,0,0.04200319044042425
ck_5390966a755f55d5,0,0.15481945061639701
ck_1d697400f53622e0,0,0.10837361690697334
ck_d7f9fbaf89b4ef6a,1,0.9488418114457602
ck_f89ba9637a1a118d,0,0.8540649365910177
ck_6c71e0c734254713,1,0.9523421570671033
ck_24dab913cce26186,0,0.1956110108273695
ck_1416b6d07c0d4029,0,0.32781335978667325
ck_3928916746e8484b,0,0.797522160538339
ck_784d2e6360121c65,0,0.1704360195780069
ck_41454909da072be0,0,0.6871291211072595
ck_d108f3992341fd58,0,0.5815826365914438
ck_8cb65f3448a09f89,0,0.6639735157056093
ck_9c9604af8b0bd5fc,1,0.9725362075039428
ck_74a189fc8b35950a,0,0.2727514867162736
ck_45b7e32346184295,0,0.8729125261015966
ck_756dbfaf8393c0c7,0,0.2961763425137679
ck_a2da8451b556d8b8,0,0.6739358104014075
ck_d76f72d71ee83952,0,0.1820138230772943
ck_15f6d0c48e385805,1,0.9924609498892211
ck_15152e503a6435e7,0,0.20570793127772719
ck_238a78128252869b,0,0.29806109837935874
ck_173e42f9167e7f7e,0,0.5516957544340994
ck_3664ad57291f8f90,0,0.0550618743222727
ck_1fe61d7369c5853c,0,0.5363484328331967
ck_40714b4e9d67567f,0,0.47051650471943907
ck_bb30266469ecc180,0,0.8645657233280692
ck_e56b5c9e17af9164,0,0.6225088239774564
ck_d378860102bbeba9,1,0.9900376823776829
ck_1eb975f7134bd124,0,0.8473336407086678
ck_b1c22758aae2ee4d,0,0.4165316385672676
ck_78f89569f8234908,0,0.09975757813356737
ck_725c75a4728e4743,0,0.3882602633719027
ck_ed249dea99b29678,0,0.9606890118028815
ck_06e30efcb89eb19f,0,0.6607425004072147
ck_3518d2f523fb2651,0,0.5920834341060127
ck_f73eb321e8d0d973,0,0.6922448960615061
ck_323fb90f8f1bb402,0,0.22105524910265387
ck_0edc6a63a9a7c55b,0,0.2899835622637346
ck_4f7147d613a0cc1c,0,0.49676849890539554
ck_8cc1b54cfa7d6394,0,0.4445337658000312
ck_0e4c69f5e556f4dc,0,0.28971431589949315
ck_75308987582f992e,0,0.5339251702060782
ck_42ab1b544c03cad2,0,0.6074307550678074
ck_8152fa6f46ad74ee,0,0.5261168857831564
ck_c2849915412ff0dc,0,0.3447761840185583
ck_a59ea2756253b61e,0,0.2876949259789932
ck_ae40fa0f032ac089,0,0.19884202363814996
ck_5fee27f028094a0e,0,0.11900903946412739
ck_108cce31dfaa8e1b,0,0.15845434370596956
ck_230a1f32747216c9,0,0.5848136511526744
ck_51c5dce8530b9c52,0,0.5263861343497533
ck_8d2db609a22dcf26,0,0.503230529925952
ck_c9d37aaa1ccebf67,0,0.48249818361365393
ck_aae21681a09ebf47,1,0.9512651215486615
ck_202705881e64a702,0,0.1650509977948933
ck_86ffdd95d91d7ff0,0,0.573505098789947
ck_612f03e9cd1abf90,0,0.7568651975825947
ck_21ff53e7194a31cb,0,0.6089116355362967
ck_431953e2c1f9c04c,0,0.2506728833941345
ck_69f0bb204be990fb,0,0.5845444030058031
ck_7a458ab8d439efd9,0,0.36295064195269
ck_1e42b8ec4d4f45c5,0,0.07673659676397737
ck_870b6e30acc6ece0,0,0.5393101928776592
ck_c7d428355ba46241,0,0.8931063955752468
ck_248ddba0f3cf3571,0,0.24151834427409757
ck_08e552ff401d372d,0,0.10433484586023552
ck_55b99ec4198ea1d4,0,0.15549257863915428
ck_1e9cd9b3505a22c4,0,0.8338710688692813
ck_edd7da01578fe492,1,0.9725362059831376
ck_6fdf690ee5255e22,0,0.5189817244239285
ck_0930f062b1a448c0,1,0.9071075265052692
ck_2f323405d1cc63bc,1,0.9784597898711825
ck_1226e788ef2a15f7,1,0.9437259671494621
ck_5ba826202756d1a4,0,0.015751196865213098
ck_e97a9e9a0fd4dc8b,0,0.16478174565406772
ck_efdd9a438df50bde,1,0.9728054645012008
ck_1613e665629dbef5,0,0.685782868374046
ck_a2c4d167228528f0,0,0.36187363619572055
ck_9323822ebb878677,0,0.441706625305936
ck_1c576a005ecbc36d,0,0.26346231545383875
ck_dc613cf6974ca95a,0,0.7657504884948375
ck_e0ec902b9e9ce693,1,0.9534191583692716
ck_5c22c5ccbdd6edf3,0,0.16989751846111012
ck_14be5292df14bdcc,0,0.5530420049417086
ck_5b4c2cecc042e4af,0,0.8597191987571534
ck_154272eb3de4cc96,0,0.6486261944747751
ck_2488a0ac4cd3625f,0,0.3159663040183628
ck_ce684cd97f9d0436,0,0.6464721854040966
ck_326a00f47fa275ad,0,0.8890676293574492
ck_5fdf4fe2c4cd3836,0,0.768173750692494
ck_7300d219df06f58a,0,0.42568617728054153
ck_67600b58541da557,1,0.9283784584692971
ck_3d651fb51d601c7f,0,0.1856487150358393
ck_ad0bd2e17249de4a,0,0.36779716591347195
ck_a00b51c32ee5dec4,0,0.3362947834619732
ck_5dd4fc86e1dac54c,0,0.36645090847209816
ck_968637c225e44882,0,0.6696277979187609
ck_8c02cae731a1d1f1,0,0.4520727961250595
ck_f4ba06f2953ff572,0,0.24071059147286986
ck_18090ffba80e7341,0,0.8061381817782678
ck_9796c0809d909a50,0,0.19439937922961248
ck_9977f39dd0e0c8e2,0,0.002827138028123946
ck_92f56e4810e08b94,0,0.7315555801501273
ck_32561535d04851e9,0,0.24178759305899028
ck_3145189a04191e07,0,0.3847599912671751
ck_330dc185d4cfe4ad,0,0.714054244546566
ck_28ed5d7c07cfb8cf,0,0.2913298193816642
ck_bc38b0f3286eee65,0,0.16908976425090821
ck_8a561821b0bb536b,0,0.637856144069637
ck_cfeee4016f167cce,0,0.04011843148922115
ck_a32faa2630e5dc0a,0,0.2730207337445537
ck_7494857205d3b1bd,0,0.8478721584681989
ck_66124867c75b6a86,1,0.9873451414332214
ck_7841e5ea9515dc9e,0,0.8010224121931606
ck_daf7e1fd3d95f5af,0,0.009423793163246447
ck_f119dc375ff71e50,0,0.490306469779979
ck_ebe6e0a16de1f029,0,0.6544150970914304
ck_12baefd1039fd7d3,0,0.05533112557918797
ck_93d03417f4f2cfd7,0,0.43941798807452276
ck_7dbb514513a313da,0,0.4324174567486978
ck_e42e95c0167b667a,0,0.6408179124828726
ck_7f0d6f48a8a3f4dd,0,0.4098003549264295
ck_41b16a01e47461e3,0,0.45476530845876423
ck_e18b54463dca4c02,0,0.3691434213545721
ck_2c5cfa809f22dcda,0,0.5783516224683803
ck_608053ee70783e0b,0,0.23128679565677165
ck_118c858c074b72ae,0,0.3999726844726431
ck_dca0d01e25c6e274,0,0.7574037038864886
ck_6c62119630a2a827,0,0.6962836619659963
ck_7bc0ebe1cb529b67,0,0.7859443360861565
ck_b48bc88b905b2486,0,0.7541726814106205
ck_0d008455d7b2f83c,0,0.8295630485695006
ck_03d8ef3acfa4db47,0,0.6292401039014174
ck_a953b179e252e1be,0,0.9493803430638998
ck_c73cde870a65af3f,0,0.6006994726200009
ck_3ba28ec3de8e3db8,0,0.914915806161878
ck_1c27fd7cb04ff01e,0,0.772212523665858
ck_8742cccecb4064f4,0,0.6507802038921802
ck_2bb512b98c5c8599,0,0.9604197734404767
ck_3eeb9276ff4ac9cb,0,0.7862135817219118
ck_75049423ea12a4c3,0,0.735325094210646
ck_f2ebd07071f53290,0,0.5516957515078261
ck_7b4a05b323da895d,0,0.6252013351143586
ck_7002254c89013b10,0,0.25417314829958043
ck_2e896ba59a7975a2,0,0.741787122671806
ck_07d8bea9a02d13dc,0,0.5836020221503667
ck_ddafaa7caa2fb676,0,0.5923526865862706
ck_8e3ae0718078f385,0,0.7490569139837452
ck_6ea8c40e1eebc3b3,0,0.18605259079263264
ck_67e7da8fcd75842e,0,0.15293469560737252
ck_2ed7cf7886d28386,0,0.7498646645414885
ck_4aa73e387fc2bf77,0,0.11389326562878184
ck_e5286d8941e5c3f2,0,0.1467419135824206
ck_3b5daa5a0ef094a3,0,0.8581036907971566
ck_1430d5ee8b07ab72,0,0.03284864880702882
ck_d48754ee04f5eb36,0,0.4566500669024339
ck_1f14da2bd96b78b2,0,0.9321480141924872
ck_8bcec0b37a7f01cd,0,0.6340866255812759
ck_071c60dfd9a34f12,0,0.3529883468104255
ck_c8b0dc97a628dae0,1,0.9531498782493985
ck_2142fe1546125af4,0,0.8349480819489757
ck_b6e8643f8e4cb9ee,0,0.4079155985935848
ck_913894e1c8583d02,0,0.7654812327264456
ck_cf861b32a244668e,0,0.31152365928355685
ck_0ccff3e9384d0925,0,0.3904142687692595
ck_52ce44d01366cff9,0,0.8796438099262877
ck_59fe9f9ceb46042a,0,0.740710119061641
ck_e200f3df4b088a74,0,0.4504572883084594
ck_0f33b60f1fef0db5,0,0.4752284003647772
ck_fb4396c13741e638,0,0.7256320498525819
ck_5cae73cabfa3f6a3,0,0.20961207593961542
ck_0d9a1aa6292cb74e,0,0.12708657447472085
ck_55a0a9628567d236,0,0.5266553873373642
ck_da3377bde2ec9194,0,0.7246896687622132
ck_1b2b5a7321fd96e4,0,0.03796442271816367
ck_9045354f00e92239,0,0.11389326670541774
ck_418e41e2226c7245,0,0.9278399657645517
ck_d5e51a083a0ef3a3,0,0.04577270798322987
ck_586ea27f63bb11f3,0,0.3015613634865344
ck_27ec22b644e3b430,0,0.6903601350037617
ck_7d0df440124c93d1,0,0.6892831406544976
ck_4198d5c61b7609a8,0,0.498922511428294
ck_17d7081cec0454a5,0,0.19184149536078365
ck_c11d29713f77849e,0,0.4628428445682732
ck_fe895a6d092c2065,0,0.7999453968018837
ck_a3b0d066ad2a58f7,0,0.690360141236004
ck_a15d43e4067b9799,0,0.1467419136108789
ck_ef22893df0531817,0,0.6934565245616245
ck_480e28987b5372ee,0,0.19170686719105529
ck_0840ca2f4e5d1c4d,0,0.6230473244991399
ck_91f8b7f8353475f9,0,0.055061874929089545
ck_b7b4f4561a6911a0,0,0.7013994469036152
ck_321397933afbca12,0,0.5578885282494204
ck_cd73b9d5f37c8458,0,0.25605791090915286
ck_f5a5cbfaf103b1aa,0,0.5446952182058947
ck_58b51195befdc90a,0,0.10420022181513676
ck_d433646aef1529b5,0,0.1577812147622813
ck_b9079f51903432fd,0,0.6658582721295657
ck_638e61d382989385,0,0.24474935712365062
ck_b2322a25b900f8ef,0,0.5511572465232316
ck_5764b25b905ede53,0,0.47926717111382794
ck_876a7a578958e869,0,0.7267090556058485
ck_8966dda4bb044c2f,0,0.22724802676095346
ck_1bbc809e02fba4b0,0,0.5306941543265173
ck_3d9785858a23d82d,0,0.564619808679453
ck_8c493437b8dddde9,0,0.7094769746201
ck_291365116dbcfc0c,0,0.08939140491989851
ck_4d6b07854c1cea1e,0,0.23882583006655617
ck_92c7ba0f8b84e77e,0,0.770866264498901
ck_095f57b9b97523db,0,0.16505099680908633
ck_323c5c672cc5e926,1,0.9803445574204198
ck_a91800f9f4863561,0,0.8093691938453684
ck_69605007a275459d,0,0.3344100174980379
ck_2559423f37360ac7,0,0.7162082562864849
ck_606bdf9c18b3855d,0,0.4820943083629994
ck_0e5644b6f202c28a,0,0.14997293006528187
ck_bac5845c0e1bf07b,0,0.4341675900965857
ck_0dde5773b7b8126f,0,0.5304249044686716
ck_be1fd29bc93c82e7,0,0.3397950367331787
ck_a4e449ced1212469,0,0.5721588420256459
ck_41200b7ca64be6a7,0,0.7697892549078936
ck_a4a8f0fc98137e11,0,0.5340597937764522
ck_4cd870d1657502a2,0,0.4334944635962204
ck_a5ecad1081bef1e8,0,0.6219703223802826
ck_b46082699a9c9b8e,1,0.873451022708189
ck_31a17ea420d4644c,0,0.5288093982241683
ck_5202bd69a13fbbc0,1,0.9466878063819187
ck_de7266086ff18a46,0,0.4830366872898977
ck_1eb31ea5200408ba,0,0.7086692227335397
ck_90f36656e3e0a023,0,0.6427026734965929
ck_4895b4794d6e6b31,0,0.7738280474370428
ck_e6028b20bd70c113,0,0.7924063640196513
ck_e958e226a6b8e6dd,0,0.16222385818693902
ck_d44aeaea11262214,1,0.9911146788400338
ck_4524b4f505007ad5,0,0.7950988744005407
ck_104197a3da290530,0,0.3109851591391707
ck_e8c414210ac8ee9d,0,0.5554652658627524
ck_e14e021a2a607abf,0,0.5274631462097268
ck_d3f2bd60ab640e8d,0,0.28971431112366214
ck_ec3d5d188e009f6b,0,0.6744743115112024
ck_f75a0bd5a0f8735f,0,0.5945066979662169
ck_ca4a8e9b76066085,0,0.458804076116864
ck_8cac146a01259b11,0,0.6540112212836717
ck_544fbcf79e931047,0,0.7711355147746044
ck_6c1c8ec514f9c037,0,0.5110388141919499
ck_76bfae2efb2f2f96,0,0.35433460194514027
ck_3170b36dc6c45996,0,0.7054382076103529
ck_bd799cc37c580461,0,0.38247135595401155
ck_de234c3690213c7e,0,0.24071059396486869
ck_4b1cfc9cb57c5552,0,0.5344636705025725
ck_33cc85eec07bf452,0,0.5805056309497263
ck_2a238ec6dbc3face,0,0.8906831517476519
ck_ed57ddfe616f006b,0,0.7498646626384813
ck_0df4375267d4944c,0,0.43887948709498487
ck_b7723df36e960e88,0,0.47307439618764163
ck_4c8f7c441a9527b6,1,0.9776520299671795
ck_4cafa4a6f2459c50,0,0.6424334157593081
ck_a03514f5252db85d,0,0.3941837849550286
ck_3605e05ea6fee2e7,0,0.28352153300828326
ck_974f7840f01e6f9a,0,0.35433460201721256
ck_b75b92a1db8baee2,0,0.2444801055296002
ck_8e9458586082c582,0,0.5713510920805354
ck_45db7638117b4664,0,0.5807748855059248
ck_1b2588f69b7929c7,0,0.5926219384564286
ck_da7072680037efaa,0,0.8295630420773604
ck_a829e7ac527dc255,0,0.6192778105402619
ck_f20c24996cc80424,0,0.4970377522193848
ck_032f6ea21bcc44d6,0,0.09894982241535029
ck_609a7d1219e47cde,0,0.562196552167656
ck_6afd3bc7810942af,0,0.6117387737190364
ck_fcd3e15fb5e0f9dc,0,0.9141080530924528
ck_c8d207742181c5d8,0,0.5072692999216198
ck_434870b8a67a8426,0,0.06744742968455145
ck_26acc8be0bb9d8c0,0,0.4317443284273048
ck_dc9ce8cbd305926e,0,0.7555189426827965
ck_79f6ecd48a23545f,0,0.34006429027994634
ck_cf3c430f83e051cc,0,0.4407642438682516
ck_f089cb634e530baa,1,0.9227241307927387
ck_e89696fb084ebc89,0,0.8750665392610111
ck_16660a63b8b36641,0,0.10285396511297569
ck_d3b021c6f9cacb61,0,0.17932131033701476
ck_73dfdb6154749a39,0,0.06542804586014495
ck_6b44ca33e112b1d3,0,0.5724280960446543
ck_13a0fbe666761b49,0,0.27894426114712784
ck_a47df7b6b3b81be9,0,0.3340061355449381
ck_5a22cd36600db67f,0,0.6252013357842267
ck_442aeb8e214c1bb4,0,0.1763595495615476
ck_64e291a95b635809,0,0.4259554267693023
ck_e9ca0bfa99bb4d56,0,0.33414076264022563
ck_74f206fd77e110a3,1,0.9550346944265082
ck_a5a9ed09031d8db4,0,0.3346792628266273
ck_f5cc52e7b83bacde,0,0.4139737473634963
ck_ed00b4ec74ec187b,0,0.794291119886498
ck_437dd1510f65fde7,0,0.7864828401684072
ck_6c82866bc3d6409c,0,0.634894379916577
ck_1958ae3202415f42,0,0.06085077516777991
ck_1d6769d356177a03,0,0.6532034707076964
ck_4b1382d876753723,0,0.30263837321940934
ck_b797968fdb6088df,0,0.04469570294324704
ck_1e800a125db5b396,0,0.6558959778619567
ck_21e03894514ac61e,0,0.6214318234566535
ck_24676025d8c65648,1,0.9940764453804771
ck_428ac15f21d49bc1,0,0.02800212679397686
ck_eb390768db44c5c7,0,0.8303708008064414
ck_e4284e0a126035c4,0,0.6895523838117928
ck_7bfbcf7764be5f7d,0,0.6039304933022571
ck_ab529638ba0900f5,0,0.10581572848501146
ck_82b628e294128922,0,0.8139464732772239
ck_6e6f42cc85a02080,0,0.44022575253889207
ck_2bae2abbca3e3999,1,0.9693051640371921
ck_59fd76bf8d3ebd64,0,0.6844366079707308
ck_2452ea04726b8ae1,0,0.421378161427201
ck_8d7ccaffcb1afaab,0,0.32767873269195413
ck_67b25e9084ebaaf8,0,0.15643495970981358
ck_6609220ada441d88,0,0.8928371455227276
ck_422577508eb774b8,0,0.6731280584179485
ck_10f7bc2278d1b312,0,0.13758737425258669
ck_113c87670a7040f7,0,0.9655356220366837
ck_f7100769b3c1a6c1,0,0.17743655366578545
ck_d1a55c8ae6f4e7ca,0,0.2182281124906693
ck_f3de4378280a7d52,0,0.6233165841749617
ck_2c86d0a3f92dd6f4,0,0.1292405852121574
ck_21895cf22ee983c2,0,0.34652631789832056
ck_05dcde033f6c4af6,0,0.38233672949686526
ck_e33d56cc7cd2a5bb,0,0.7711355098854535
ck_72b064149615efc0,0,0.5393101924197823
ck_0277e18e8035c722,0,0.8115232045066618
ck_876ed074cf7671c6,0,0.6198163180300836
ck_45e553e5b750a705,0,0.6857828656261397
ck_2572425dc385c19e,1,0.9701129386289155
ck_f0df511999cafa6d,0,0.9135695715346398
ck_3fd09b6dac70b370,0,0.1739362874619809
ck_f13e162bf329fb0d,0,0.20893894656844192
ck_72790968b89f5bbf,0,0.5877754160104919
ck_39ffaea293c60efb,0,0.8791053054848279
ck_1834c5d1393b83c5,0,0.40091506391910625
ck_210e8021b93a0c1d,0,0.2673664625585863
ck_5f91cd7554fd1274,0,0.2922721958269318
ck_72f100a3949846ab,0,0.5783516208578764
ck_fb19a747b1ca985f,0,0.006865906256161077
ck_071be00ec0cf7055,0,0.8193314984733642
ck_4427910222925d26,0,0.5775438671911723
ck_29b5d012ae8057dd,0,0.7428641291795444
ck_ec86c87ea3a8fe40,0,0.4380717324143101
ck_fa207ab2a0283947,0,0.33104437176457757
ck_2ac680dddacf0ee3,0,0.1001614533654251
ck_ea76c20f6a5ddf95,0,0.5624657993090487
ck_7ebb51fe91246cf5,0,0.46176584073577465
ck_213fcc239f67793e,0,0.3306404962712513
ck_abfe71734700d953,0,0.348007198887788
ck_68e57b47691d4191,0,0.39633779326983937
ck_89888ef4cb5ab669,0,0.8408716200977236
ck_6a0a78f19df5ad9a,1,0.9876143602138462
ck_10d3cf78050de7bc,0,0.7778667961909311
ck_c17cc8f969e5ed23,1,0.9033379842331223
ck_4995b926cfe6019a,0,0.8785668139915056
ck_a5e35af1f3d2207b,0,0.23290230447232563
ck_6e9be1a2d0e537a1,0,0.19170686748371446
ck_a4fc6701eceed03e,0,0.7673659991572754
ck_02bec476a4f56ecc,0,0.5872369126479436
ck_fdcfdfd51aaa43d8,0,0.7159390054765491
ck_2ef350b471b298a2,0,0.02423261014656273
ck_4320e105cd53a0bb,0,0.3069463881899962
ck_09e4f2e529f494bf,0,0.560850292775525
ck_2c310cbe904a50ef,0,0.26117368070955405
ck_7dfbd111aeb6b13d,0,0.8144849703419329
ck_d341613f15354fe7,0,0.8809900705815674
ck_8cd2f960812669cc,0,0.16558949914473994
ck_b2b9a278dbf2d288,0,0.3887987580133258
ck_6ddfe552d4c5e14d,0,0.6655890246195084
ck_667d6c87270e910f,0,0.08871827611805078
ck_248140e42866269f,0,0.5980069636952849
ck_a983a93664ce9ca0,0,0.3022344923848149
ck_c63ce85da5e415e9,0,0.28338690546943107
ck_bb4d83118519fc0d,0,0.18295620600061663
ck_cccd2bfced5710bb,0,0.6637042889471325
ck_81442c7b1ac58cf2,1,0.9894991785420493
ck_2c90cc902bd2b774,0,0.9402256807332271
ck_b35587a12ec43377,0,0.32040894773758144
ck_773fa184affa5680,0,0.8820670917296645
ck_8e05fcbf74ee164e,0,0.6628965088751104
ck_6a9a4713af1cb8bb,0,0.5726973448760561
ck_f93905ee30ed3657,0,0.8976836828264051
ck_d0278e10307410e3,0,0.07175544925834357
ck_7dd25c5cc12e8800,0,0.8150234744108414
ck_57d3f0ebb8fce433,0,0.8562189743743692
ck_82c3462ea50e842f,0,0.4846521934232217
ck_cfb71954aaa20eb2,0,0.03890680115949449
ck_20b362d85cee6758,0,0.5893909235961307
ck_97e6ba4c9e0519c5,0,0.8260628027820346
ck_bd65889c8bcedc62,0,0.46015033382162746
ck_62ac8fa182ef1689,0,0.7162082543275232
ck_2f5359fb0038d677,0,0.4466877723457851
ck_88565ff42dd172ff,0,0.6475491879069926
ck_395ab931cf8766c4,0,0.3529883481480007
ck_ee3117f9deda69af,0,0.7565959460475452
ck_45649ad031b5da3a,0,0.5729665970791017
ck_55f032d6cf18b6e5,0,0.8543341874199962
ck_552033fca89bb79e,0,0.5726973546191836
ck_a404abb0c58382a4,0,0.24851887311211798
ck_8be4011b99bce80b,1,0.8809900699396038
ck_86ad58aebf77b1c6,0,0.7016686880456257
ck_0fdd956021da2ec1,1,0.9859988866374986
ck_e0b028f6c17f31f6,1,0.9946149631305417
ck_5f34b09aca627e8e,0,0.3758747044699517
ck_a4255b9233c7d53d,0,0.6952066581876581
ck_08a3c8e8817c57fd,0,0.3995688128155973
ck_5614c3ccf41d4dac,0,0.6031227377665799
ck_bf26308585ce5fe6,0,0.274097740274088
ck_b089e5e99aa8752e,0,0.5320404097114316
ck_62b440b2e08e4d18,0,0.2747708667771238
ck_a9cf7323c6d5971b,0,0.6817440961834328
ck_f4c1106cf15527aa,0,0.48384444013701855
ck_737a8386ea3fc093,0,0.17649417168774056
ck_187c4f4721cdecb8,0,0.7784052997591333
ck_062e451348cf832d,0,0.8971451789663977
ck_6a6d26b3ea549a15,0,0.8812593448215912
ck_97feaea2f7f4df95,0,0.3309097465578906
ck_f19d9276bcf45e12,0,0.2902528140507342
ck_5e03da9d300b2a1e,0,0.5525035037209957
ck_828f05336b89a704,0,0.3306404961693847
ck_ddffb1eec901dc74,0,0.6086423841542375
ck_c2616c7e2e45a76f,0,0.6445874238136905
ck_fcc087aba8f6c5ed,0,0.36335451767385923
ck_ec6ce546b54e3a5a,0,0.28863730707130586
ck_0dfcec50656451fc,0,0.6693585385266806
ck_a60dd0b6119bdbbd,0,0.2092081953361195
ck_f02614ab5b26bc24,0,0.12183617549276088
ck_0b3cd75ad25f47f5,1,0.909261527147943
ck_32afb201fae486d5,0,0.621431818558815
ck_d7f6e802c8449cbe,0,0.4046845826036534
ck_992b7d88eeb059e3,0,0.4193587763152896
ck_c198d3b66286f7cb,0,0.5463107289495255
ck_87c815704e0d915d,0,0.4017228188934837
ck_43603cfd2dc89092,0,0.46391985094718424
ck_98240eea6fac9433,0,0.8879906142262176
ck_693ce9845e66c6b1,0,0.0794291099388506
ck_2e022287b27c17a9,0,0.177975054097669
ck_22bfa88d9df1c976,0,0.02907913197756773
ck_4428696549eb3560,0,0.4921912275926599
ck_f88084dfc9ff930f,0,0.5208664841516794
ck_972bc8aded89641d,1,0.9787290391442262
ck_51ce1186923e99df,0,0.7856750822567352
ck_96799b28448faccd,1,0.7932141238712956
ck_d3e953e6243e5014,0,0.4025305727202515
ck_07eba6d8facd5aa3,0,0.27490549257847036
ck_6fa5415692b60d2d,0,0.6375868994846021
ck_dd65d18108010c50,0,0.6742050602365539
ck_0afd0f1c1036d724,0,0.0675820554875273
ck_b96912d83251038c,0,0.2008614111122683
ck_4c9b4d17cd5dbb3e,0,0.3647007738799194
ck_9706a8d42d9be07c,0,0.7926756194154454
ck_5e38ef8aec810154,0,0.3570271160224096
ck_b6e753f302621521,0,0.40549233506531007
ck_8fc315ce96448511,1,0.9130310466144297
ck_450dfe85537cf485,1,0.949380349487232
ck_a5e7262919e516ce,0,0.8414101036614966
ck_40a4ceb5898da4ac,0,0.05102310575041074
ck_d5e309f7be6c1dee,0,0.3007536142278772
ck_dc423ec19fdd0a50,0,0.16181998193091784
ck_b01294ae1f9dc175,0,0.43430221640444017
ck_34d750e14d2c7082,0,0.7350558505420639
ck_45300261b89d835e,0,0.44628389455530343
ck_ba80a6f2f2eb6e43,0,0.3209474522033518
ck_b5d1a6c893d6188e,0,0.43995650929999836
ck_fb0f04eef8621871,0,0.9388793838171486
ck_9e877d59c5ab5731,0,0.49353748369328015
ck_6451a1d5c78a0291,0,0.03432953111187703
ck_cd61a630ced57fc0,0,0.5045767865283128
ck_747d12c3b54a3d77,0,0.18039831524084646
ck_8625609fb0bcc5e6,0,0.3669894092543753
ck_09be02f27fafdb57,0,0.09477642824833397
ck_02ad591212a619a4,0,0.36806641626743786
ck_7f3c6f083e1fcdb0,0,0.27894426169586484
ck_9cb7c81842c79b28,0,0.08346787735651995
ck_6602079845ac3b7c,0,0.21742035835934287
ck_acd788a2d7d2145d,0,0.22603639603092945
ck_82a0e535108ae469,0,0.07256320354700733
ck_8b7ef3f05b08b126,0,0.05385024469450188
ck_a2d83c60c5b756b9,0,0.07431333639017401
ck_d695c1115c7be8d6,0,0.7797515534682415
ck_21c1879df7b007fd,0,0.4955568680577757
ck_5c399bbc1784a518,0,0.6550882222956308
ck_e92d338b11024bb7,0,0.24367235330712125
ck_f98905dadf0084ef,0,0.1654548719576815
ck_c5fa3a188fd4cdf8,0,0.17285928280747379
ck_ae5717e19521001f,0,0.9205701070885772
ck_9cc4494a0e0dfb34,0,0.46041958570729624
ck_f1da74bc4b22bb36,0,0.6946681541591155
ck_ec05edab5848d2a4,0,0.09073766128370209
ck_623114861066ef7c,0,0.5250398778524896
ck_a00e6e5df926f868,0,0.8874521103510143
ck_5b80013f21eeed2d,0,0.17770580312774606
ck_0d45cc1c43e37563,0,0.44130275201047975
ck_592c413a9ffc32c0,0,0.5341944215943194
ck_877aa738b64147e6,0,0.2977918477952112
ck_38a6d9ab7c6d3c79,0,0.5928911909752393
ck_c71540ae36448de9,0,0.863219471545358
ck_b4b5cb6a069e20f9,0,0.11873978642437878
ck_e048bf9142162797,0,0.6661275246437756
ck_527c0e09d9eb1b7e,0,0.5971992095391133
ck_119f480b9ad984a6,0,0.8823363370304209
ck_81464bc6b264a69a,0,0.6074307545640418
ck_b20cfad2dcc54206,0,0.2697897223456646
ck_870f6622b3c207b3,0,0.37048967818056755
ck_aa24e2d7dbd6c682,0,0.2162087271071424
ck_2cae8906eb5786e0,1,0.8957989145075584
ck_9993edf5ae3a48b3,0,0.6830903511190792
ck_7111f7df36b4da12,0,0.6402794056353425
ck_b201c3ca5cfe468a,0,0.14512640716370415
ck_2eaed84b56d53875,0,0.12170155076227666
ck_1a4a9d1fa87e464e,0,0.16707038029289703
ck_fa837df917b5af63,0,0.32983274501989535
ck_f5d459d3ed2666f3,0,0.6960144114065786
ck_443ff20a29284ba0,0,0.1911683644867706
ck_f39dc83807f3e59c,0,0.6755513178148236
ck_e3c96edfb5fb44c9,0,0.14674191595686817
ck_6036560d1bec3e87,0,0.3389872850238813
ck_94801cfc75343eaa,0,0.09046841042742113
ck_a2019907b85e6d7a,0,0.31206216032789974
ck_ebe425a7fad825ca,1,0.9671511412300333
ck_000c95f1408dcb00,0,0.3807212240822033
ck_e6c88373e461fe9e,1,0.9353790707696265
ck_43caa5b6c042f104,0,0.7172852588693891
ck_07ddf044e280435d,1,0.99676897814079
ck_2561c4dcd53ab64c,0,0.5223473646645711
ck_ceb30816cc77c385,0,0.07539034083079965
ck_8b8bfe364346c634,0,0.8422178695515472
ck_deb8cbc61b4ac3c4,0,0.43645622657109717
ck_45556515e5688bed,0,0.6558959766184146
ck_5f45ea9d40cb058c,0,0.8126002090982613
ck_fcaed6ef823b0b11,1,0.9334942931738406
ck_ac9d45a618a372c2,0,0.35056508472916365
ck_9f945a094486169b,0,0.12237467895430536
ck_2a80b3decab8506b,0,0.4100696056260475
ck_ddc42f5f13f3ebf7,0,0.3508343403162872
ck_1ff972630dfe7861,0,0.3535268504296764
ck_2aa15120831b87bb,0,0.7956373779564783
ck_12b427b6ec458d3e,0,0.397549425273097
ck_fffa4b3ab0203fcf,0,0.4483032795413947
ck_539b027733171c8b,0,0.3636237751079036
ck_b0ecd17c1dbb4c6c,0,0.7897138484986477
ck_99ba4e28d5fab13d,0,0.21742035770798168
ck_cd6fd7813a575724,0,0.922454876187822
ck_61b9724dd16a5fe3,0,0.43591772764248427
ck_f0d17e9dafc613d7,0,0.13139459449893878
ck_08ec3f702dfd03a5,0,0.6820133582216142
ck_d9b99e011e12e995,0,0.31058127884296927
ck_23c1e6ef95c432a9,0,0.5759283598712617
ck_37f9a406eb425871,1,0.933763555400415
ck_4f461a7f21c880f4,0,0.167205007446799
ck_f8e73849a0747d00,0,0.15858896649855597
ck_224fe5c266947066,0,0.42918644183445526
ck_b1618a4472f01188,0,0.5142698283417476
ck_53b800c88c3f05df,0,0.7046304546365301
ck_976a6a8b96ce8f76,0,0.8072151878755814
ck_4a12aa108435ae96,0,0.3025037461883068
ck_4ffa914ff08f7706,0,0.10339246699567688
ck_bebc408bc4c5534b,0,0.30021511042833693
ck_109dbc6ee888d8eb,0,0.24407622897328038
ck_f7d0e4f9bd08387f,0,0.2009960345170032
ck_780737392fe1f6c1,0,0.17662879854376073
ck_0cae95b72240f6f3,0,0.8823363331708924
ck_d1cb157c2d62bf73,0,0.03715666858629723
ck_57bd8c3cb2086cdf,0,0.20543867835896829
ck_8a8f847145f2f51e,0,0.11604727387113632
ck_229762b41b16de03,0,0.6787823323834571
ck_6fbccdd386eaed79,1,0.9886913698830518
ck_4ef5725cf8b7080b,0,0.8548726787411551
ck_8a43c0d117170c8c,0,0.09773819337819235
ck_97571edd22bbae45,0,0.13381785588809994
ck_e6fc29c1080cca64,0,0.7528264253036656
ck_e7c8f7ef4b49b5fa,0,0.20207303955976605
ck_af7cad6094d79d34,0,0.7909254811495935
ck_6b5244d9689f4055,0,0.7175545109039976
ck_832378b5052fefe0,0,0.5065961682140429
ck_5ed0a50e49b22ef0,0,0.7967143907118998
ck_2f9c4515ac59186c,0,0.031906269858442256
ck_22521bf721fad49a,1,0.9644585746585894
ck_85c1bc5b7075bcb6,0,0.4963646229873868
ck_b1a3845428c26fdd,0,0.28352153355960635
ck_644bdc7500d8d58a,0,0.5562730292346585
ck_947b3f25868ea86e,0,0.21688185473400137
ck_f26f4867f86e4740,0,0.6838981114361596
ck_c90ff7275aa3eee3,0,0.22724803077658565
ck_c20f63da2a0ac6ee,0,0.2570002929502714
ck_4384a0df263e686a,0,0.5770053691830487
ck_97a4a1d0b9452c6e,0,0.8901446217504227
ck_4ee858883337f23f,0,0.9114155452493221
ck_b2a7ecc22a5fcaaa,0,0.6133542802884877
ck_916db8e7f1dced2a,0,0.3169086827468964
ck_1eecc28a2aef1f61,0,0.08858365140990741
ck_b1adc85099d0e526,0,0.19601488672137524
ck_0bc589a9e2569abb,1,0.6268168441179987
ck_2b800dd5671cbffe,0,0.04200319098614052
ck_7d5ce34f3557c3b4,0,0.6117387737171095
ck_70a15dc39edc5932,0,0.43834099069722476
ck_397369b0f61a4fde,0,0.2804251419763364
ck_0ab91ab3a22b73d1,0,0.5670430705792854
ck_317c56541544b2ce,0,0.7011301847680287
ck_49a489681bc1f76a,0,0.4924604809857042
ck_2d599fed18772e3e,0,0.5002687657861856
ck_298c062c439a6333,0,0.7339788360755402
ck_873c79cb9c5349ff,0,0.035002658974476235
ck_a9b41ada61fe263b,0,0.3244477180260479
ck_9dd36b41ba6522cd,0,0.07848673040338804
ck_c05e080bfdb0ba49,0,0.060985401885837454
ck_e7cdb997e5718824,0,0.11941291533538634
ck_c6d8ad4872cf81e0,0,0.6661275341248302
ck_90b6ed0dd8e1d7c9,0,0.4378024814108987
ck_87d19202aaa98c02,0,0.30263837375767894
ck_c2302150a4656647,0,0.058023637355416206
ck_086fa87142935773,0,0.4550345591651416
ck_0917267384a4da45,0,0.773289527508058
ck_1d0cf89087145f4e,0,0.47105500673142914
ck_b5dd88d9d40145a7,0,0.6631657596089359
ck_d526603777d5d629,0,0.39741479704781163
ck_ca5f38a0a56dc0e3,0,0.08696814406017059
ck_fde971de54688738,0,0.4617658436250146
ck_6184c693d5997628,0,0.7563266994884235
ck_531cce28f0d70585,0,0.27315535952403364
ck_418a381d00317633,0,0.14162614040955143
ck_7b2df2908083cd54,0,0.2539039001801434
ck_9a0451a70181cd37,0,0.8925678945714789
ck_5e4873f3c5a00bf6,0,0.7189007697331985
ck_4a68a718ff52606b,0,0.963920090312838
ck_ae373297dd02d1b2,0,0.1068927329742807
ck_7f7e87a53a583aeb,0,0.17501329018711756
ck_48c82d17c9cdf92a,0,0.3870486283123718
ck_319e4a033e795d45,0,0.08131386844294286
ck_2cb5374b0147834b,0,0.10325784184654607
ck_6688ebe493b6365f,0,0.040118432277930195
ck_d0198dac6cc4731b,0,0.8931064117179119
ck_1e1ae4048148b444,0,0.41572388134333377
ck_f9dea9bf6dc219eb,1,0.9631123250723557
ck_9b4c3d0070c89fc3,0,0.6405486648711278
ck_29e964f051e82269,0,0.8220240132437778
ck_597750fbcdadc1b2,0,0.6238550813330893
ck_07d7967c76d6a3cf,0,0.17312853330027
ck_0d4b11a7e14590ad,0,0.11712428120834469
ck_fefd3681cec56230,0,0.3551423566571018
ck_b391a2aa5b7823c1,0,0.6292401032487998
ck_f5ca5a83f614c334,0,0.43834099117961045
ck_f7d1e47d8162cd6b,0,0.41680089066450804
ck_d87baa3cf5b35610,0,0.17514791930251725
ck_323eadd474798cbd,0,0.8427564188319077
ck_1e32aaffe699f88c,0,0.9044149827269061
ck_2256c19bb847dd0e,0,0.5271938919014176
ck_ba2e403201cba06d,0,0.07242857759487244
ck_2f43054a1f52b9a2,0,0.2727514848840592
ck_354f57a870e41ddd,0,0.7167467602468556
ck_5b2dddfd766176af,0,0.7417871346183453
